Date,AAPL,MSFT,NVDA
2004-01-02,0.31823840737342834,16.809646606445312,0.1759258657693863
2004-01-05,0.3315483331680298,17.232177734375,0.18164268136024475
2004-01-06,0.3303515613079071,17.29341697692871,0.18903706967830658
2004-01-07,0.3378294110298157,17.275047302246094,0.19071370363235474
2004-01-08,0.3493445813655853,17.244430541992188,0.1913997232913971
2004-01-09,0.3439604640007019,16.938243865966797,0.19414381682872772
2004-01-12,0.354877769947052,16.883127212524414,0.19635462760925293
2004-01-13,0.3607099652290344,16.797391891479492,0.18621614575386047
2004-01-14,0.36190664768218994,16.962736129760742,0.18484416604042053
2004-01-15,0.34171780943870544,16.86475372314453,0.1851496398448944
2004-01-16,0.33977317810058594,17.030094146728516,0.1879696398973465
2004-01-20,0.33992311358451843,17.207687377929688,0.193229079246521
2004-01-21,0.33812835812568665,17.330156326293945,0.18431086838245392
2004-01-22,0.3316974341869354,17.15256118774414,0.18004201352596283
2004-01-23,0.3373805284500122,17.440385818481445,0.17600266635417938
2004-01-26,0.3441103994846344,17.636348724365234,0.182938814163208
2004-01-27,0.34500741958618164,17.299543380737305,0.1724957376718521
2004-01-28,0.33678263425827026,16.968860626220703,0.17203843593597412
2004-01-29,0.33917516469955444,17.091337203979492,0.16700759530067444
2004-01-30,0.3373805284500122,16.932117462158203,0.16959983110427856
2004-02-02,0.33379116654396057,16.77902603149414,0.172343909740448
2004-02-03,0.3328942060470581,16.711669921875,0.1717338114976883
2004-02-04,0.3258652985095978,16.54020118713379,0.16708441078662872
2004-02-05,0.33528682589530945,16.509578704833984,0.16959983110427856
2004-02-06,0.3396240472793579,16.583059310913086,0.17348727583885193
2004-02-09,0.3390253186225891,16.47283935546875,0.17226707935333252
2004-02-10,0.3436616063117981,16.54632568359375,0.1785939782857895
2004-02-11,0.3559246361255646,16.625925064086914,0.18484416604042053
2004-02-12,0.354877769947052,16.50345802307129,0.17928004264831543
2004-02-13,0.3439604640007019,16.282997131347656,0.17760340869426727
2004-02-17,0.3463532030582428,16.527950286865234,0.17958462238311768
2004-02-18,0.34784889221191406,16.39322853088379,0.17958462238311768
2004-02-19,0.3360346853733063,16.203399658203125,0.1795087456703186
2004-02-20,0.3349878489971161,16.270750045776367,0.1840062290430069
2004-02-23,0.3318473696708679,16.295244216918945,0.17760340869426727
2004-02-24,0.33438992500305176,16.460590362548828,0.17051450908184052
2004-02-25,0.34111902117729187,16.35035514831543,0.1715051531791687
2004-02-26,0.34455931186676025,16.22789192199707,0.17264848947525024
2004-02-27,0.35771945118904114,16.246257781982422,0.16959983110427856
2004-03-01,0.3592151403427124,16.35035514831543,0.17211522161960602
2004-03-02,0.3560744524002075,16.160533905029297,0.1689138561487198
2004-03-03,0.35771945118904114,16.148286819458008,0.1667029708623886
2004-03-04,0.3762633204460144,16.148286819458008,0.17036177217960358
2004-03-05,0.39989179372787476,16.13603401184082,0.16914242506027222
2004-03-08,0.388825386762619,15.817598342895508,0.16327285766601562
2004-03-09,0.4052759110927582,15.75023365020752,0.16212955117225647
2004-03-10,0.4139496386051178,15.535910606384277,0.15976685285568237
2004-03-11,0.4060228168964386,15.364439010620117,0.15854665637016296
2004-03-12,0.41215482354164124,15.542023658752441,0.16190078854560852
2004-03-15,0.39555448293685913,15.407309532165527,0.15824203193187714
2004-03-16,0.38613301515579224,15.419551849365234,0.16502635180950165
2004-03-17,0.3916669487953186,15.388936042785645,0.1690656691789627
2004-03-18,0.3838902413845062,15.241975784301758,0.17097191512584686
2004-03-19,0.38673174381256104,15.082751274108887,0.16898971796035767
2004-03-22,0.38673174381256104,15.003137588500977,0.1676936149597168
2004-03-23,0.37820717692375183,14.788811683654785,0.16837958991527557
2004-03-24,0.3813477158546448,14.948026657104492,0.1759258657693863
2004-03-25,0.4018356502056122,15.425681114196777,0.1861402541399002
2004-03-26,0.4043780565261841,15.32769775390625,0.1856069564819336
2004-03-29,0.4173890948295593,15.499163627624512,0.1936105638742447
2004-03-30,0.417538046836853,15.43179702758789,0.1994033306837082
2004-03-31,0.4043780565261841,15.266461372375488,0.2012327015399933
2004-04-01,0.40542492270469666,15.35831356048584,0.19764985144138336
2004-04-02,0.4112570285797119,15.829846382141113,0.2004707306623459
2004-04-05,0.42352011799812317,15.89108657836914,0.2076355367898941
2004-04-06,0.41619226336479187,15.799232482910156,0.19925056397914886
2004-04-07,0.40841639041900635,15.67063045501709,0.1981840431690216
2004-04-08,0.41170597076416016,15.60326862335205,0.203823983669281
2004-04-12,0.4193328320980072,15.682875633239746,0.2000134289264679
2004-04-13,0.4027332663536072,15.584892272949219,0.19536304473876953
2004-04-14,0.3983960449695587,15.621642112731934,0.19635462760925293
2004-04-15,0.43817588686943054,15.444046020507812,0.18606434762477875
2004-04-16,0.4363812804222107,15.407309532165527,0.1799660623073578
2004-04-19,0.4239690899848938,15.63388729095459,0.1797373741865158
2004-04-20,0.41469743847846985,15.5114107131958,0.17211522161960602
2004-04-21,0.41469743847846985,15.584892272949219,0.172343909740448
2004-04-22,0.4154445230960846,15.89108657836914,0.17333461344242096
2004-04-23,0.4142484664916992,16.86475372314453,0.17714600265026093
2004-04-26,0.40572389960289,16.681047439575195,0.17020899057388306
2004-04-27,0.40288230776786804,16.668798446655273,0.16876107454299927
2004-04-28,0.39555448293685913,16.26462745666504,0.16807503998279572
2004-04-29,0.40034058690071106,16.21564292907715,0.16342560946941376
2004-04-30,0.38553503155708313,16.001312255859375,0.15641264617443085
2004-05-03,0.38987234234809875,16.13603401184082,0.15443052351474762
2004-05-04,0.39091914892196655,16.123779296875,0.16426344215869904
2004-05-05,0.3985459804534912,16.105411529541016,0.16563552618026733
2004-05-06,0.39749908447265625,15.995183944702148,0.16700759530067444
2004-05-07,0.39884498715400696,15.786982536315918,0.1683037281036377
2004-05-10,0.393012672662735,15.87883186340332,0.16174808144569397
2004-05-11,0.4058738052845001,15.88496208190918,0.1657123565673828
2004-05-12,0.4082665741443634,15.88496208190918,0.16342560946941376
2004-05-13,0.40662169456481934,15.982941627502441,0.16395890712738037
2004-05-14,0.40467700362205505,15.835973739624023,0.16395890712738037
2004-05-17,0.3983960449695587,15.640015602111816,0.1613675355911255
2004-05-18,0.40467700362205505,15.817598342895508,0.16395890712738037
2004-05-19,0.39585432410240173,15.688998222351074,0.16357743740081787
2004-05-20,0.3994429111480713,15.75636100769043,0.16121481359004974
2004-05-21,0.40542492270469666,15.85434627532959,0.16159626841545105
2004-05-24,0.4088645279407501,15.774733543395996,0.161062091588974
2004-05-25,0.4248660206794739,15.982941627502441,0.16807503998279572
2004-05-26,0.4263615608215332,16.007434844970703,0.1715051531791687
2004-05-27,0.4212774634361267,16.038053512573242,0.17203843593597412
2004-05-28,0.4196317195892334,16.06254768371582,0.1787467747926712
2004-06-01,0.4196317195892334,15.989066123962402,0.1785939782857895
2004-06-02,0.43249353766441345,16.001312255859375,0.17722195386886597
2004-06-03,0.42471686005592346,15.85434627532959,0.16868512332439423
2004-06-04,0.43039989471435547,15.89108657836914,0.16700759530067444
2004-06-07,0.4458026587963104,16.185022354125977,0.17104779183864594
2004-06-08,0.453878253698349,16.28913116455078,0.16799907386302948
2004-06-09,0.4516357481479645,16.20952033996582,0.16014735400676727
2004-06-10,0.4597115218639374,16.39322853088379,0.15854665637016296
2004-06-14,0.4504389762878418,16.47283935546875,0.15359270572662354
2004-06-15,0.45896363258361816,16.785146713256836,0.1558794230222702
2004-06-16,0.4896208643913269,16.730031967163086,0.15343992412090302
2004-06-17,0.4906676113605499,17.005598068237305,0.15039128065109253
2004-06-18,0.4921633005142212,17.36077880859375,0.1506199687719345
2004-06-21,0.48348891735076904,17.36077880859375,0.14795172214508057
2004-06-22,0.4935091733932495,17.324033737182617,0.15214380621910095
2004-06-23,0.5039775967597961,17.330156326293945,0.15473607182502747
2004-06-24,0.4962005913257599,17.38527488708496,0.15336401760578156
2004-06-25,0.5039775967597961,17.49550437927246,0.15435461699962616
2004-06-28,0.4858822226524353,17.317909240722656,0.1530584841966629
2004-06-29,0.48603135347366333,17.452638626098633,0.15831799805164337
2004-06-30,0.4866294860839844,17.489383697509766,0.15603125095367432
2004-07-01,0.48304080963134766,17.532241821289062,0.1488664597272873
2004-07-02,0.46479561924934387,17.49550437927246,0.14680838584899902
2004-07-06,0.46285197138786316,17.15869903564453,0.13819469511508942
2004-07-07,0.4544772505760193,17.207687377929688,0.13888072967529297
2004-07-08,0.45073792338371277,16.925989151000977,0.13461273908615112
2004-07-09,0.4490929841995239,17.060707092285156,0.12881913781166077
2004-07-12,0.43578317761421204,17.079090118408203,0.12584631145000458
2004-07-13,0.4369800090789795,16.901493072509766,0.12561765313148499
2004-07-14,0.44236332178115845,17.226057052612305,0.12005356699228287
2004-07-15,0.4924624562263489,17.066837310791016,0.11921481788158417
2004-07-16,0.48154497146606445,16.828012466430664,0.11570881307125092
2004-07-19,0.4781055152416229,17.11583137512207,0.11700491607189178
2004-07-20,0.48154497146606445,17.3424072265625,0.11936761438846588
2004-07-21,0.47287121415138245,17.673097610473633,0.1121259331703186
2004-07-22,0.4737682640552521,17.758819580078125,0.11448951810598373
2004-07-23,0.45911264419555664,17.16482162475586,0.11143989861011505
2004-07-26,0.46748727560043335,17.550601959228516,0.10831529647111893
2004-07-27,0.4849846661090851,17.415889739990234,0.11189725250005722
2004-07-28,0.48259180784225464,17.501625061035156,0.10907725989818573
2004-07-29,0.4881249666213989,17.440385818481445,0.11624205112457275
2004-07-30,0.4836387038230896,17.446510314941406,0.11753818392753601
2004-08-02,0.4722732603549957,17.46489143371582,0.11906299740076065
2004-08-03,0.4679360091686249,17.18931007385254,0.11288881301879883
2004-08-04,0.47541406750679016,17.18318748474121,0.11410805583000183
2004-08-05,0.4694317579269409,16.858633041381836,0.11098258197307587
2004-08-06,0.44535475969314575,16.619810104370117,0.07187942415475845
2004-08-09,0.45313048362731934,16.644306182861328,0.07508078962564468
2004-08-10,0.47137585282325745,16.9749813079834,0.0810263603925705
2004-08-11,0.4637487828731537,16.785146713256836,0.07866368442773819
2004-08-12,0.4541775584220886,16.460590362548828,0.0768342912197113
2004-08-13,0.4612061679363251,16.54632568359375,0.0800357311964035
2004-08-16,0.46030938625335693,16.58919334411621,0.07927381247282028
2004-08-17,0.4616551399230957,16.5646915435791,0.08361859619617462
2004-08-18,0.4746663272380829,16.815767288208008,0.08918267488479614
2004-08-19,0.459262490272522,16.60756492614746,0.08887805789709091
2004-08-20,0.46060827374458313,16.656553268432617,0.09413755685091019
2004-08-23,0.46479561924934387,16.730253219604492,0.09619563072919846
2004-08-24,0.47780662775039673,16.730253219604492,0.09261278808116913
2004-08-25,0.49425721168518066,16.920652389526367,0.09657615423202515
2004-08-26,0.5183343887329102,16.853092193603516,0.09680482745170593
2004-08-27,0.5136980414390564,16.8653621673584,0.09863419830799103
2004-08-30,0.5102584958076477,16.767105102539062,0.09535685181617737
2004-08-31,0.5157917737960815,16.767105102539062,0.09497544914484024
2004-09-01,0.5362793803215027,16.82238006591797,0.09680482745170593
2004-09-02,0.5332890152931213,16.963638305664062,0.10076906532049179
2004-09-03,0.5268580317497253,16.650413513183594,0.09771948307752609
2004-09-07,0.5347839593887329,16.803956985473633,0.095890112221241
2004-09-08,0.5436072945594788,16.742536544799805,0.09390889108181
2004-09-09,0.5338870882987976,16.754812240600586,0.10328448563814163
2004-09-10,0.5364295244216919,16.88379669189453,0.10724783688783646
2004-09-13,0.5322422385215759,16.73638916015625,0.10930591821670532
2004-09-14,0.5307462811470032,16.853092193603516,0.10976327955722809
2004-09-15,0.5264089703559875,16.699546813964844,0.10366499423980713
2004-09-16,0.5436072945594788,16.742536544799805,0.10755246877670288
2004-09-17,0.5554214119911194,16.89608383178711,0.11197411268949509
2004-09-20,0.5639462471008301,16.89608383178711,0.11182133108377457
2004-09-21,0.5684323310852051,16.742536544799805,0.11479412019252777
2004-09-22,0.5521319508552551,16.656551361083984,0.10945868492126465
2004-09-23,0.5573662519454956,16.79781150817871,0.11044932156801224
2004-09-24,0.5576651096343994,16.760961532592773,0.10709511488676071
2004-09-27,0.5612544417381287,16.699546813964844,0.10518981516361237
2004-09-28,0.5688814520835876,16.74867820739746,0.10671459138393402
2004-09-29,0.578451931476593,16.939077377319336,0.10930591821670532
2004-09-30,0.579498827457428,16.98206901550293,0.11067797988653183
2004-10-01,0.5783028602600098,17.350570678710938,0.11525148153305054
2004-10-04,0.5800975561141968,17.270727157592773,0.1185288056731224
2004-10-05,0.5887712240219116,17.4304141998291,0.11586157977581024
2004-10-06,0.6077635288238525,17.52254867553711,0.11631891131401062
2004-10-07,0.5925097465515137,17.301433563232422,0.11700491607189178
2004-10-08,0.5841350555419922,17.190889358520508,0.11060204356908798
2004-10-11,0.5771063566207886,17.233875274658203,0.11075389385223389
2004-10-12,0.5726199150085449,17.215463638305664,0.10915316641330719
2004-10-13,0.5944534540176392,17.215463638305664,0.10846718400716782
2004-10-14,0.6726672053337097,17.07419204711914,0.10518981516361237
2004-10-15,0.6804441809654236,17.190889358520508,0.1022929698228836
2004-10-18,0.7140927910804749,17.448843002319336,0.1041223555803299
2004-10-19,0.7091576457023621,17.30758285522461,0.10343632102012634
2004-10-20,0.7099056243896484,17.626949310302734,0.10465653985738754
2004-10-21,0.7169334292411804,17.540964126586914,0.10701917856931686
2004-10-22,0.709007740020752,17.037342071533203,0.10122644901275635
2004-10-25,0.711101233959198,16.96977996826172,0.10168378800153732
2004-10-26,0.7173822522163391,17.13561248779297,0.11044932156801224
2004-10-27,0.7522268891334534,17.289155960083008,0.11349797248840332
2004-10-28,0.7804916501045227,17.20316505432129,0.11227868497371674
2004-10-29,0.7836320400238037,17.178598403930664,0.11029653996229172
2004-11-01,0.784379780292511,17.24616813659668,0.11266010254621506
2004-11-02,0.8000823259353638,17.34442901611328,0.11426086723804474
2004-11-03,0.8271511197090149,17.485692977905273,0.11532735079526901
2004-11-04,0.8142892718315125,17.811203002929688,0.11746226251125336
2004-11-05,0.8183276653289795,18.001604080200195,0.13446006178855896
2004-11-08,0.813242495059967,17.983177185058594,0.13590796291828156
2004-11-09,0.8083080649375916,18.28412437438965,0.1350701004266739
2004-11-10,0.8187766075134277,18.259559631347656,0.1350701004266739
2004-11-11,0.8270012736320496,18.413108825683594,0.13773731887340546
2004-11-12,0.82999187707901,18.406963348388672,0.13796605169773102
2004-11-15,0.826104462146759,18.749217987060547,0.1400241255760193
2004-11-16,0.8216173648834229,18.56439971923828,0.13956676423549652
2004-11-17,0.8210189938545227,18.598628997802734,0.14193029701709747
2004-11-18,0.8283470273017883,18.53017234802246,0.14375974237918854
2004-11-19,0.8250575661659241,18.386428833007812,0.14452165365219116
2004-11-22,0.917478084564209,18.242679595947266,0.1486377865076065
2004-11-23,0.9162812829017639,18.16053009033203,0.1492478847503662
2004-11-24,0.9578558802604675,18.2358341217041,0.1498570591211319
2004-11-26,0.9653335213661194,18.208454132080078,0.15138188004493713
2004-11-29,1.0235075950622559,18.324825286865234,0.14840905368328094
2004-11-30,1.0027204751968384,18.352195739746094,0.14581778645515442
2004-12-01,1.0137875080108643,18.653392791748047,0.149476557970047
2004-12-02,0.9752036333084106,18.54387092590332,0.1514577865600586
2004-12-03,0.9373679757118225,18.63970184326172,0.15801331400871277
2004-12-06,0.9837278723716736,18.708147048950195,0.16555960476398468
2004-12-07,0.9405088424682617,18.53017234802246,0.17386779189109802
2004-12-08,0.9463406205177307,18.72869300842285,0.1759258657693863
2004-12-09,0.9569591283798218,18.63970184326172,0.1743251532316208
2004-12-10,0.9743066430091858,18.53702735900879,0.1776794046163559
2004-12-13,0.9707168340682983,18.653392791748047,0.17280124127864838
2004-12-14,0.9764002561569214,18.63970184326172,0.17630726099014282
2004-12-15,0.9759510159492493,18.557558059692383,0.17790794372558594
2004-12-16,0.9959909319877625,18.591781616210938,0.18027064204216003
2004-12-17,0.9719136953353882,18.454872131347656,0.17577403783798218
2004-12-20,0.9379655718803406,18.44803810119629,0.17386779189109802
2004-12-21,0.9524718523025513,18.53017234802246,0.1751638650894165
2004-12-22,0.9533699154853821,18.46172523498535,0.17539256811141968
2004-12-23,0.9572581648826599,18.489099502563477,0.17584998905658722
2004-12-27,0.944545567035675,18.379581451416016,0.1743251532316208
2004-12-28,0.9597996473312378,18.44803810119629,0.17341046035289764
2004-12-29,0.9636881351470947,18.41380500793457,0.1749352514743805
2004-12-30,0.9690721035003662,18.31796646118164,0.17424921691417694
2004-12-31,0.9630899429321289,18.290597915649414,0.17958462238311768
2005-01-03,0.9464907646179199,18.304288864135742,0.1797373741865158
2005-01-04,0.9562110304832458,18.372739791870117,0.1712765097618103
2005-01-05,0.964585542678833,18.331666946411133,0.17287717759609222
2005-01-06,0.9653335213661194,18.31113052368164,0.17120054364204407
2005-01-07,1.0356210470199585,18.256364822387695,0.16792230308055878
2005-01-10,1.0312843322753906,18.345354080200195,0.1683037281036377
2005-01-11,0.9654831886291504,18.29743766784668,0.16312013566493988
2005-01-12,0.9789426326751709,18.331666946411133,0.16174808144569397
2005-01-13,1.0438464879989624,17.982553482055664,0.16342560946941376
2005-01-14,1.0498276948928833,17.87986946105957,0.16395890712738037
2005-01-18,1.0565571784973145,18.016782760620117,0.16655024886131287
2005-01-19,1.0450420379638672,17.78403663635254,0.1627395749092102
2005-01-20,1.0537160634994507,17.70189094543457,0.16312013566493988
2005-01-21,1.0541653633117676,17.558147430419922,0.16342560946941376
2005-01-24,1.0582025051116943,17.57183265686035,0.1568700075149536
2005-01-25,1.077494740486145,17.811424255371094,0.1596141755580902
2005-01-26,1.0804861783981323,17.8045711517334,0.1616721749305725
2005-01-27,1.0863178968429565,17.87302589416504,0.17463064193725586
2005-01-28,1.1063570976257324,17.920948028564453,0.17440195381641388
2005-01-31,1.1500252485275269,17.989402770996094,0.17470653355121613
2005-02-01,1.1594467163085938,18.064701080322266,0.17798388004302979
2005-02-02,1.1908514499664307,18.112611770629883,0.18789365887641907
2005-02-03,1.1636340618133545,17.920948028564453,0.18591155111789703
2005-02-04,1.17903733253479,18.016782760620117,0.19658328592777252
2005-02-07,1.1805328130722046,17.907251358032227,0.19421972334384918
2005-02-08,1.209844708442688,17.962018966674805,0.19612590968608856
2005-02-09,1.1775413751602173,17.845653533935547,0.18926574289798737
2005-02-10,1.1718592643737793,17.838808059692383,0.19368645548820496
2005-02-11,1.2144808769226074,17.777193069458008,0.19932733476161957
2005-02-14,1.2656258344650269,17.8045711517334,0.19513437151908875
2005-02-15,1.3221553564071655,17.804582595825195,0.19688788056373596
2005-02-16,1.3478777408599854,17.708454132080078,0.1962018460035324
2005-02-17,1.31318199634552,17.61231803894043,0.19444839656352997
2005-02-18,1.2982280254364014,17.495586395263672,0.2154863327741623
2005-02-22,1.2754963636398315,17.32392120361328,0.2182304859161377
2005-02-23,1.3194634914398193,17.30333137512207,0.21114154160022736
2005-02-24,1.3299322128295898,17.420053482055664,0.21670657396316528
2005-02-25,1.3308292627334595,17.337657928466797,0.21983115375041962
2005-02-28,1.3417463302612305,17.275869369506836,0.22097446024417877
2005-03-01,1.3309788703918457,17.358264923095703,0.2204412817955017
2005-03-02,1.3196123838424683,17.344528198242188,0.21396251022815704
2005-03-03,1.2499233484268188,17.282733917236328,0.2110656499862671
2005-03-04,1.2804315090179443,17.282733917236328,0.21015097200870514
2005-03-07,1.2786369323730469,17.48872947692871,0.21228495240211487
2005-03-08,1.2122371196746826,17.440658569335938,0.20153725147247314
2005-03-09,1.1769440174102783,17.378860473632812,0.19627772271633148
2005-03-10,1.1913005113601685,17.461257934570312,0.1962018460035324
2005-03-11,1.204460620880127,17.227798461914062,0.191781148314476
2005-03-14,1.2059561014175415,17.241525650024414,0.1971924751996994
2005-03-15,1.2250981330871582,17.104204177856445,0.193229079246521
2005-03-16,1.2316783666610718,16.911949157714844,0.18995176255702972
2005-03-17,1.2636818885803223,16.850143432617188,0.18804556131362915
2005-03-18,1.284918189048767,16.692214965820312,0.18423490226268768
2005-03-21,1.307050347328186,16.61669158935547,0.19056092202663422
2005-03-22,1.2810297012329102,16.472497940063477,0.1871308535337448
2005-03-23,1.27265465259552,16.60295295715332,0.1911710649728775
2005-03-24,1.271159052848816,16.67162322998047,0.1915525197982788
2005-03-28,1.2720569372177124,16.61669158935547,0.18941761553287506
2005-03-29,1.2487269639968872,16.424428939819336,0.18522557616233826
2005-03-30,1.2801320552825928,16.5892276763916,0.18522557616233826
2005-03-31,1.2463338375091553,16.59609031677246,0.1811094433069229
2005-04-01,1.2230044603347778,16.561765670776367,0.17935596406459808
2005-04-04,1.2289865016937256,16.637298583984375,0.17828941345214844
2005-04-05,1.252914309501648,16.80207633972168,0.1751638650894165
2005-04-06,1.2660746574401855,16.939411163330078,0.17783209681510925
2005-04-07,1.302863359451294,17.23467254638672,0.1811094433069229
2005-04-08,1.3082472085952759,17.12480354309082,0.1787467747926712
2005-04-11,1.2538117170333862,17.145408630371094,0.17523986101150513
2005-04-12,1.275944471359253,17.385732650756836,0.17737478017807007
2005-04-13,1.2274913787841797,17.19346809387207,0.16998033225536346
2005-04-14,1.114432692527771,17.05613899230957,0.16860833764076233
2005-04-15,1.0573052167892456,16.795215606689453,0.1627395749092102
2005-04-18,1.0653811693191528,16.925668716430664,0.16159626841545105
2005-04-19,1.1093488931655884,16.911949157714844,0.16723628342151642
2005-04-20,1.0620903968811035,16.699081420898438,0.16212955117225647
2005-04-21,1.112039566040039,17.358264923095703,0.17112377285957336
2005-04-22,1.061792016029358,17.152267456054688,0.16952301561832428
2005-04-25,1.1060582399368286,17.15913963317871,0.17219115793704987
2005-04-26,1.0824295282363892,17.00120735168457,0.17142921686172485
2005-04-27,1.075251817703247,17.15913963317871,0.1648736149072647
2005-04-28,1.062988519668579,16.788358688354492,0.16540686786174774
2005-04-29,1.0785411596298218,17.371997833251953,0.16716031730175018
2005-05-02,1.0896075963974,17.32392120361328,0.16655024886131287
2005-05-03,1.0830276012420654,17.413192749023438,0.16563552618026733
2005-05-04,1.1111429929733276,17.310199737548828,0.17089501023292542
2005-05-05,1.0970854759216309,17.32392120361328,0.17424921691417694
2005-05-06,1.113834261894226,17.317054748535156,0.17661187052726746
2005-05-09,1.1057590246200562,17.241525650024414,0.17989012598991394
2005-05-10,1.0893081426620483,17.097335815429688,0.17287717759609222
2005-05-11,1.0650819540023804,17.104204177856445,0.16998033225536346
2005-05-12,1.0208160877227783,17.16600227355957,0.17371594905853271
2005-05-13,1.039957880973816,17.371997833251953,0.19307635724544525
2005-05-16,1.063287377357483,17.557966232299805,0.19376240670681
2005-05-17,1.0576043128967285,17.537296295166016,0.19589725136756897
2005-05-18,1.0719612836837769,17.702625274658203,0.19734527170658112
2005-05-19,1.1231063604354858,17.854164123535156,0.19696380198001862
2005-05-20,1.1231063604354858,17.730178833007812,0.2004707306623459
2005-05-23,1.189206600189209,17.805946350097656,0.20512013137340546
2005-05-24,1.1874123811721802,17.737064361572266,0.20801697671413422
2005-05-25,1.1898049116134644,17.70951271057129,0.20534883439540863
2005-05-26,1.2185184955596924,17.84039306640625,0.21114154160022736
2005-05-27,1.2131341695785522,17.957490921020508,0.20976953208446503
2005-05-31,1.189206600189209,17.771501541137695,0.2065681368112564
2005-06-01,1.2053585052490234,17.778398513793945,0.2084743231534958
2005-06-02,1.1975816488265991,17.764617919921875,0.21624919772148132
2005-06-03,1.1437437534332275,17.516643524169922,0.21571505069732666
2005-06-06,1.134173035621643,17.47531509399414,0.2136569321155548
2005-06-07,1.0928977727890015,17.571746826171875,0.2084743231534958
2005-06-08,1.1042630672454834,17.495981216430664,0.20702549815177917
2005-06-09,1.126097321510315,17.571746826171875,0.21571505069732666
2005-06-10,1.0710641145706177,17.516643524169922,0.2132764607667923
2005-06-13,1.0737559795379639,17.433998107910156,0.21800175309181213
2005-06-14,1.0767464637756348,17.468425750732422,0.20512013137340546
2005-06-15,1.1105440855026245,17.399551391601562,0.20451006293296814
2005-06-16,1.1359680891036987,17.248003005981445,0.20557747781276703
2005-06-17,1.1458375453948975,17.248003005981445,0.20512013137340546
2005-06-20,1.1249009370803833,17.296226501464844,0.20824560523033142
2005-06-21,1.1323784589767456,17.32377815246582,0.2102268487215042
2005-06-22,1.1530168056488037,17.268672943115234,0.20999817550182343
2005-06-23,1.163185954093933,17.433998107910156,0.2132764607667923
2005-06-24,1.1293869018554688,17.248003005981445,0.20649218559265137
2005-06-27,1.109647274017334,17.254892349243164,0.2048155665397644
2005-06-28,1.1159281730651855,17.268672943115234,0.20611076056957245
2005-06-29,1.0878136157989502,17.282445907592773,0.2042054682970047
2005-06-30,1.1009737253189087,17.110239028930664,0.20367220044136047
2005-07-01,1.0917011499404907,17.020692825317383,0.20458686351776123
2005-07-05,1.1359680891036987,17.20668601989746,0.20778825879096985
2005-07-06,1.1183205842971802,17.01380157470703,0.21335239708423615
2005-07-07,1.1254994869232178,16.979358673095703,0.2118275910615921
2005-07-08,1.144043207168579,17.282445907592773,0.2144956737756729
2005-07-11,1.1395565271377563,17.420211791992188,0.2176971733570099
2005-07-12,1.1437437534332275,17.640625,0.2164779007434845
2005-07-13,1.1470348834991455,17.675064086914062,0.21678246557712555
2005-07-14,1.218817949295044,17.888614654541016,0.2071782350540161
2005-07-15,1.2427458763122559,17.764617919921875,0.20496734976768494
2005-07-18,1.2409507036209106,17.599300384521484,0.19986069202423096
2005-07-19,1.2917966842651367,18.019479751586914,0.20260471105575562
2005-07-20,1.3049571514129639,18.04014778137207,0.2056533843278885
2005-07-21,1.2947876453399658,18.21235466003418,0.20214742422103882
2005-07-22,1.3160239458084106,17.6888484954834,0.19688788056373596
2005-07-25,1.3103411197662354,17.69573974609375,0.1980312615633011
2005-07-26,1.3049571514129639,17.592416763305664,0.20214742422103882
2005-07-27,1.3157243728637695,17.716398239135742,0.20626352727413177
2005-07-28,1.310042142868042,17.737064361572266,0.2078642100095749
2005-07-29,1.275645136833191,17.640625,0.20626352727413177
2005-08-01,1.2786369323730469,17.854164123535156,0.20938903093338013
2005-08-02,1.2917966842651367,18.467208862304688,0.2122090458869934
2005-08-03,1.292694330215454,18.770288467407227,0.2122090458869934
2005-08-04,1.277440071105957,18.818517684936523,0.20999817550182343
2005-08-05,1.2858151197433472,19.121597290039062,0.21533456444740295
2005-08-08,1.275645136833191,18.687639236450195,0.2160964459180832
2005-08-09,1.3106402158737183,18.83917808532715,0.21556322276592255
2005-08-10,1.2974802255630493,18.563655853271484,0.21236175298690796
2005-08-11,1.3160239458084106,18.78407096862793,0.21533456444740295
2005-08-12,1.3788344860076904,18.632524490356445,0.2282920777797699
2005-08-15,1.4260908365249634,18.743070602416992,0.23408572375774384
2005-08-16,1.3833210468292236,18.4736328125,0.23012155294418335
2005-08-17,1.4102394580841064,18.618717193603516,0.23012155294418335
2005-08-18,1.3848159313201904,18.52890396118164,0.22417600452899933
2005-08-19,1.370758295059204,18.459808349609375,0.22257520258426666
2005-08-22,1.3719544410705566,18.591079711914062,0.22074583172798157
2005-08-23,1.3680663108825684,18.563440322875977,0.22219471633434296
2005-08-24,1.3689641952514648,18.52198600769043,0.22234661877155304
2005-08-25,1.3776373863220215,18.67398452758789,0.2238713502883911
2005-08-26,1.3680663108825684,18.632535934448242,0.2204412817955017
2005-08-29,1.3710575103759766,18.756877899169922,0.2208227515220642
2005-08-30,1.39289128780365,18.777616500854492,0.2287493646144867
2005-08-31,1.4024627208709717,18.91577911376953,0.23385706543922424
2005-09-01,1.3836195468902588,18.791423797607422,0.2339330017566681
2005-09-02,1.382422924041748,18.667076110839844,0.23012155294418335
2005-09-06,1.4595897197723389,18.653257369995117,0.23202775418758392
2005-09-07,1.4560009241104126,18.54962730407715,0.23942121863365173
2005-09-08,1.4889014959335327,18.383819580078125,0.24224120378494263
2005-09-09,1.534663200378418,18.36309051513672,0.24536676704883575
2005-09-12,1.5373549461364746,18.383819580078125,0.24452802538871765
2005-09-13,1.5200077295303345,18.29401206970215,0.2519223988056183
2005-09-14,1.4838167428970337,18.176559448242188,0.24887271225452423
2005-09-15,1.4915930032730103,18.1489315032959,0.25329431891441345
2005-09-16,1.5316723585128784,18.01075553894043,0.253446102142334
2005-09-19,1.5744428634643555,17.962392807006836,0.24986426532268524
2005-09-20,1.5908933877944946,17.851858139038086,0.2547423243522644
2005-09-21,1.5585907697677612,17.610048294067383,0.252531498670578
2005-09-22,1.552309513092041,17.506427764892578,0.24574798345565796
2005-09-23,1.591192603111267,17.45806312561035,0.2493300586938858
2005-09-26,1.6103341579437256,17.45806312561035,0.25138798356056213
2005-09-27,1.59837007522583,17.506427764892578,0.25222691893577576
2005-09-28,1.5277847051620483,17.734405517578125,0.2537516951560974
2005-09-29,1.5654702186584473,17.920949935913086,0.25901126861572266
2005-09-30,1.6034553050994873,17.775863647460938,0.2612980604171753
2005-10-03,1.6282806396484375,17.616968154907227,0.26846277713775635
2005-10-04,1.607642650604248,17.257722854614258,0.2649568021297455
2005-10-05,1.5786302089691162,17.04355239868164,0.2561902403831482
2005-10-06,1.5463281869888306,17.085006713867188,0.25527551770210266
2005-10-07,1.5343636274337769,16.988279342651367,0.2519981563091278
2005-10-10,1.5065484046936035,16.898460388183594,0.24559538066387177
2005-10-11,1.5430381298065186,16.863922119140625,0.2425466775894165
2005-10-12,1.4730497598648071,16.78793716430664,0.24544252455234528
2005-10-13,1.607344388961792,16.988279342651367,0.244147390127182
2005-10-14,1.6151199340820312,17.04355239868164,0.244147390127182
2005-10-17,1.59837007522583,16.94683074951172,0.24650993943214417
2005-10-18,1.5615822076797485,16.974454879760742,0.242469921708107
2005-10-19,1.6432353258132935,17.333711624145508,0.24041184782981873
2005-10-20,1.6791268587112427,17.126449584960938,0.2420893907546997
2005-10-21,1.6647700071334839,17.119537353515625,0.24346137046813965
2005-10-24,1.698567271232605,17.340620040893555,0.25009289383888245
2005-10-25,1.6779295206069946,17.292259216308594,0.2516935467720032
2005-10-26,1.7057466506958008,17.347532272338867,0.24483327567577362
2005-10-27,1.6572926044464111,17.167898178100586,0.23972569406032562
2005-10-28,1.6291780471801758,17.637691497802734,0.247120201587677
2005-10-31,1.722495436668396,17.755136489868164,0.2557328939437866
2005-11-01,1.7198028564453125,17.93475914001465,0.2526082694530487
2005-11-02,1.7930817604064941,18.280187606811523,0.26724347472190857
2005-11-03,1.8499106168746948,18.266376495361328,0.26411789655685425
2005-11-04,1.8289737701416016,18.418363571166992,0.25962039828300476
2005-11-07,1.8014577627182007,18.660158157348633,0.2584770917892456
2005-11-08,1.7915873527526855,18.68779182434082,0.2536747455596924
2005-11-09,1.7978681325912476,18.625619888305664,0.26510846614837646
2005-11-10,1.8298715353012085,18.715435028076172,0.25527551770210266
2005-11-11,1.840638279914856,18.84669303894043,0.25946858525276184
2005-11-14,1.8379477262496948,18.90886878967285,0.2649568021297455
2005-11-15,1.862771987915039,19.054378509521484,0.2655659019947052
2005-11-16,1.9426308870315552,19.22067642211914,0.2646510899066925
2005-11-17,1.9297699928283691,19.38004493713379,0.27639034390449524
2005-11-18,1.9309663772583008,19.449323654174805,0.2758561372756958
2005-11-21,1.9429296255111694,19.511680603027344,0.2807350754737854
2005-11-22,1.9895888566970825,19.338470458984375,0.288204550743103
2005-11-23,2.007235527038574,19.34539222717285,0.28736668825149536
2005-11-25,2.0739340782165527,19.234527587890625,0.29018670320510864
2005-11-28,2.0835061073303223,19.227602005004883,0.2887386977672577
2005-11-29,2.036846876144409,19.179101943969727,0.27044478058815
2005-11-30,2.028470754623413,19.179101943969727,0.2755516767501831
2005-12-01,2.1415295600891113,19.324604034423828,0.2788289487361908
2005-12-02,2.172337055206299,19.407743453979492,0.2789056599140167
2005-12-05,2.1481096744537354,19.296894073486328,0.27372220158576965
2005-12-06,2.214808225631714,19.1860294342041,0.2748654782772064
2005-12-07,2.2118165493011475,19.227602005004883,0.2753228545188904
2005-12-08,2.2157058715820312,19.1860294342041,0.27311211824417114
2005-12-09,2.2231826782226562,19.199878692626953,0.27699947357177734
2005-12-12,2.240530252456665,19.01974105834961,0.2810397744178772
2005-12-13,2.2426235675811768,18.798011779785156,0.2846985459327698
2005-12-14,2.153791904449463,18.770292282104492,0.282030314207077
2005-12-15,2.15887713432312,18.652507781982422,0.2784484028816223
2005-12-16,2.1268742084503174,18.638647079467773,0.28088700771331787
2005-12-19,2.1349501609802246,18.590147018432617,0.2762375473976135
2005-12-20,2.1567838191986084,18.610931396484375,0.276084840297699
2005-12-21,2.1983580589294434,18.520854949951172,0.2755516767501831
2005-12-22,2.2139101028442383,18.423851013183594,0.2839365601539612
2005-12-23,2.193871259689331,18.45850372314453,0.28614652156829834
2005-12-27,2.2201929092407227,18.33378028869629,0.287899911403656
2005-12-28,2.200451135635376,18.285280227661133,0.2905680537223816
2005-12-29,2.137042999267578,18.202133178710938,0.28408852219581604
2005-12-30,2.1502037048339844,18.118989944458008,0.27867716550827026
2006-01-03,2.235745906829834,18.597070693969727,0.2913300395011902
2006-01-04,2.2423255443573,18.687149047851562,0.2994862496852875
2006-01-05,2.2246787548065186,18.701005935668945,0.3062697947025299
2006-01-06,2.2821052074432373,18.645566940307617,0.3113005459308624
2006-01-09,2.274627923965454,18.610931396484375,0.31999021768569946
2006-01-10,2.4184913635253906,18.70794105529785,0.32006701827049255
2006-01-11,2.509418487548828,18.90886878967285,0.3316524922847748
2006-01-12,2.521082878112793,18.804933547973633,0.3269272744655609
2006-01-13,2.5599663257598877,18.83958625793457,0.3240302503108978
2006-01-17,2.5336451530456543,18.701005935668945,0.32380157709121704
2006-01-18,2.467244863510132,18.590147018432617,0.325478196144104
2006-01-19,2.3640568256378174,18.721792221069336,0.34354352951049805
2006-01-20,2.2758243083953857,18.299137115478516,0.33393925428390503
2006-01-23,2.3230814933776855,18.25756072998047,0.3358455300331116
2006-01-24,2.2743287086486816,18.20905876159668,0.33752214908599854
2006-01-25,2.219294548034668,18.292203903198242,0.33454927802085876
2006-01-26,2.163362979888916,18.361492156982422,0.34598308801651
2006-01-27,2.154390811920166,19.255319595336914,0.35253870487213135
2006-01-30,2.2432217597961426,19.400819778442383,0.34857434034347534
2006-01-31,2.258476734161377,19.504751205444336,0.34270575642585754
2006-02-01,2.255784273147583,19.428539276123047,0.34293437004089355
2006-02-02,2.156484365463257,19.179101943969727,0.33249130845069885
2006-02-03,2.1490061283111572,19.082096099853516,0.3355399966239929
2006-02-06,2.0129172801971436,18.825733184814453,0.344992458820343
2006-02-07,2.0218915939331055,18.666362762451172,0.332720011472702
2006-02-08,2.058082342147827,18.645566940307617,0.3423241972923279
2006-02-09,1.9426308870315552,18.47235870361328,0.33653151988983154
2006-02-10,2.0132172107696533,18.493141174316406,0.3346253037452698
2006-02-13,1.935451865196228,18.285280227661133,0.3357686698436737
2006-02-14,2.023087501525879,18.465431213378906,0.3363787829875946
2006-02-15,2.070344924926758,18.68790054321289,0.3428574502468109
2006-02-16,2.110722303390503,18.639236450195312,0.3597792983055115
2006-02-17,2.1023478507995605,18.56275749206543,0.3618374466896057
2006-02-21,2.066157579421997,18.451520919799805,0.3541393578052521
2006-02-22,2.133155107498169,18.5766544342041,0.3535292446613312
2006-02-23,2.1460158824920654,18.534950256347656,0.34811699390411377
2006-02-24,2.1373422145843506,18.514097213745117,0.348040908575058
2006-02-27,2.1232848167419434,18.806093215942383,0.3621428310871124
2006-02-28,2.048510789871216,18.680950164794922,0.35924598574638367
2006-03-01,2.0667543411254883,18.868661880493164,0.3728905916213989
2006-03-02,2.0820088386535645,18.750476837158203,0.3734239339828491
2006-03-03,2.025479555130005,18.722665786743164,0.37471988797187805
2006-03-06,1.9584826231002808,18.708751678466797,0.3739570081233978
2006-03-07,1.983307123184204,18.813045501708984,0.36755436658859253
2006-03-08,1.9638663530349731,18.945140838623047,0.36572498083114624
2006-03-09,1.9121224880218506,18.77132797241211,0.36763113737106323
2006-03-10,1.8899904489517212,18.8895206451416,0.3612282872200012
2006-03-13,1.9644640684127808,18.847806930541992,0.365572988986969
2006-03-14,2.013517141342163,18.93123435974121,0.3757105767726898
2006-03-15,1.98091459274292,19.021610260009766,0.38173195719718933
2006-03-16,1.9234882593154907,18.95904541015625,0.3687744140625
2006-03-17,1.9339570999145508,19.118946075439453,0.371747225522995
2006-03-20,1.9139173030853271,19.390087127685547,0.3689262568950653
2006-03-21,1.8487142324447632,19.28580093383789,0.3871443271636963
2006-03-22,1.8445262908935547,18.875612258911133,0.37601518630981445
2006-03-23,1.7993630170822144,18.66704559326172,0.3830280303955078
2006-03-24,1.7933815717697144,18.778284072875977,0.3959866762161255
2006-03-27,1.7799216508865356,18.778284072875977,0.40665745735168457
2006-03-28,1.7559949159622192,18.701812744140625,0.4129084348678589
2006-03-29,1.8642668724060059,18.785234451293945,0.4350898563861847
2006-03-30,1.8768290281295776,18.93123435974121,0.43806254863739014
2006-03-31,1.8759311437606812,18.91733169555664,0.436461865901947
2006-04-03,1.8738380670547485,19.16067123413086,0.44133976101875305
2006-04-04,1.8295726776123047,19.216285705566406,0.46199649572372437
2006-04-05,2.010225534439087,19.28580093383789,0.4657321572303772
2006-04-06,2.1307623386383057,19.16067123413086,0.4666467010974884
2006-04-07,2.0873918533325195,18.945140838623047,0.465426504611969
2006-04-10,2.0538949966430664,18.972949981689453,0.4573471248149872
2006-04-11,2.0335564613342285,18.861709594726562,0.44621792435646057
2006-04-12,1.9952720403671265,18.910385131835938,0.46420714259147644
2006-04-13,1.9880934953689575,18.81999397277832,0.4512486159801483
2006-04-17,1.9384431838989258,18.66008949279785,0.4524689316749573
2006-04-18,1.9806150197982788,18.924285888671875,0.44179728627204895
2006-04-19,1.9635673761367798,18.792186737060547,0.44454124569892883
2006-04-20,2.0227880477905273,18.792186737060547,0.4439312517642975
2006-04-21,2.005141019821167,18.875612258911133,0.4279240667819977
2006-04-24,1.966558814048767,18.847806930541992,0.44103530049324036
2006-04-25,1.9791202545166016,18.847806930541992,0.4407297968864441
2006-04-26,2.0383412837982178,18.840858459472656,0.4376811385154724
2006-04-27,2.0745325088500977,18.945140838623047,0.4446941316127777
2006-04-28,2.1053385734558105,16.7899112701416,0.445455938577652
2006-05-01,2.0817108154296875,16.887243270874023,0.47106730937957764
2006-05-02,2.142127513885498,16.692581176757812,0.47045740485191345
2006-05-03,2.1277718544006348,16.108577728271484,0.4735068082809448
2006-05-04,2.127472400665283,16.296293258666992,0.47045740485191345
2006-05-05,2.1502037048339844,16.546581268310547,0.4768601059913635
2006-05-08,2.1502037048339844,16.497907638549805,0.4747260808944702
2006-05-09,2.124481439590454,16.421443939208984,0.46024397015571594
2006-05-10,2.1116199493408203,16.525724411010742,0.45002955198287964
2006-05-11,2.0383412837982178,16.143346786499023,0.43402236700057983
2006-05-12,2.0248818397521973,16.108577728271484,0.40139785408973694
2006-05-15,2.027574062347412,16.157440185546875,0.4071917235851288
2006-05-16,1.9435274600982666,16.059724807739258,0.39651989936828613
2006-05-17,1.9519020318984985,15.864298820495605,0.38051268458366394
2006-05-18,1.8896905183792114,15.934096336364746,0.3632862865924835
2006-05-19,1.9294711351394653,15.745652198791504,0.3709084093570709
2006-05-22,1.8956719636917114,15.96898365020752,0.365877628326416
2006-05-23,1.8887939453125,15.906176567077637,0.3619142174720764
2006-05-24,1.8944767713546753,16.4017276763916,0.36663955450057983
2006-05-25,1.924086093902588,16.569225311279297,0.36465829610824585
2006-05-26,1.9007575511932373,16.55527687072754,0.36542022228240967
2006-05-30,1.8310683965682983,16.157440185546875,0.35017508268356323
2006-05-31,1.7876991033554077,15.808465003967285,0.350327730178833
2006-06-01,1.8594818115234375,15.927112579345703,0.36862173676490784
2006-06-02,1.8442281484603882,15.885234832763672,0.3632862865924835
2006-06-05,1.7945778369903564,15.703777313232422,0.348040908575058
2006-06-06,1.7862030267715454,15.445539474487305,0.3387414216995239
2006-06-07,1.7515084743499756,15.382720947265625,0.3326440155506134
2006-06-08,1.817309021949768,15.4315767288208,0.32654571533203125
2006-06-09,1.7718461751937866,15.298964500427246,0.325478196144104
2006-06-12,1.7048484086990356,15.152396202087402,0.3074899911880493
2006-06-13,1.74462890625,15.012810707092285,0.30276376008987427
2006-06-14,1.7230937480926514,15.271048545837402,0.31160619854927063
2006-06-15,1.7760331630706787,15.403655052185059,0.3388940691947937
2006-06-16,1.721597671508789,15.424600601196289,0.33020445704460144
2006-06-19,1.7108311653137207,15.738675117492676,0.32029566168785095
2006-06-20,1.7189067602157593,15.745652198791504,0.31526488065719604
2006-06-21,1.7305713891983032,16.108577728271484,0.3187709152698517
2006-06-22,1.7820160388946533,15.96898365020752,0.3094712793827057
2006-06-23,1.7595828771591187,15.703777313232422,0.30962395668029785
2006-06-26,1.7643691301345825,15.927112579345703,0.3067271113395691
2006-06-27,1.7177096605300903,15.955031394958496,0.296970933675766
2006-06-28,1.675537347793579,16.164419174194336,0.313435435295105
2006-06-29,1.763770580291748,16.380779266357422,0.3276131749153137
2006-06-30,1.7129244804382324,16.26213264465332,0.324563592672348
2006-07-03,1.7332632541656494,16.541305541992188,0.3292899429798126
2006-07-05,1.7048484086990356,16.297025680541992,0.3145020306110382
2006-07-06,1.668060302734375,16.38776206970215,0.3047458529472351
2006-07-07,1.65699303150177,16.26213264465332,0.2952933609485626
2006-07-10,1.645029902458191,16.4017276763916,0.2824877202510834
2006-07-11,1.6644710302352905,16.122541427612305,0.29194018244743347
2006-07-12,1.5840144157409668,15.801480293273926,0.27791428565979004
2006-07-13,1.5627776384353638,15.536270141601562,0.2707495093345642
2006-07-14,1.5155210494995117,15.55720043182373,0.26937729120254517
2006-07-17,1.566367745399475,15.689815521240234,0.271511435508728
2006-07-18,1.5822198390960693,15.871278762817383,0.2862991988658905
2006-07-19,1.618111252784729,16.331924438476562,0.29880034923553467
2006-07-20,1.809532880783081,15.94805908203125,0.2928548753261566
2006-07-21,1.81611168384552,16.65995979309082,0.2709021270275116
2006-07-24,1.837049126625061,16.750686645507812,0.29819026589393616
2006-07-25,1.8523035049438477,16.90423583984375,0.3087092339992523
2006-07-26,1.9103285074234009,17.008935928344727,0.3087092339992523
2006-07-27,1.896270751953125,16.65995979309082,0.3131299912929535
2006-07-28,1.961771845817566,16.92517852783203,0.3456016182899475
2006-07-31,2.032658576965332,16.79256820678711,0.33752214908599854
2006-08-01,2.0093300342559814,16.743715286254883,0.32395443320274353
2006-08-02,2.0386409759521484,16.960079193115234,0.34880301356315613
2006-08-03,2.081411123275757,16.897258758544922,0.3707558214664459
2006-08-04,2.04282808303833,16.95309066772461,0.36572498083114624
2006-08-07,2.010225534439087,16.90423583984375,0.36145690083503723
2006-08-08,1.9375461339950562,16.987993240356445,0.37106120586395264
2006-08-09,1.9019527435302734,17.05779266357422,0.3709084093570709
2006-08-10,1.9163092374801636,17.071739196777344,0.36831697821617126
2006-08-11,1.9037480354309082,17.05080795288086,0.35673069953918457
2006-08-14,1.9124211072921753,17.120601654052734,0.3549013137817383
2006-08-15,1.9874954223632812,17.246700286865234,0.3890496492385864
2006-08-16,2.033256769180298,17.3027400970459,0.41694775223731995
2006-08-17,2.0215933322906494,17.3027400970459,0.41039302945137024
2006-08-18,2.031163215637207,18.06629180908203,0.4171004295349121
2006-08-21,1.9907852411270142,18.29747772216797,0.40170350670814514
2006-08-22,2.022488594055176,17.94721221923828,0.40109339356422424
2006-08-23,2.0132172107696533,17.982234954833984,0.4007887542247772
2006-08-24,2.028172016143799,18.031278610229492,0.40490493178367615
2006-08-25,2.0562875270843506,18.108333587646484,0.4036846160888672
2006-08-28,2.003347873687744,18.178382873535156,0.41755783557891846
2006-08-29,1.9883925914764404,18.1013240814209,0.436461865901947
2006-08-30,2.002749443054199,18.07329559326172,0.445455938577652
2006-08-31,2.0293681621551514,18.003253936767578,0.4437793791294098
2006-09-01,2.045220375061035,18.1013240814209,0.4251798987388611
2006-09-05,2.1379401683807373,17.940214157104492,0.434479683637619
2006-09-06,2.094571590423584,17.940214157104492,0.4126797914505005
2006-09-07,2.1774203777313232,17.814111709594727,0.420911967754364
2006-09-08,2.1690456867218018,17.93320655822754,0.42228394746780396
2006-09-11,2.1684484481811523,18.15035629272461,0.428838849067688
2006-09-12,2.172337055206299,18.16437339782715,0.4401206076145172
2006-09-13,2.219294548034668,18.199398040771484,0.44362661242485046
2006-09-14,2.218397855758667,18.4445743560791,0.44194990396499634
2006-09-15,2.216303825378418,18.80884552001953,0.4506394863128662
2006-09-18,2.2100236415863037,18.766817092895508,0.46771323680877686
2006-09-19,2.2064335346221924,18.815853118896484,0.4555176794528961
2006-09-20,2.250998020172119,19.040021896362305,0.47213488817214966
2006-09-21,2.2327535152435303,18.843875885009766,0.4683232009410858
2006-09-22,2.183403253555298,18.675756454467773,0.45445019006729126
2006-09-25,2.265655040740967,18.87889289855957,0.47076281905174255
2006-09-26,2.321286916732788,19.054019927978516,0.4608531594276428
2006-09-27,2.285395383834839,19.222152709960938,0.45948100090026855
2006-09-28,2.303339958190918,19.194128036499023,0.45079129934310913
2006-09-29,2.302443742752075,19.159101486206055,0.4510970115661621
2006-10-02,2.239035129547119,19.16609764099121,0.43966323137283325
2006-10-03,2.2157058715820312,19.17310905456543,0.43143096566200256
2006-10-04,2.254587411880493,19.572402954101562,0.4738115668296814
2006-10-05,2.23813796043396,19.558399200439453,0.4603956937789917
2006-10-06,2.219892740249634,19.523374557495117,0.4715246260166168
2006-10-09,2.2321555614471436,19.41828727722168,0.5018624663352966
2006-10-10,2.207629680633545,19.397281646728516,0.4904288947582245
2006-10-11,2.190281867980957,19.29220962524414,0.4931730329990387
2006-10-12,2.250998020172119,19.76854705810547,0.49515411257743835
2006-10-13,2.243821144104004,19.873634338378906,0.5148199796676636
2006-10-16,2.2551865577697754,19.929677963256836,0.51390540599823
2006-10-17,2.2219858169555664,19.92266845703125,0.4942394495010376
2006-10-18,2.2291646003723145,19.97870445251465,0.48112916946411133
2006-10-19,2.362560987472534,19.817590713500977,0.4902760982513428
2006-10-20,2.39127516746521,19.9156551361084,0.48463496565818787
2006-10-23,2.4364383220672607,19.929677963256836,0.48143357038497925
2006-10-24,2.4241762161254883,19.810585021972656,0.49545955657958984
2006-10-25,2.443019390106201,19.831594467163086,0.5000330805778503
2006-10-26,2.458272695541382,19.859619140625,0.5158873796463013
2006-10-27,2.405033588409424,19.852619171142578,0.49362999200820923
2006-10-30,2.4053330421447754,19.985719680786133,0.49957558512687683
2006-10-31,2.4250729084014893,20.111799240112305,0.531589925289154
2006-11-01,2.3676466941833496,20.181861877441406,0.4905807673931122
2006-11-02,2.362262725830078,20.153841018676758,0.4872274696826935
2006-11-03,2.3416240215301514,20.12581443786621,0.49698346853256226
2006-11-06,2.38409686088562,20.202871322631836,0.5120760798454285
2006-11-07,2.4080235958099365,20.279924392700195,0.5198509097099304
2006-11-08,2.4660491943359375,20.300939559936523,0.5274739861488342
2006-11-09,2.492668628692627,20.497085571289062,0.5379928350448608
2006-11-10,2.486088275909424,20.48306655883789,0.5250343680381775
2006-11-13,2.522878408432007,20.56013298034668,0.5488163232803345
2006-11-14,2.542318105697632,20.546077728271484,0.5543045401573181
2006-11-15,2.513904094696045,20.468753814697266,0.5451575517654419
2006-11-16,2.560563802719116,20.71477699279785,0.5521706342697144
2006-11-17,2.5677413940429688,20.66557502746582,0.5536946058273315
2006-11-20,2.5862863063812256,21.010000228881836,0.5588780045509338
2006-11-21,2.6499931812286377,21.03109359741211,0.5501884818077087
2006-11-22,2.7011380195617676,21.03109359741211,0.5596398115158081
2006-11-24,2.7406198978424072,20.91862678527832,0.5637560486793518
2006-11-27,2.678107976913452,20.721799850463867,0.5382976531982422
2006-11-28,2.7460029125213623,20.658538818359375,0.5483589768409729
2006-11-29,2.74570369720459,20.785070419311523,0.5564386248588562
2006-11-30,2.741515874862671,20.63745880126953,0.5639090538024902
2006-12-01,2.7313473224639893,20.468753814697266,0.5418033599853516
2006-12-04,2.7253658771514893,20.61636734008789,0.5637560486793518
2006-12-05,2.7298524379730225,20.475784301757812,0.557963490486145
2006-12-06,2.686781644821167,20.37737464904785,0.5572014451026917
2006-12-07,2.6033337116241455,20.27897834777832,0.5437856316566467
2006-12-08,2.6398239135742188,20.66557502746582,0.5419564247131348
2006-12-11,2.654480218887329,20.76397705078125,0.5512558221817017
2006-12-12,2.576415538787842,20.686660766601562,0.545615017414093
2006-12-13,2.663451910018921,20.771007537841797,0.5520177483558655
2006-12-14,2.648498058319092,21.13652229309082,0.5617749094963074
2006-12-15,2.6236727237701416,21.220869064331055,0.5716836452484131
2006-12-18,2.5563762187957764,21.010000228881836,0.5815925002098083
2006-12-19,2.58150053024292,21.080289840698242,0.5899776220321655
2006-12-20,2.5351402759552,21.15057945251465,0.5832701921463013
2006-12-21,2.4795076847076416,21.073251724243164,0.5782395601272583
2006-12-22,2.4585719108581543,20.834266662597656,0.5645188689231873
2006-12-26,2.4379334449768066,21.080289840698242,0.5643661618232727
2006-12-27,2.4382331371307373,21.101381301879883,0.5718365907669067
2006-12-28,2.4187915325164795,21.073251724243164,0.567720353603363
2006-12-29,2.5375328063964844,20.988910675048828,0.564213216304779
2007-01-03,2.50642728805542,20.988910675048828,0.550035834312439
2007-01-04,2.5620594024658203,20.953771591186523,0.5474444031715393
2007-01-05,2.543813705444336,20.834266662597656,0.5131433606147766
2007-01-08,2.5563762187957764,21.038118362426758,0.5169550180435181
2007-01-09,2.7687346935272217,21.0592041015625,0.5068931579589844
2007-01-10,2.9012343883514404,20.84832763671875,0.5318945050239563
2007-01-11,2.8653435707092285,21.5793514251709,0.5299126505851746
2007-01-12,2.8300492763519287,21.93783950805664,0.5370782613754272
2007-01-16,2.9042251110076904,21.902698516845703,0.5379928350448608
2007-01-17,2.8399200439453125,21.860515594482422,0.526711106300354
2007-01-18,2.6640498638153076,21.790224075317383,0.48311129212379456
2007-01-19,2.6470019817352295,21.86754035949707,0.48600706458091736
2007-01-22,2.595855951309204,21.593414306640625,0.48600706458091736
2007-01-23,2.5632543563842773,21.607481002807617,0.48615995049476624
2007-01-24,2.593165636062622,21.853500366210938,0.501252293586731
2007-01-25,2.579705238342285,21.403627395629883,0.4837203621864319
2007-01-26,2.5536842346191406,21.50906753540039,0.47975701093673706
2007-01-29,2.5704336166381836,21.45985984802246,0.46009111404418945
2007-01-30,2.5587687492370605,21.424715042114258,0.4689335823059082
2007-01-31,2.564152479171753,21.69182586669922,0.4672560393810272
2007-02-01,2.5345423221588135,21.480945587158203,0.47320157289505005
2007-02-02,2.534841537475586,21.220869064331055,0.48554977774620056
2007-02-05,2.5106136798858643,20.813186645507812,0.4934774935245514
2007-02-06,2.516895055770874,20.742889404296875,0.5110093355178833
2007-02-07,2.5767149925231934,20.644485473632812,0.5309799909591675
2007-02-08,2.5776119232177734,20.567161560058594,0.5241197347640991
2007-02-09,2.490574836730957,20.37035369873047,0.49774637818336487
2007-02-12,2.5387299060821533,20.34223175048828,0.5087226033210754
2007-02-13,2.533346176147461,20.46214485168457,0.5183268189430237
2007-02-14,2.551290988922119,20.73723030090332,0.5114666223526001
2007-02-15,2.5485999584198,20.77954864501953,0.5145152807235718
2007-02-16,2.5372345447540283,20.271699905395508,0.49881288409233093
2007-02-20,2.569237232208252,20.335187911987305,0.5032346248626709
2007-02-21,2.667938232421875,20.70195770263672,0.49576425552368164
2007-02-22,2.677211284637451,20.73016929626465,0.49896562099456787
2007-02-23,2.6640498638153076,20.384550094604492,0.49774637818336487
2007-02-26,2.6473004817962646,20.50446128845215,0.49012336134910583
2007-02-27,2.5103158950805664,19.658044815063477,0.4753364026546478
2007-02-28,2.530653476715088,19.86965560913086,0.47259241342544556
2007-03-01,2.603933334350586,19.81322479248047,0.4667986333370209
2007-03-02,2.5545814037323,19.58045768737793,0.4538409411907196
2007-03-05,2.581799030303955,19.432329177856445,0.43844297528266907
2007-03-06,2.637730360031128,19.629833221435547,0.4643600285053253
2007-03-07,2.6236727237701416,19.474653244018555,0.4512486159801483
2007-03-08,2.632046937942505,19.270099639892578,0.46984806656837463
2007-03-09,2.631150245666504,19.248939514160156,0.4651218354701996
2007-03-12,2.687979221343994,19.354736328125,0.4623778164386749
2007-03-13,2.644012212753296,18.846899032592773,0.44286468625068665
2007-03-14,2.691866874694824,19.326528549194336,0.4407297968864441
2007-03-15,2.679006576538086,19.24188804626465,0.4363090395927429
2007-03-16,2.679603338241577,19.27715492248535,0.4321928918361664
2007-03-19,2.7256648540496826,19.629833221435547,0.43432703614234924
2007-03-20,2.736133337020874,19.636884689331055,0.4321928918361664
2007-03-21,2.8076162338256836,20.116518020629883,0.45688971877098083
2007-03-22,2.8103082180023193,19.940185546875,0.46695125102996826
2007-03-23,2.7971479892730713,19.76384735107422,0.4617677628993988
2007-03-26,2.866837978363037,19.904911041259766,0.4626826047897339
2007-03-27,2.8551743030548096,19.55224609375,0.4539928734302521
2007-03-28,2.788773775100708,19.495807647705078,0.4453033208847046
2007-03-29,2.8040270805358887,19.573406219482422,0.4375283122062683
2007-03-30,2.7789037227630615,19.658044815063477,0.4387485384941101
2007-04-02,2.8010363578796387,19.56633949279785,0.43829116225242615
2007-04-03,2.8264596462249756,19.658044815063477,0.43661361932754517
2007-04-04,2.819580316543579,20.102405548095703,0.43569889664649963
2007-04-05,2.8318440914154053,20.137676239013672,0.47106730937957764
2007-04-09,2.8010363578796387,20.151782989501953,0.46253064274787903
2007-04-10,2.8189823627471924,20.031875610351562,0.45780453085899353
2007-04-11,2.7693326473236084,19.827335357666016,0.44957202672958374
2007-04-12,2.75736927986145,20.13062286376953,0.4623778164386749
2007-04-13,2.699044942855835,20.18000030517578,0.4661893844604492
2007-04-16,2.734637498855591,20.264644622802734,0.46374985575675964
2007-04-17,2.7023348808288574,20.349288940429688,0.46817055344581604
2007-04-18,2.7038302421569824,20.17294692993164,0.4739641845226288
2007-04-19,2.6999430656433105,20.236434936523438,0.4805188775062561
2007-04-20,2.720879554748535,20.469196319580078,0.48615995049476624
2007-04-23,2.7968504428863525,20.299911499023438,0.47823241353034973
2007-04-24,2.788773775100708,20.306964874267578,0.49622148275375366
2007-04-25,2.8518831729888916,20.448034286499023,0.5047585964202881
2007-04-26,2.956267833709717,20.525623321533203,0.5110093355178833
2007-04-27,2.988569736480713,21.245071411132812,0.5041490197181702
2007-04-30,2.984980821609497,21.118118286132812,0.5014050602912903
2007-05-01,2.9751107692718506,21.44257354736328,0.506740391254425
2007-05-02,3.0026276111602783,21.590694427490234,0.5007950067520142
2007-05-03,3.0029265880584717,21.844627380371094,0.5102464556694031
2007-05-04,3.0151896476745605,21.555429458618164,0.51390540599823
2007-05-07,3.108208656311035,21.66122817993164,0.5036917924880981
2007-05-08,3.142306089401245,21.68943977355957,0.5075023770332336
2007-05-09,3.1967411041259766,21.710607528686523,0.5097892880439758
2007-05-10,3.2105002403259277,21.56954002380371,0.5003376603126526
2007-05-11,3.252372980117798,21.788198471069336,0.535706102848053
2007-05-14,3.2709174156188965,21.844627380371094,0.5303695797920227
2007-05-15,3.2158830165863037,21.865846633911133,0.5256444215774536
2007-05-16,3.2105002403259277,21.986146926879883,0.5323517322540283
2007-05-17,3.2733097076416016,21.922456741333008,0.5235095024108887
2007-05-18,3.2906577587127686,21.81631851196289,0.5338768362998962
2007-05-21,3.349280595779419,21.97199821472168,0.5355532765388489
2007-05-22,3.3959388732910156,21.71725082397461,0.5384500622749329
2007-05-23,3.376497745513916,21.639408111572266,0.5241197347640991
2007-05-24,3.310696601867676,21.349275588989258,0.505215585231781
2007-05-25,3.398332118988037,21.568649291992188,0.5131433606147766
2007-05-29,3.420166254043579,21.788015365600586,0.5186313390731812
2007-05-30,3.5523664951324463,22.01445198059082,0.5198509097099304
2007-05-31,3.6247477531433105,21.71725082397461,0.5280827879905701
2007-06-01,3.541300058364868,21.646480560302734,0.531741738319397
2007-06-04,3.628934383392334,21.73847770690918,0.534638524055481
2007-06-05,3.6690146923065186,21.639408111572266,0.5504928827285767
2007-06-06,3.698026180267334,21.434200286865234,0.5546092391014099
2007-06-07,3.7108867168426514,20.960084915161133,0.5486635565757751
2007-06-08,3.723449468612671,21.26436424255371,0.5572014451026917
2007-06-11,3.5948386192321777,21.243141174316406,0.5591827034950256
2007-06-12,3.600520372390747,21.122833251953125,0.553389847278595
2007-06-13,3.5143823623657227,21.504959106445312,0.5666528940200806
2007-06-14,3.5517678260803223,21.59695816040039,0.5767146348953247
2007-06-15,3.604109525680542,21.575725555419922,0.6029360890388489
2007-06-18,3.7413957118988037,21.589868545532227,0.6032406091690063
2007-06-19,3.6986258029937744,21.55449104309082,0.607052206993103
2007-06-20,3.635516405105591,21.236061096191406,0.607661247253418
2007-06-21,3.7058026790618896,21.384662628173828,0.655225396156311
2007-06-22,3.6788835525512695,20.868085861206055,0.6649826169013977
2007-06-25,3.6591453552246094,20.868085861206055,0.6474505662918091
2007-06-26,3.5786871910095215,20.889314651489258,0.6174184679985046
2007-06-27,3.645684003829956,21.136995315551758,0.6340357661247253
2007-06-28,3.605905055999756,21.108684539794922,0.6401330828666687
2007-06-29,3.6501710414886475,20.853940963745117,0.6297668814659119
2007-07-02,3.6268417835235596,21.044998168945312,0.6559882164001465
2007-07-03,3.80360746383667,21.243141174316406,0.6570547223091125
2007-07-05,3.970503568649292,21.221904754638672,0.6640678644180298
2007-07-06,3.9570441246032715,21.207752227783203,0.6672692894935608
2007-07-09,3.8981213569641113,21.136995315551758,0.6866304278373718
2007-07-10,3.9585392475128174,20.754865646362305,0.6933384537696838
2007-07-11,3.9597363471984863,20.868085861206055,0.6902894973754883
2007-07-12,4.009986400604248,21.278520584106445,0.7035524845123291
2007-07-13,4.1194539070129395,21.101613998413086,0.6992834210395813
2007-07-16,4.130521297454834,21.250225067138672,0.7119364142417908
2007-07-17,4.154746055603027,21.780929565429688,0.7088878154754639
2007-07-18,4.131118297576904,21.88001251220703,0.6959294080734253
2007-07-19,4.187346935272217,22.297500610351562,0.695167601108551
2007-07-20,4.299508571624756,22.04983139038086,0.6875455379486084
2007-07-23,4.298013210296631,22.071062088012695,0.6944054365158081
2007-07-24,4.034509181976318,21.795085906982422,0.6761115789413452
2007-07-25,4.105396270751953,21.731395721435547,0.6729103326797485
2007-07-26,4.366806507110596,21.21483039855957,0.6762635707855225
2007-07-27,4.302499771118164,20.797327041625977,0.6745866537094116
2007-07-30,4.230117321014404,20.804405212402344,0.693490743637085
2007-07-31,3.940892219543457,20.514266967773438,0.6976069211959839
2007-08-01,4.037801265716553,20.73363494873047,0.6924231648445129
2007-08-02,4.082365989685059,20.889314651489258,0.6893748044967651
2007-08-03,3.9435858726501465,20.493038177490234,0.6485182046890259
2007-08-06,4.045278072357178,20.903470993041992,0.6540063619613647
2007-08-07,4.038698196411133,20.910552978515625,0.6643726229667664
2007-08-08,4.008187770843506,21.228984832763672,0.6950148940086365
2007-08-09,3.780278444290161,20.73363494873047,0.7032469511032104
2007-08-10,3.738704204559326,20.316133499145508,0.6706234216690063
2007-08-13,3.8221511840820312,20.259517669677734,0.6633058786392212
2007-08-14,3.7096915245056152,20.07489776611328,0.6890692114830017
2007-08-15,3.5861642360687256,19.954177856445312,0.65995192527771
2007-08-16,3.500922203063965,19.748239517211914,0.6489754915237427
2007-08-17,3.650768518447876,20.060691833496094,0.6872395873069763
2007-08-20,3.6555545330047607,20.067794799804688,0.6844959855079651
2007-08-21,3.8155694007873535,19.93287467956543,0.7215408682823181
2007-08-22,3.963326930999756,20.03938865661621,0.7380052208900452
2007-08-23,3.9202537536621094,20.09619903564453,0.731755256652832
2007-08-24,4.04677152633667,20.458356857299805,0.7355667948722839
2007-08-27,3.9555504322052,20.23111915588379,0.7521831393241882
2007-08-28,3.7931385040283203,19.833459854125977,0.7062965035438538
2007-08-29,4.010281085968018,20.3021297454834,0.7463902831077576
2007-08-30,4.075188159942627,20.202722549438477,0.7421214580535889
2007-08-31,4.141885280609131,20.401548385620117,0.7799296975135803
2007-09-04,4.311771869659424,20.458356857299805,0.8040159940719604
2007-09-05,4.09044075012207,20.22402000427246,0.7979177832603455
2007-09-06,4.038100719451904,20.52937126159668,0.8014249801635742
2007-09-07,3.9411911964416504,20.19561195373535,0.7721544504165649
2007-09-10,4.088945388793945,20.22402000427246,0.7742886543273926
2007-09-11,4.0524582862854,20.5435733795166,0.7907530665397644
2007-09-12,4.093132972717285,20.5435733795166,0.7596533894538879
2007-09-13,4.103603363037109,20.7069034576416,0.7598819732666016
2007-09-14,4.151756763458252,20.621681213378906,0.7374722957611084
2007-09-17,4.139792442321777,20.401548385620117,0.7358711957931519
2007-09-18,4.214865207672119,20.5435733795166,0.8003574013710022
2007-09-19,4.2103776931762695,20.35894203186035,0.7857221961021423
2007-09-20,4.196620464324951,20.18140411376953,0.7811486721038818
2007-09-21,4.311472415924072,20.344749450683594,0.7886949777603149
2007-09-24,4.434999465942383,20.650087356567383,0.8088181018829346
2007-09-25,4.581557750701904,20.990936279296875,0.8191085457801819
2007-09-26,4.5692925453186035,20.948331832885742,0.8385457396507263
2007-09-27,4.621036529541016,20.94122886657715,0.8410611748695374
2007-09-28,4.5902299880981445,20.91992950439453,0.8287129402160645
2007-10-01,4.6760711669921875,21.140064239501953,0.863699734210968
2007-10-02,4.739180564880371,21.090356826782227,0.8554677367210388
2007-10-03,4.723328113555908,20.912826538085938,0.8191085457801819
2007-10-04,4.6730804443359375,21.097454071044922,0.8227672576904297
2007-10-05,4.828910827636719,21.189773559570312,0.8444912433624268
2007-10-08,5.022126197814941,21.189773559570312,0.8582116365432739
2007-10-09,5.020631790161133,21.374401092529297,0.8431191444396973
2007-10-10,4.98862886428833,21.46671485900879,0.8440340161323547
2007-10-11,4.852240085601807,21.239477157592773,0.8065314292907715
2007-10-12,5.002385139465332,21.42410659790039,0.8261975049972534
2007-10-15,4.994311332702637,21.331790924072266,0.8321428894996643
2007-10-16,5.072075366973877,21.530624389648438,0.8396892547607422
2007-10-17,5.166889190673828,22.070322036743164,0.9041749835014343
2007-10-18,5.189320087432861,22.127120971679688,0.9034889340400696
2007-10-19,5.097200393676758,21.42410659790039,0.8550099730491638
2007-10-22,5.215043544769287,21.66554832458496,0.8954854011535645
2007-10-23,5.567976951599121,21.942495346069336,0.8998302817344666
2007-10-24,5.561097621917725,22.191030502319336,0.8694165945053101
2007-10-25,5.466884136199951,22.71651268005371,0.7934972047805786
2007-10-26,5.5243096351623535,24.87525749206543,0.7866370677947998
2007-10-29,5.535972595214844,24.54860496520996,0.7681142091751099
2007-10-30,5.593101501464844,25.258718490600586,0.7962414026260376
2007-10-31,5.681335926055908,26.139257431030273,0.8090469241142273
2007-11-01,5.60626220703125,26.31679344177246,0.8090469241142273
2007-11-02,5.619122505187988,26.31679344177246,0.840146541595459
2007-11-05,5.56857442855835,26.082456588745117,0.840146541595459
2007-11-06,5.736367225646973,25.855220794677734,0.8666726350784302
2007-11-07,5.572163105010986,25.223209381103516,0.8255113363265991
2007-11-08,5.2482428550720215,24.669326782226562,0.7738310098648071
2007-11-09,4.9461541175842285,23.952119827270508,0.762854814529419
2007-11-12,4.598903179168701,23.70357894897461,0.68670654296875
2007-11-13,5.083442211151123,24.551393508911133,0.7473050951957703
2007-11-14,4.968288898468018,24.173803329467773,0.7356427311897278
2007-11-15,4.914151668548584,24.052677154541016,0.7258097529411316
2007-11-16,4.976663589477539,24.287778854370117,0.7420456409454346
2007-11-19,4.903683185577393,24.195165634155273,0.69196617603302
2007-11-20,5.050238609313965,24.63690185546875,0.68670654296875
2007-11-21,5.038576602935791,24.387537002563477,0.6793891191482544
2007-11-23,5.130697250366211,24.302043914794922,0.691051185131073
2007-11-26,5.160608291625977,23.489843368530273,0.6750442981719971
2007-11-27,5.22850227355957,23.5539608001709,0.7040858268737793
2007-11-28,5.390312671661377,24.009925842285156,0.7511924505233765
2007-11-29,5.5120463371276855,23.931554794311523,0.7573666572570801
2007-11-30,5.45013427734375,23.938678741455078,0.7212362885475159
2007-12-03,5.349636554718018,23.454208374023438,0.731755256652832
2007-12-04,5.378050804138184,23.34733772277832,0.7310692071914673
2007-12-05,5.548237323760986,24.33053970336914,0.7690287828445435
2007-12-06,5.681335926055908,24.615524291992188,0.7845788598060608
2007-12-07,5.8114423751831055,24.60127067565918,0.7747458219528198
2007-12-10,5.808749198913574,24.76513671875,0.7832067012786865
2007-12-11,5.63916015625,24.294910430908203,0.7841212749481201
2007-12-12,5.708553791046143,24.558530807495117,0.8111048340797424
2007-12-13,5.73756217956543,25.09286880493164,0.7889235019683838
2007-12-14,5.694493770599365,25.1569881439209,0.8019580245018005
2007-12-17,5.515336513519287,24.501537322998047,0.7610253691673279
2007-12-18,5.47286319732666,24.75088882446289,0.7804625630378723
2007-12-19,5.47705078125,24.786518096923828,0.7877801656723022
2007-12-20,5.599380970001221,25.306604385375977,0.8042446970939636
2007-12-21,5.799777507781982,25.691343307495117,0.8040159940719604
2007-12-24,5.9460344314575195,26.06181526184082,0.818193793296814
2007-12-26,5.950520992279053,26.083200454711914,0.8291703462600708
2007-12-27,5.9391560554504395,25.627222061157227,0.8035585880279541
2007-12-28,5.976841449737549,25.734085083007812,0.7955549955368042
2007-12-31,5.924500942230225,25.363615036010742,0.7779471278190613
2008-01-02,5.827592372894287,25.09286880493164,0.754851222038269
2008-01-03,5.83028507232666,25.199743270874023,0.7489057183265686
2008-01-04,5.385228633880615,24.494401931762695,0.6860206127166748
2008-01-07,5.31314754486084,24.65826988220215,0.6151317954063416
2008-01-08,5.122025012969971,23.83182144165039,0.6281660795211792
2008-01-09,5.365787029266357,24.53715705871582,0.6606377363204956
2008-01-10,5.3245134353637695,24.458782196044922,0.646917462348938
2008-01-11,5.165093421936035,24.159542083740234,0.6185616254806519
2008-01-14,5.347246170043945,24.501537322998047,0.6597229242324829
2008-01-15,5.055923938751221,24.223669052124023,0.611244261264801
2008-01-16,4.774774551391602,23.675067901611328,0.5421850085258484
2008-01-17,4.812161445617676,23.589582443237305,0.5328091382980347
2008-01-18,4.82621955871582,23.51833152770996,0.5680249929428101
2008-01-22,4.655135631561279,22.77025032043457,0.5396695733070374
2008-01-23,4.159532070159912,22.748870849609375,0.5495024919509888
2008-01-24,4.0557451248168945,23.689327239990234,0.5915783643722534
2008-01-25,3.8885509967803955,23.46845245361328,0.5705404877662659
2008-01-28,3.8885509967803955,23.311723709106445,0.5636800527572632
2008-01-29,3.934314727783203,23.226221084594727,0.5810592174530029
2008-01-30,3.9534547328948975,22.941246032714844,0.57602858543396
2008-01-31,4.048568248748779,23.226221084594727,0.5623081922531128
2008-02-01,4.00041389465332,21.694433212280273,0.6142169833183289
2008-02-04,3.9376027584075928,21.50918960571289,0.5950086116790771
2008-02-05,3.869109630584717,20.711231231689453,0.5577346682548523
2008-02-06,3.6489744186401367,20.319385528564453,0.5559054613113403
2008-02-07,3.626244306564331,20.03440284729004,0.5613933205604553
2008-02-08,3.7530620098114014,20.347881317138672,0.5714550614356995
2008-02-11,3.8718013763427734,20.09851837158203,0.573284387588501
2008-02-12,3.7345168590545654,20.191144943237305,0.594551146030426
2008-02-13,3.870304822921753,20.632858276367188,0.6178756356239319
2008-02-14,3.8122828006744385,20.305130004882812,0.5170308947563171
2008-02-15,3.727638006210327,20.248126983642578,0.5092558860778809
2008-02-19,3.6543593406677246,20.148006439208984,0.5017096400260925
2008-02-20,3.7034103870391846,20.18377113342285,0.4980510473251343
2008-02-21,3.6352169513702393,20.09794044494629,0.4868459105491638
2008-02-22,3.5730056762695312,19.79754638671875,0.5103992819786072
2008-02-25,3.5813798904418945,19.91197967529297,0.510170578956604
2008-02-26,3.563732385635376,20.298206329345703,0.5145152807235718
2008-02-27,3.677689552307129,20.212371826171875,0.5225189924240112
2008-02-28,3.8855600357055664,19.976348876953125,0.5028529167175293
2008-02-29,3.7393033504486084,19.45423126220703,0.48913252353668213
2008-03-03,3.6408979892730713,19.304033279418945,0.48341578245162964
2008-03-04,3.7273385524749756,19.733171463012695,0.47861355543136597
2008-03-05,3.723449468612671,20.11224365234375,0.4841018319129944
2008-03-06,3.6169703006744385,19.718868255615234,0.4536881446838379
2008-03-07,3.6564524173736572,19.933435440063477,0.44705668091773987
2008-03-10,3.579883337020874,20.062171936035156,0.421445369720459
2008-03-11,3.8089914321899414,20.941911697387695,0.4353943467140198
2008-03-12,3.7695109844207764,20.47701072692871,0.4235033392906189
2008-03-13,3.826639175415039,20.469850540161133,0.4504868984222412
2008-03-14,3.786857843399048,19.9978084564209,0.4189298450946808
2008-03-17,3.7904469966888428,20.24099349975586,0.4084109365940094
2008-03-18,3.9725961685180664,21.04204750061035,0.4337936341762543
2008-03-19,3.8783810138702393,20.469850540161133,0.40383750200271606
2008-03-20,3.9860565662384033,20.870384216308594,0.4235033392906189
2008-03-24,4.173290729522705,20.86322593688965,0.45803302526474
2008-03-25,4.21666145324707,20.841777801513672,0.46466460824012756
2008-03-26,4.338690757751465,20.426939010620117,0.4498008191585541
2008-03-27,4.194825172424316,20.062171936035156,0.4433979094028473
2008-03-28,4.277377128601074,19.962047576904297,0.45002955198287964
2008-03-31,4.292031764984131,20.298206329345703,0.4525448679924011
2008-04-01,4.472386837005615,21.099260330200195,0.48021426796913147
2008-04-02,4.411371231079102,20.8560791015625,0.46557942032814026
2008-04-03,4.534599781036377,20.741655349731445,0.45688971877098083
2008-04-04,4.578566074371338,20.8560791015625,0.4294488728046417
2008-04-07,4.6626129150390625,20.8560791015625,0.43973904848098755
2008-04-08,4.5713887214660645,20.562837600708008,0.4372236728668213
2008-04-09,4.529512405395508,20.66297721862793,0.4459133744239807
2008-04-10,4.622535228729248,20.820316314697266,0.45460283756256104
2008-04-11,4.400902271270752,20.2266788482666,0.42373204231262207
2008-04-14,4.420046329498291,20.0693416595459,0.40955427289009094
2008-04-15,4.437992095947266,20.20522117614746,0.4143564701080322
2008-04-16,4.597110271453857,20.705883026123047,0.4308207929134369
2008-04-17,4.620738983154297,20.89899444580078,0.4248754382133484
2008-04-18,4.816646099090576,21.456878662109375,0.4349369704723358
2008-04-21,5.029603958129883,21.757265090942383,0.45437419414520264
2008-04-22,4.791523456573486,21.63568687438965,0.4459133744239807
2008-04-23,4.871979236602783,22.493955612182617,0.467408686876297
2008-04-24,5.052931785583496,22.744287490844727,0.4562035799026489
2008-04-25,5.076563835144043,21.335285186767578,0.460777223110199
2008-04-28,5.151635646820068,20.7344913482666,0.4525448679924011
2008-04-29,5.23568058013916,20.484163284301758,0.46192049980163574
2008-04-30,5.202780723571777,20.398345947265625,0.4699242115020752
2008-05-01,5.383732795715332,21.027734756469727,0.4916481673717499
2008-05-02,5.411848068237305,20.91329002380371,0.5149727463722229
2008-05-05,5.525206565856934,20.798866271972656,0.5021670460700989
2008-05-06,5.582930564880371,21.2423095703125,0.5152014493942261
2008-05-07,5.4611992835998535,20.891843795776367,0.5033102035522461
2008-05-08,5.5350751876831055,20.934757232666016,0.5019383430480957
2008-05-09,5.486921310424805,21.020587921142578,0.5152014493942261
2008-05-12,5.627796173095703,21.449710845947266,0.5005664229393005
2008-05-13,5.681631565093994,21.3779354095459,0.4902760982513428
2008-05-14,5.570967674255371,21.485610961914062,0.504682183265686
2008-05-15,5.674753189086914,21.858901977539062,0.5437856316566467
2008-05-16,5.611645698547363,21.528684616088867,0.5581920146942139
2008-05-19,5.491408824920654,21.148210525512695,0.5465299487113953
2008-05-20,5.560201644897461,20.645719528198242,0.5323517322540283
2008-05-21,5.329599380493164,20.27960777282715,0.5280071496963501
2008-05-22,5.295499801635742,20.437545776367188,0.5408127903938293
2008-05-23,5.418729305267334,20.136032104492188,0.5284644365310669
2008-05-27,5.576053142547607,20.416004180908203,0.5341812968254089
2008-05-28,5.593399524688721,20.229354858398438,0.5392121076583862
2008-05-29,5.583828926086426,20.32267951965332,0.5378402471542358
2008-05-30,5.645442485809326,20.32986068725586,0.5648237466812134
2008-06-02,5.566183090209961,19.956565856933594,0.5671103000640869
2008-06-03,5.544346809387207,19.60481834411621,0.5479018688201904
2008-06-04,5.538965225219727,19.769922256469727,0.5543045401573181
2008-06-05,5.665781021118164,20.31549644470215,0.5682536959648132
2008-06-06,5.55242395401001,19.734037399291992,0.5501884818077087
2008-06-09,5.431888103485107,19.891958236694336,0.5417274832725525
2008-06-10,5.55242395401001,20.021175384521484,0.5097131133079529
2008-06-11,5.407960891723633,19.468425750732422,0.4859313368797302
2008-06-12,5.182143211364746,20.272430419921875,0.4889037311077118
2008-06-13,5.155521392822266,20.868257522583008,0.4873032867908478
2008-06-16,5.289218902587891,20.76774787902832,0.4806719124317169
2008-06-17,5.426502227783203,20.674427032470703,0.4690093696117401
2008-06-18,5.3463454246521,20.43035316467285,0.4552890360355377
2008-06-19,5.410650730133057,20.76774787902832,0.4541456699371338
2008-06-20,5.24226188659668,20.265249252319336,0.45185887813568115
2008-06-23,5.179152011871338,20.078611373901367,0.44248321652412415
2008-06-24,5.181844711303711,19.90631675720215,0.45711830258369446
2008-06-25,5.30566930770874,20.351390838623047,0.45963379740715027
2008-06-26,5.032594680786133,19.920677185058594,0.43608036637306213
2008-06-27,5.087329387664795,19.83452606201172,0.4408825635910034
2008-06-30,5.008068561553955,19.748390197753906,0.42807671427726746
2008-07-01,5.224613666534424,19.28895378112793,0.4287629723548889
2008-07-02,5.030202388763428,18.578275680541992,0.4122982621192932
2008-07-03,5.088226318359375,18.650060653686523,0.28561317920684814
2008-07-07,5.238970756530762,18.68594741821289,0.2766949236392975
2008-07-08,5.370274066925049,18.556737899780273,0.27509424090385437
2008-07-09,5.211751461029053,18.111658096313477,0.2702920734882355
2008-07-10,5.282938003540039,18.26959228515625,0.2696060538291931
2008-07-11,5.161803245544434,18.12602424621582,0.26686203479766846
2008-07-14,5.200686931610107,18.054237365722656,0.2547423243522644
2008-07-15,5.073868751525879,18.772098541259766,0.25748637318611145
2008-07-16,5.1686835289001465,19.568933486938477,0.2588582932949066
2008-07-17,5.138772010803223,19.755565643310547,0.25977322459220886
2008-07-18,4.9395751953125,18.56391143798828,0.2643465995788574
2008-07-21,4.9736714363098145,18.405986785888672,0.26594725251197815
2008-07-22,4.845958709716797,18.520843505859375,0.26023051142692566
2008-07-23,4.972774982452393,18.973094940185547,0.2680053412914276
2008-07-24,4.756528377532959,18.262413024902344,0.25222691893577576
2008-07-25,4.8489484786987305,18.779281616210938,0.2643465995788574
2008-07-28,4.618046283721924,18.30548858642578,0.2636605501174927
2008-07-29,4.698205471038818,18.74338150024414,0.26640456914901733
2008-07-30,4.781952381134033,18.82952117919922,0.26251718401908875
2008-07-31,4.7541351318359375,18.463417053222656,0.26160258054733276
2008-08-01,4.685642242431641,18.262413024902344,0.24788212776184082
2008-08-04,4.583053112030029,18.147558212280273,0.2419365644454956
2008-08-05,4.804683208465576,18.815162658691406,0.25588566064834595
2008-08-06,4.910863876342773,19.39664077758789,0.26274579763412476
2008-08-07,4.8923187255859375,19.662240982055664,0.25862982869148254
2008-08-08,5.071178913116455,20.19345474243164,0.2515409290790558
2008-08-11,5.191115856170654,20.028358459472656,0.2568003535270691
2008-08-12,5.2859296798706055,20.18628692626953,0.2531416714191437
2008-08-13,5.362797260284424,20.035533905029297,0.2803537845611572
2008-08-14,5.363395690917969,20.035533905029297,0.297275573015213
2008-08-15,5.256319999694824,19.9637451171875,0.2963608503341675
2008-08-18,5.245851039886475,19.87760353088379,0.3023064434528351
2008-08-19,5.190217971801758,19.690216064453125,0.30687984824180603
2008-08-20,5.259308815002441,19.66858673095703,0.3219723403453827
2008-08-21,5.212948799133301,19.589313507080078,0.311453253030777
2008-08-22,5.287723541259766,20.064992904663086,0.3112246096134186
2008-08-25,5.160906791687012,19.93526268005371,0.30665111541748047
2008-08-26,5.193508625030518,19.654170989990234,0.2993335723876953
2008-08-27,5.224314212799072,19.86319351196289,0.3016203045845032
2008-08-28,5.196499347686768,20.137067794799805,0.30047693848609924
2008-08-29,5.0705790519714355,19.66858673095703,0.2890433073043823
2008-09-02,4.9706807136535645,19.53165626525879,0.2817257046699524
2008-09-03,4.993710517883301,19.387510299682617,0.26663339138031006
2008-09-04,4.822030544281006,18.99111557006836,0.26297450065612793
2008-09-05,4.790924072265625,18.48660659790039,0.26686203479766846
2008-09-08,4.723328113555908,18.825340270996094,0.25588566064834595
2008-09-09,4.536692142486572,18.810932159423828,0.24719609320163727
2008-09-10,4.534599781036377,19.05597496032715,0.24742476642131805
2008-09-11,4.565705299377441,19.704631805419922,0.23553365468978882
2008-09-12,4.454739570617676,19.90642738342285,0.23301830887794495
2008-09-15,4.198115348815918,19.329849243164062,0.2126663476228714
2008-09-16,4.183761119842529,18.731651306152344,0.2192978709936142
2008-09-17,3.8233489990234375,17.708221435546875,0.2286735624074936
2008-09-18,4.010583400726318,18.20551872253418,0.24902552366256714
2008-09-19,4.2145676612854,18.133447647094727,0.26091647148132324
2008-09-22,3.919656753540039,18.306427001953125,0.255428284406662
2008-09-23,3.793738842010498,18.33525276184082,0.24811074137687683
2008-09-24,3.8496670722961426,18.53705406188965,0.2572576403617859
2008-09-25,3.9459786415100098,19.178495407104492,0.26228857040405273
2008-09-26,3.83561110496521,19.747880935668945,0.2673192620277405
2008-09-29,3.1482882499694824,18.02533531188965,0.23096024990081787
2008-09-30,3.3995296955108643,19.23615837097168,0.2449093610048294
2008-10-01,3.2637391090393066,19.084800720214844,0.23804901540279388
2008-10-02,2.9939544200897217,18.91904067993164,0.21335239708423615
2008-10-03,2.903327226638794,18.969484329223633,0.20649218559265137
2008-10-06,2.935330867767334,17.95326805114746,0.1795087456703186
2008-10-07,2.666743040084839,16.742450714111328,0.16555960476398468
2008-10-08,2.6855857372283936,16.58388900756836,0.16898971796035767
2008-10-09,2.654181480407715,16.07217025756836,0.15824203193187714
2008-10-10,2.8952524662017822,15.495593070983887,0.1557266265153885
2008-10-13,3.2978360652923584,18.37849235534668,0.18408218026161194
2008-10-14,3.112994432449341,17.369483947753906,0.1799660623073578
2008-10-15,2.9296491146087646,16.331642150878906,0.16052885353565216
2008-10-16,3.0474929809570312,17.43434715270996,0.17607857286930084
2008-10-17,2.913198232650757,17.24695587158203,0.1749352514743805
2008-10-20,2.9443037509918213,17.81632423400879,0.17836534976959229
2008-10-21,2.73643159866333,16.836143493652344,0.1646449714899063
2008-10-22,2.8973464965820312,15.517223358154297,0.15847080945968628
2008-10-23,2.938023328781128,16.086584091186523,0.14955250918865204
2008-10-24,2.8826911449432373,15.82712173461914,0.15115322172641754
2008-10-27,2.7543771266937256,15.264958381652832,0.15938545763492584
2008-10-28,2.9882700443267822,16.64875030517578,0.1833961457014084
2008-10-29,3.1270523071289062,16.576677322387695,0.18934166431427002
2008-10-30,3.3211653232574463,16.310012817382812,0.19734527170658112
2008-10-31,3.2179768085479736,16.093799591064453,0.20031803846359253
2008-11-03,3.199134349822998,16.30280303955078,0.1930004209280014
2008-11-04,3.3196706771850586,16.958667755126953,0.20534883439540863
2008-11-05,3.0896646976470947,15.913614273071289,0.1946011334657669
2008-11-06,2.9640443325042725,15.048741340637207,0.17424921691417694
2008-11-07,2.938322067260742,15.495593070983887,0.1994033306837082
2008-11-10,2.867734909057617,15.35145092010498,0.1865975707769394
2008-11-11,2.83453631401062,15.279375076293945,0.17836534976959229
2008-11-12,2.695456027984619,14.630719184875488,0.16784638166427612
2008-11-13,2.88448429107666,15.315411567687988,0.1815667599439621
2008-11-14,2.699044942855835,14.457747459411621,0.16395890712738037
2008-11-17,2.6362345218658447,13.924413681030273,0.16052885353565216
2008-11-18,2.689173936843872,14.236424446105957,0.1552693247795105
2008-11-19,2.580901861190796,13.271368026733398,0.1424635946750641
2008-11-20,2.407426118850708,12.719901084899902,0.13491739332675934
2008-11-21,2.4699370861053467,14.27995777130127,0.1458936333656311
2008-11-24,2.7801008224487305,15.012822151184082,0.1554979830980301
2008-11-25,2.715794324874878,14.504897117614746,0.15984277427196503
2008-11-26,2.8414149284362793,14.867701530456543,0.174020454287529
2008-11-28,2.771725654602051,14.671789169311523,0.17081919312477112
2008-12-01,2.6598637104034424,13.503558158874512,0.15618404746055603
2008-12-02,2.7657432556152344,13.895390510559082,0.1648736149072647
2008-12-03,2.868332624435425,14.417826652526855,0.17333461344242096
2008-12-04,2.734039783477783,13.866365432739258,0.16190078854560852
2008-12-05,2.8115053176879883,14.417826652526855,0.1683037281036377
2008-12-08,2.982588529586792,15.245019912719727,0.16281560063362122
2008-12-09,2.9927570819854736,14.947519302368164,0.1785939782857895
2008-12-10,2.937424898147583,14.954773902893066,0.19551582634449005
2008-12-11,2.8414149284362793,14.11307144165039,0.18728362023830414
2008-12-12,2.9392199516296387,14.047768592834473,0.19665926694869995
2008-12-15,2.8339385986328125,13.815572738647461,0.19025634229183197
2008-12-16,2.854276657104492,14.59196662902832,0.20306210219860077
2008-12-17,2.666743040084839,14.265446662902832,0.21312367916107178
2008-12-18,2.674818515777588,14.004229545593262,0.19345775246620178
2008-12-19,2.691866874694824,13.873623847961426,0.1948298215866089
2008-12-22,2.5644519329071045,13.917157173156738,0.1833961457014084
2008-12-23,2.5835933685302734,13.989715576171875,0.18088075518608093
2008-12-24,2.543515205383301,13.909896850585938,0.17653590440750122
2008-12-26,2.566545009613037,13.88087272644043,0.1717338114976883
2008-12-29,2.59047269821167,13.757521629333496,0.17722195386886597
2008-12-30,2.580901861190796,14.03325080871582,0.1833961457014084
2008-12-31,2.5527865886688232,14.105816841125488,0.1845395416021347
2009-01-02,2.7142982482910156,14.751605033874512,0.19917462766170502
2009-01-05,2.828852653503418,14.8894681930542,0.20283345878124237
2009-01-06,2.7821948528289795,15.063621520996094,0.20969364047050476
2009-01-07,2.7220757007598877,14.15660572052002,0.19711661338806152
2009-01-08,2.772622585296631,14.599230766296387,0.19208575785160065
2009-01-09,2.709214210510254,14.16386604309082,0.1813380867242813
2009-01-12,2.6517882347106934,14.127579689025879,0.174020454287529
2009-01-13,2.6233737468719482,14.381545066833496,0.1749352514743805
2009-01-14,2.552189350128174,13.851847648620605,0.16716031730175018
2009-01-15,2.493865489959717,13.960692405700684,0.17310579121112823
2009-01-16,2.4624595642089844,14.301728248596191,0.18271011114120483
2009-01-20,2.3389339447021484,13.40923023223877,0.1648736149072647
2009-01-21,2.477414846420288,14.062275886535645,0.17287717759609222
2009-01-22,2.6428143978118896,12.41515064239502,0.16967573761940002
2009-01-23,2.6428143978118896,12.480452537536621,0.17630726099014282
2009-01-26,2.681100368499756,12.792463302612305,0.18225277960300446
2009-01-27,2.713701009750366,12.81423282623291,0.1930004209280014
2009-01-28,2.8174874782562256,13.089964866638184,0.2010039985179901
2009-01-29,2.7815961837768555,12.763442993164062,0.18934166431427002
2009-01-30,2.69575572013855,12.407894134521484,0.1817954182624817
2009-02-02,2.7370309829711914,12.937585830688477,0.19162845611572266
2009-02-03,2.7809975147247314,13.423741340637207,0.19391512870788574
2009-02-04,2.7980451583862305,13.518071174621582,0.1994033306837082
2009-02-05,2.885082721710205,13.815572738647461,0.21403835713863373
2009-02-06,2.982588529586792,14.265446662902832,0.22570070624351501
2009-02-09,3.0660359859466553,14.105816841125488,0.222727969288826
2009-02-10,2.926060438156128,13.64143180847168,0.21312367916107178
2009-02-11,2.895850658416748,13.938922882080078,0.1863688826560974
2009-02-12,2.9691295623779297,13.97520637512207,0.19025634229183197
2009-02-13,2.9658401012420654,13.851847648620605,0.19002765417099
2009-02-17,2.827357530593872,13.2162504196167,0.17905135452747345
2009-02-18,2.8225715160369873,13.238158226013184,0.18385346233844757
2009-02-19,2.7110087871551514,13.08474063873291,0.16967573761940002
2009-02-20,2.7277584075927734,13.150493621826172,0.174020454287529
2009-02-23,2.600642681121826,12.573334693908691,0.16601696610450745
2009-02-24,2.6993439197540283,12.544105529785156,0.18088075518608093
2009-02-25,2.7265615463256836,12.390684127807617,0.182938814163208
2009-02-26,2.667639970779419,11.996170043945312,0.18888427317142487
2009-02-27,2.6712286472320557,11.798913955688477,0.18934166431427002
2009-03-02,2.6302523612976074,11.535902976989746,0.17333461344242096
2009-03-03,2.643113613128662,11.601655006408691,0.1801947057247162
2009-03-04,2.726860523223877,11.776996612548828,0.19345775246620178
2009-03-05,2.657172441482544,11.155999183654785,0.18888427317142487
2009-03-06,2.551290988922119,11.163307189941406,0.19185708463191986
2009-03-09,2.4857890605926514,11.068331718444824,0.1897990107536316
2009-03-10,2.6508901119232178,12.040002822875977,0.20694948732852936
2009-03-11,2.772023916244507,12.500273704528809,0.2126663476228714
2009-03-12,2.8817920684814453,12.427210807800293,0.2252434492111206
2009-03-13,2.8692307472229004,12.164205551147461,0.2241000533103943
2009-03-16,2.853976249694824,11.871973037719727,0.21541039645671844
2009-03-17,2.9807944297790527,12.346850395202637,0.22615811228752136
2009-03-18,3.0364251136779785,12.390684127807617,0.23324696719646454
2009-03-19,3.0394163131713867,12.522194862365723,0.23050296306610107
2009-03-20,3.0385189056396484,12.463748931884766,0.21792590618133545
2009-03-23,3.220071792602539,13.391581535339355,0.2337043434381485
2009-03-24,3.185375690460205,13.099355697631836,0.22364266216754913
2009-03-25,3.1850759983062744,13.062817573547363,0.22730141878128052
2009-03-26,3.2861716747283936,13.756875038146973,0.24147929251194
2009-03-27,3.19584321975708,13.245466232299805,0.2391924113035202
2009-03-30,3.1252570152282715,12.770586967468262,0.2238713502883911
2009-03-31,3.144099473953247,13.42080307006836,0.22547201812267303
2009-04-01,3.250878095626831,14.107556343078613,0.23118890821933746
2009-04-02,3.371114492416382,14.092945098876953,0.2419365644454956
2009-04-03,3.4692189693450928,13.69842529296875,0.2588582932949066
2009-04-06,3.542795181274414,13.70573902130127,0.2595444619655609
2009-04-07,3.439606189727783,13.70573902130127,0.2506261467933655
2009-04-08,3.4790890216827393,14.019883155822754,0.26091647148132324
2009-04-09,3.576294183731079,14.370565414428711,0.2753228545188904
2009-04-13,3.595735788345337,14.31212329864502,0.26640456914901733
2009-04-14,3.5386078357696533,14.136774063110352,0.2680053412914276
2009-04-15,3.518568992614746,13.756875038146973,0.26045915484428406
2009-04-16,3.6325244903564453,14.436318397521973,0.26709064841270447
2009-04-17,3.6914470195770264,14.027190208435059,0.2689201235771179
2009-04-20,3.604109525680542,13.596146583557129,0.25268420577049255
2009-04-21,3.641796588897705,13.859158515930176,0.2519981563091278
2009-04-22,3.6343190670013428,13.720345497131348,0.2595444619655609
2009-04-23,3.750666379928589,13.822627067565918,0.255428284406662
2009-04-24,3.7058026790618896,15.276484489440918,0.2613738179206848
2009-04-27,3.7306294441223145,14.903894424438477,0.2519981563091278
2009-04-28,3.7058026790618896,14.560515403747559,0.25268420577049255
2009-04-29,3.742891550064087,14.79430103302002,0.2487967610359192
2009-04-30,3.7635297775268555,14.80161190032959,0.26251718401908875
2009-05-01,3.8057029247283936,14.787001609802246,0.26686203479766846
2009-05-04,3.950165033340454,14.750471115112305,0.2812683880329132
2009-05-05,3.9693074226379395,14.45823860168457,0.2698347866535187
2009-05-06,3.9630274772644043,14.45823860168457,0.2643465995788574
2009-05-07,3.8601372241973877,14.11485767364502,0.24536676704883575
2009-05-08,3.8640236854553223,14.187917709350586,0.21152298152446747
2009-05-11,3.87539005279541,14.11485767364502,0.2156391143798828
2009-05-12,3.721355438232422,14.53130054473877,0.20534883439540863
2009-05-13,3.5739009380340576,14.429009437561035,0.19208575785160065
2009-05-14,3.677389621734619,14.65549373626709,0.1948298215866089
2009-05-15,3.661536693572998,14.772384643554688,0.19986069202423096
2009-05-18,3.788053512573242,15.050007820129395,0.21198035776615143
2009-05-19,3.8119845390319824,14.932369232177734,0.2160964459180832
2009-05-20,3.764725923538208,14.983829498291016,0.2224993109703064
2009-05-21,3.7141785621643066,14.572110176086426,0.22112728655338287
2009-05-22,3.6639297008514404,14.520644187927246,0.22455736994743347
2009-05-26,3.911581039428711,14.954432487487793,0.23667700588703156
2009-05-27,3.9794764518737793,14.800032615661621,0.23713438212871552
2009-05-28,4.039894104003906,15.035304069519043,0.24033595621585846
2009-05-29,4.062026500701904,15.358800888061523,0.23850642144680023
2009-06-01,4.167906761169434,15.7337646484375,0.2501688301563263
2009-06-02,4.172094345092773,15.7337646484375,0.24811074137687683
2009-06-03,4.215763568878174,15.976387977600098,0.24033595621585846
2009-06-04,4.299208164215088,16.04991912841797,0.24902552366256714
2009-06-05,4.327024936676025,16.277835845947266,0.24765342473983765
2009-06-08,4.302499771118164,16.21164894104004,0.24628132581710815
2009-06-09,4.268701076507568,16.23371696472168,0.25977322459220886
2009-06-10,4.194825172424316,16.579269409179688,0.2680053412914276
2009-06-11,4.18585205078125,16.785133361816406,0.26457518339157104
2009-06-12,4.09672212600708,17.152742385864258,0.2632032632827759
2009-06-15,4.070399761199951,17.218917846679688,0.2588582932949066
2009-06-16,4.078178405761719,17.240976333618164,0.2517695128917694
2009-06-17,4.055149078369141,17.410078048706055,0.25794368982315063
2009-06-18,4.064122200012207,17.27773666381836,0.2529129087924957
2009-06-19,4.171794891357422,17.696807861328125,0.25565704703330994
2009-06-22,4.10868501663208,17.115978240966797,0.24125061929225922
2009-06-23,4.008187770843506,17.160099029541016,0.24010713398456573
2009-06-24,4.074288368225098,17.255678176879883,0.24811074137687683
2009-06-25,4.183160781860352,17.490947723388672,0.26114514470100403
2009-06-26,4.260327339172363,17.167442321777344,0.26457518339157104
2009-06-29,4.246269702911377,17.542409896850586,0.26457518339157104
2009-06-30,4.260028839111328,17.47624397277832,0.25817254185676575
2009-07-01,4.271992206573486,17.67475128173828,0.2593156695365906
2009-07-02,4.187947750091553,17.182147979736328,0.24925409257411957
2009-07-06,4.145773887634277,17.05716323852539,0.24125061929225922
2009-07-07,4.0497636795043945,16.564565658569336,0.2307315468788147
2009-07-08,4.104200839996338,16.586620330810547,0.23118890821933746
2009-07-09,4.078477382659912,16.49840545654297,0.23621973395347595
2009-07-10,4.143080711364746,16.461637496948242,0.23713438212871552
2009-07-13,4.257336139678955,17.079219818115234,0.23987850546836853
2009-07-14,4.25524377822876,16.990991592407227,0.2449093610048294
2009-07-15,4.393126010894775,17.733572006225586,0.2549709975719452
2009-07-16,4.412268161773682,17.968839645385742,0.2682339549064636
2009-07-17,4.5387864112854,17.858552932739258,0.27600887417793274
2009-07-20,4.573480606079102,18.035017013549805,0.2794390022754669
2009-07-21,4.531607627868652,18.25557518005371,0.27372220158576965
2009-07-22,4.688035488128662,18.2335205078125,0.28058239817619324
2009-07-23,4.720337867736816,18.79229164123535,0.297275573015213
2009-07-24,4.785243511199951,17.240976333618164,0.2963608503341675
2009-07-27,4.788531303405762,16.990991592407227,0.2977329194545746
2009-07-28,4.785540580749512,17.255678176879883,0.29819026589393616
2009-07-29,4.786438465118408,17.4982967376709,0.2922447621822357
2009-07-30,4.868988513946533,17.505653381347656,0.2945314347743988
2009-07-31,4.88693380355835,17.29243278503418,0.2956748902797699
2009-08-03,4.977861404418945,17.520360946655273,0.30367839336395264
2009-08-04,4.951539516448975,17.47624397277832,0.3057365417480469
2009-08-05,4.938380718231201,17.505653381347656,0.30642256140708923
2009-08-06,4.902487277984619,17.24832534790039,0.30001962184906006
2009-08-07,4.95034122467041,17.32184600830078,0.31351137161254883
2009-08-10,4.9267144203186035,17.218917846679688,0.3032210171222687
2009-08-11,4.870184898376465,17.005704879760742,0.29613208770751953
2009-08-12,4.944362163543701,17.299787521362305,0.30710849165916443
2009-08-13,5.037379264831543,17.36595344543457,0.3162556290626526
2009-08-14,4.98832893371582,17.417423248291016,0.30687984824180603
2009-08-17,4.773279666900635,17.093923568725586,0.29407426714897156
2009-08-18,4.90518045425415,17.434032440185547,0.3048217296600342
2009-08-19,4.92312479019165,17.485782623291016,0.3013916611671448
2009-08-20,4.974868297576904,17.50056266784668,0.3132827579975128
2009-08-21,5.061305999755859,18.047691345214844,0.3185422122478485
2009-08-24,5.056523323059082,18.217748641967773,0.30962395668029785
2009-08-25,5.066692352294922,18.217748641967773,0.31236809492111206
2009-08-26,5.007170677185059,18.151203155517578,0.31602662801742554
2009-08-27,5.068185329437256,18.254718780517578,0.3203716278076172
2009-08-28,5.086132049560547,18.247325897216797,0.3368360102176666
2009-08-31,5.031099796295166,18.225139617919922,0.3320339322090149
2009-09-01,4.944062232971191,17.74455451965332,0.32082900404930115
2009-09-02,4.940471649169922,17.641056060791016,0.3254024088382721
2009-09-03,4.981447696685791,17.82589340209961,0.3331772983074188
2009-09-04,5.093908309936523,18.202953338623047,0.3455255925655365
2009-09-08,5.172271251678467,18.350830078125,0.35512998700141907
2009-09-09,5.118733882904053,18.321264266967773,0.36496293544769287
2009-09-10,5.161205291748047,18.483915328979492,0.37662526965141296
2009-09-11,5.149241924285889,18.380413055419922,0.3731951415538788
2009-09-14,5.195901870727539,18.483915328979492,0.36702099442481995
2009-09-15,5.238970756530762,18.631792068481445,0.3745672404766083
2009-09-16,5.439664363861084,18.631792068481445,0.3645055592060089
2009-09-17,5.51982307434082,18.705720901489258,0.3484984338283539
2009-09-18,5.53387975692749,18.6761474609375,0.348040908575058
2009-09-21,5.503970146179199,18.705720901489258,0.3464403450489044
2009-09-22,5.517728328704834,19.0532169342041,0.34712642431259155
2009-09-23,5.548237323760986,19.008859634399414,0.34163838624954224
2009-09-24,5.497987747192383,19.178916931152344,0.33706483244895935
2009-09-25,5.454619407653809,18.89055824279785,0.3315766453742981
2009-09-28,5.567676067352295,19.097579956054688,0.3391228914260864
2009-09-29,5.544646739959717,19.038433074951172,0.3329486846923828
2009-09-30,5.543750762939453,19.016254425048828,0.343696266412735
2009-10-01,5.409456729888916,18.395193099975586,0.3192283511161804
2009-10-02,5.530291557312012,18.4543399810791,0.316712886095047
2009-10-05,5.563788890838623,18.217748641967773,0.31511205434799194
2009-10-06,5.683126926422119,18.565248489379883,0.3203716278076172
2009-10-07,5.690307140350342,18.557859420776367,0.31785616278648376
2009-10-08,5.6609954833984375,18.97928810119629,0.31991422176361084
2009-10-09,5.69688606262207,18.89055824279785,0.3240302503108978
2009-10-12,5.707057952880859,19.016254425048828,0.3203716278076172
2009-10-13,5.683426856994629,19.08280372619629,0.3192283511161804
2009-10-14,5.721414566040039,19.193695068359375,0.3187709152698517
2009-10-15,5.699580669403076,19.748214721679688,0.3093952536582947
2009-10-16,5.624504089355469,19.592945098876953,0.3023064434528351
2009-10-19,5.6786417961120605,19.48944091796875,0.3132827579975128
2009-10-20,5.94483757019043,19.496829986572266,0.31351137161254883
2009-10-21,6.129080772399902,19.652101516723633,0.3059651255607605
2009-10-22,6.137454032897949,19.659494400024414,0.30802321434020996
2009-10-23,6.0997700691223145,20.716777801513672,0.3007056713104248
2009-10-26,6.0561017990112305,21.204750061035156,0.2968181073665619
2009-10-27,5.90326452255249,21.13820457458496,0.2867565453052521
2009-10-28,5.754613876342773,20.716777801513672,0.2748654782772064
2009-10-29,5.8727545738220215,20.86464500427246,0.2869851887226105
2009-10-30,5.637965202331543,20.502363204956055,0.27349352836608887
2009-11-02,5.662191390991211,20.613262176513672,0.27600887417793274
2009-11-03,5.645442485809326,20.354494094848633,0.27463698387145996
2009-11-04,5.707057952880859,20.746347427368164,0.2739509344100952
2009-11-05,5.803365230560303,21.049484252929688,0.28058239817619324
2009-11-06,5.812636852264404,21.086454391479492,0.3009343147277832
2009-11-09,6.025593280792236,21.433950424194336,0.3077945113182068
2009-11-10,6.071055889129639,21.4487361907959,0.30024829506874084
2009-11-11,6.079131603240967,21.530073165893555,0.3087092339992523
2009-11-12,6.041447162628174,21.707509994506836,0.3077945113182068
2009-11-13,6.115023612976074,21.90713119506836,0.3100813627243042
2009-11-16,6.1802263259887695,21.84058952331543,0.31442612409591675
2009-11-17,6.191292762756348,22.278745651245117,0.313968688249588
2009-11-18,6.160187721252441,22.360431671142578,0.3091665804386139
2009-11-19,5.9971795082092285,22.115367889404297,0.2968181073665619
2009-11-20,5.979533672332764,21.996549606323242,0.29498881101608276
2009-11-23,6.157793998718262,22.23418617248535,0.297275573015213
2009-11-24,6.114725112915039,22.2119083404541,0.2954462170600891
2009-11-25,6.107249736785889,22.1227970123291,0.29887625575065613
2009-11-27,5.999573707580566,21.699493408203125,0.2924734354019165
2009-11-30,5.979233741760254,21.840595245361328,0.2986474931240082
2009-12-01,5.891300678253174,22.286165237426758,0.3045930564403534
2009-12-02,5.869165420532227,22.115367889404297,0.3137400150299072
2009-12-03,5.876645088195801,22.152496337890625,0.3162556290626526
2009-12-04,5.782130718231201,22.263891220092773,0.32608845829963684
2009-12-07,5.651424407958984,22.1227970123291,0.3679355978965759
2009-12-08,5.67894172668457,21.959413528442383,0.350099116563797
2009-12-09,5.916126251220703,22.063373565673828,0.35878875851631165
2009-12-10,5.875148773193359,22.18219757080078,0.3523857891559601
2009-12-11,5.822506904602051,22.16735076904297,0.34781238436698914
2009-12-14,5.891600608825684,22.360431671142578,0.35833144187927246
2009-12-15,5.807553291320801,22.293594360351562,0.3578740656375885
2009-12-16,5.833275318145752,22.35301399230957,0.386686772108078
2009-12-17,5.738462448120117,21.9816951751709,0.3848573863506317
2009-12-18,5.84523868560791,22.546091079711914,0.3846288323402405
2009-12-21,5.928986549377441,22.66490936279297,0.39834925532341003
2009-12-22,5.99269437789917,22.887697219848633,0.40886828303337097
2009-12-23,6.044737815856934,22.96196174621582,0.4145851731300354
2009-12-24,6.252307891845703,23.021373748779297,0.4136703312397003
2009-12-28,6.329178333282471,23.147615432739258,0.4070388972759247
2009-12-29,6.254104137420654,23.310997009277344,0.41206973791122437
2009-12-30,6.330071926116943,22.991668701171875,0.42693349719047546
2009-12-31,6.302855014801025,22.63520050048828,0.42716214060783386
2010-01-04,6.400960922241211,22.984235763549805,0.42281731963157654
2010-01-05,6.41202449798584,22.991668701171875,0.4289913475513458
2010-01-06,6.31003475189209,22.850563049316406,0.4317356050014496
2010-01-07,6.29836893081665,22.612930297851562,0.4232746958732605
2010-01-08,6.340244293212891,22.76887321472168,0.4241892993450165
2010-01-11,6.2843122482299805,22.4792537689209,0.4182438552379608
2010-01-12,6.212828636169434,22.330720901489258,0.4040660560131073
2010-01-13,6.300462245941162,22.538663864135742,0.40955427289009094
2010-01-14,6.263974189758301,22.991668701171875,0.4031515121459961
2010-01-15,6.1592912673950195,22.917400360107422,0.39126038551330566
2010-01-19,6.431766033172607,23.09563446044922,0.398578017950058
2010-01-20,6.332766056060791,22.716894149780273,0.3969772458076477
2010-01-21,6.223295211791992,22.286165237426758,0.38988828659057617
2010-01-22,5.914629936218262,21.506410598754883,0.3763965666294098
2010-01-25,6.073747158050537,21.77375602722168,0.3827994465827942
2010-01-26,6.1595892906188965,21.907434463500977,0.3706797659397125
2010-01-27,6.21761417388916,22.033672332763672,0.3807413578033447
2010-01-28,5.960690498352051,21.65494155883789,0.3679355978965759
2010-01-29,5.744441032409668,20.92716407775879,0.3519285321235657
2010-02-01,5.824301719665527,21.097970962524414,0.3789120018482208
2010-02-02,5.858100414276123,21.135093688964844,0.3827994465827942
2010-02-03,5.958897113800049,21.261354446411133,0.3860008418560028
2010-02-04,5.744142532348633,20.674680709838867,0.3635908365249634
2010-02-05,5.846136569976807,20.808351516723633,0.3709084093570709
2010-02-08,5.806056499481201,20.585561752319336,0.37022238969802856
2010-02-09,5.867971420288086,20.800920486450195,0.3672497272491455
2010-02-10,5.835967063903809,20.78607177734375,0.3743384778499603
2010-02-11,5.942145347595215,20.88260841369629,0.3914889991283417
2010-02-12,5.993289947509766,20.741500854492188,0.3967486023902893
2010-02-16,6.083618640899658,21.15186882019043,0.4040660560131073
2010-02-17,6.058197021484375,21.330928802490234,0.4079536199569702
2010-02-18,6.069560527801514,21.614437103271484,0.3811986744403839
2010-02-19,6.03187370300293,21.465234756469727,0.3791406750679016
2010-02-22,5.994488716125488,21.43537712097168,0.37982669472694397
2010-02-23,5.893991947174072,21.136945724487305,0.3706797659397125
2010-02-24,6.001667499542236,21.360767364501953,0.37845462560653687
2010-02-25,6.041744709014893,21.338388442993164,0.37502455711364746
2010-02-26,6.120108127593994,21.390615463256836,0.3704511523246765
2010-03-01,6.250813961029053,21.651748657226562,0.38531485199928284
2010-03-02,6.2466254234313965,21.23393440246582,0.3850862383842468
2010-03-03,6.260982036590576,21.23393440246582,0.38028398156166077
2010-03-04,6.302257061004639,21.360767364501953,0.3809700310230255
2010-03-05,6.548713207244873,21.330928802490234,0.3926323652267456
2010-03-08,6.552602291107178,21.360767364501953,0.38691550493240356
2010-03-09,6.670445442199707,21.48760414123535,0.40132200717926025
2010-03-10,6.724881172180176,21.614437103271484,0.402236670255661
2010-03-11,6.744619846343994,21.771121978759766,0.39308974146842957
2010-03-12,6.777522563934326,21.83828353881836,0.3944617509841919
2010-03-15,6.694972038269043,21.853191375732422,0.3924036920070648
2010-03-16,6.713216304779053,21.912883758544922,0.40612420439720154
2010-03-17,6.703347682952881,22.106870651245117,0.4138989746570587
2010-03-18,6.719197750091553,22.091947555541992,0.39926406741142273
2010-03-19,6.647414684295654,22.077024459838867,0.3944617509841919
2010-03-22,6.722188949584961,22.08448600769043,0.4008646309375763
2010-03-23,6.8301615715026855,22.293394088745117,0.409096896648407
2010-03-24,6.860373020172119,22.121788024902344,0.3953765332698822
2010-03-25,6.779017925262451,22.390380859375,0.39651989936828613
2010-03-26,6.906134605407715,22.12925148010254,0.39651989936828613
2010-03-29,6.950698375701904,22.077024459838867,0.4015507996082306
2010-03-30,7.054186820983887,22.211322784423828,0.4031515121459961
2010-03-31,7.028763771057129,21.853191375732422,0.39789193868637085
2010-04-01,7.05777645111084,21.756202697753906,0.3937757611274719
2010-04-05,7.133146286010742,21.83828353881836,0.3997213840484619
2010-04-06,7.164551258087158,21.87557601928711,0.38988828659057617
2010-04-07,7.196258068084717,21.897958755493164,0.3924036920070648
2010-04-08,7.176814556121826,22.3232364654541,0.3860008418560028
2010-04-09,7.231849193572998,22.6365966796875,0.38851621747016907
2010-04-12,7.2468037605285645,22.621675491333008,0.3956051468849182
2010-04-13,7.250993728637695,22.718671798706055,0.40383750200271606
2010-04-14,7.3484978675842285,22.99472427368164,0.40886828303337097
2010-04-15,7.445107460021973,23.032024383544922,0.41184109449386597
2010-04-16,7.399641990661621,22.8828125,0.39011695981025696
2010-04-19,7.389772891998291,23.158863067626953,0.38828763365745544
2010-04-20,7.315598011016846,23.397624969482422,0.3896596431732178
2010-04-21,7.753177642822266,23.3752384185791,0.3795980215072632
2010-04-22,7.9700188636779785,23.420001983642578,0.3811986744403839
2010-04-23,8.100424766540527,23.09918785095215,0.375939279794693
2010-04-26,8.060647010803223,23.211088180541992,0.3795980215072632
2010-04-27,7.837521553039551,23.01711082458496,0.368850439786911
2010-04-28,7.8243608474731445,23.061878204345703,0.36953622102737427
2010-04-29,8.03492546081543,23.1290225982666,0.3807413578033447
2010-04-30,7.809103965759277,22.78582000732422,0.35924598574638367
2010-05-03,7.966433048248291,23.02457046508789,0.3553588092327118
2010-05-04,7.737025737762451,22.479921340942383,0.3372933268547058
2010-05-05,7.656562805175781,22.271013259887695,0.3315766453742981
2010-05-06,7.365246772766113,21.62190818786621,0.32471638917922974
2010-05-07,7.054483890533447,21.047401428222656,0.3192283511161804
2010-05-10,7.596750259399414,21.592060089111328,0.3329486846923828
2010-05-11,7.672420501708984,21.547300338745117,0.3292899429798126
2010-05-12,7.83901834487915,21.96511459350586,0.33569276332855225
2010-05-13,7.727450370788574,21.81589126586914,0.33500686287879944
2010-05-14,7.591663360595703,21.584596633911133,0.2963608503341675
2010-05-17,7.603625297546387,21.592060089111328,0.29704704880714417
2010-05-18,7.547994613647461,21.434677124023438,0.2872139513492584
2010-05-19,7.427759647369385,21.164865493774414,0.2917872667312622
2010-05-20,7.111313343048096,20.317974090576172,0.2849271893501282
2010-05-21,7.247703552246094,20.115617752075195,0.2911013662815094
2010-05-24,7.380500793457031,19.688425064086914,0.2826404571533203
2010-05-25,7.334439754486084,19.538532257080078,0.29018670320510864
2010-05-26,7.301240921020508,18.744094848632812,0.2915586531162262
2010-05-27,7.577600002288818,19.486066818237305,0.3087092339992523
2010-05-28,7.683182716369629,19.3361759185791,0.30047693848609924
2010-06-01,7.801328659057617,19.403629302978516,0.2876712679862976
2010-06-02,7.89464807510376,19.830825805664062,0.290872722864151
2010-06-03,7.869822025299072,20.130613327026367,0.29041552543640137
2010-06-04,7.655670166015625,19.32867431640625,0.2766949236392975
2010-06-07,7.505520343780518,18.953950881958008,0.26297450065612793
2010-06-08,7.45736837387085,18.819047927856445,0.25565704703330994
2010-06-09,7.274020195007324,18.57921600341797,0.24948281049728394
2010-06-10,7.492661476135254,18.736608505249023,0.2595444619655609
2010-06-11,7.582392692565918,19.231252670288086,0.26548999547958374
2010-06-14,7.60542106628418,19.11133575439453,0.25977322459220886
2010-06-15,7.767233371734619,19.920766830444336,0.27257877588272095
2010-06-16,7.993350028991699,19.725894927978516,0.2691488265991211
2010-06-17,8.131531715393066,19.76337242126465,0.2794390022754669
2010-06-18,8.197333335876465,19.815826416015625,0.2812683880329132
2010-06-21,8.08068561553955,19.448596954345703,0.27463698387145996
2010-06-22,8.190752983093262,19.31368637084961,0.2643465995788574
2010-06-23,8.104612350463867,18.96893882751465,0.2673192620277405
2010-06-24,8.045692443847656,18.736608505249023,0.25405633449554443
2010-06-25,7.976901054382324,18.384353637695312,0.2533701956272125
2010-06-28,8.024754524230957,18.21946907043457,0.2538275718688965
2010-06-29,7.661949157714844,17.470006942749023,0.23964978754520416
2010-06-30,7.523171424865723,17.245174407958984,0.23347562551498413
2010-07-01,7.431946277618408,17.357589721679688,0.2373630404472351
2010-07-02,7.385884761810303,17.440034866333008,0.23439036309719086
2010-07-06,7.436434745788574,17.852237701416016,0.23187492787837982
2010-07-07,7.736722946166992,18.211978912353516,0.24307997524738312
2010-07-08,7.719372749328613,18.294416427612305,0.2357623130083084
2010-07-09,7.765141487121582,18.189496994018555,0.23667700588703156
2010-07-12,7.695448875427246,18.609193801879883,0.24102185666561127
2010-07-13,7.53124475479126,18.83403205871582,0.24971143901348114
2010-07-14,7.55905818939209,19.066364288330078,0.25222691893577576
2010-07-15,7.520775318145752,19.11882972717285,0.2451380491256714
2010-07-16,7.474416732788086,18.654157638549805,0.22981689870357513
2010-07-19,7.345206260681152,18.90898323059082,0.2391924113035202
2010-07-20,7.533937454223633,19.096345901489258,0.2451380491256714
2010-07-21,7.604226112365723,18.8265438079834,0.23713438212871552
2010-07-22,7.747191905975342,19.366151809692383,0.24102185666561127
2010-07-23,7.774710178375244,19.34366798400879,0.2369057834148407
2010-07-26,7.75496768951416,19.561012268066406,0.24125061929225922
2010-07-27,7.898533344268799,19.60599136352539,0.2391924113035202
2010-07-28,7.805217266082764,19.448596954345703,0.23164620995521545
2010-07-29,7.719975471496582,19.508556365966797,0.20877891778945923
2010-07-30,7.694252967834473,19.34366798400879,0.21015097200870514
2010-08-02,7.831840515136719,19.73338508605957,0.20992231369018555
2010-08-03,7.834230899810791,19.60599136352539,0.20443414151668549
2010-08-04,7.865634441375732,19.28371238708496,0.21312367916107178
2010-08-05,7.8273491859436035,19.01390266418457,0.2158678025007248
2010-08-06,7.779195785522461,19.148805618286133,0.21838322281837463
2010-08-09,7.828845500946045,19.19377326965332,0.2204412817955017
2010-08-10,7.758862495422363,18.7890682220459,0.21129435300827026
2010-08-11,7.483094215393066,18.631675720214844,0.20306210219860077
2010-08-12,7.530943393707275,18.354381561279297,0.20489142835140228
2010-08-13,7.450490951538086,18.28691864013672,0.21472443640232086
2010-08-16,7.406820774078369,18.361873626708984,0.2092362493276596
2010-08-17,7.5363311767578125,18.618051528930664,0.21198035776615143
2010-08-18,7.569228172302246,18.700927734375,0.21312367916107178
2010-08-19,7.47381591796875,18.414609909057617,0.22592943906784058
2010-08-20,7.466639041900635,18.25638771057129,0.22798748314380646
2010-08-23,7.351789951324463,18.2940616607666,0.22455736994743347
2010-08-24,7.176218032836914,18.11322593688965,0.22227062284946442
2010-08-25,7.26475191116333,18.158443450927734,0.22684407234191895
2010-08-26,7.186687469482422,17.947467803955078,0.2241000533103943
2010-08-27,7.226764678955078,18.03034210205078,0.23141762614250183
2010-08-30,7.253086090087891,17.811840057373047,0.2204412817955017
2010-08-31,7.271032810211182,17.683753967285156,0.21335239708423615
2010-09-01,7.487277030944824,18.007741928100586,0.21495310962200165
2010-09-02,7.542311191558838,18.037883758544922,0.2188405692577362
2010-09-03,7.739712715148926,18.30159568786621,0.22638671100139618
2010-09-07,7.711002826690674,18.05295181274414,0.22844485938549042
2010-09-08,7.863841533660889,18.03034210205078,0.235990971326828
2010-09-09,7.8683271408081055,18.090625762939453,0.23278971016407013
2010-09-10,7.8784966468811035,17.970067977905273,0.2302742302417755
2010-09-13,7.987065315246582,18.91943359375,0.24330860376358032
2010-09-14,8.017572402954102,18.85915756225586,0.24102185666561127
2010-09-15,8.082181930541992,18.926973342895508,0.24147929251194
2010-09-16,8.272103309631348,19.085195541381836,0.24170789122581482
2010-09-17,8.236217498779297,19.00231170654297,0.24125061929225922
2010-09-20,8.471305847167969,19.16054344177246,0.2449093610048294
2010-09-21,8.487458229064941,18.949567794799805,0.25817254185676575
2010-09-22,8.606494903564453,18.542699813842773,0.26045915484428406
2010-09-23,8.64149284362793,18.407073974609375,0.26571863889694214
2010-09-24,8.743182182312012,18.67079734802246,0.2803537845611572
2010-09-27,8.70848560333252,18.633113861083984,0.27440816164016724
2010-09-28,8.579876899719238,18.595441818237305,0.27372220158576965
2010-09-29,8.595129013061523,18.45982551574707,0.2716641128063202
2010-09-30,8.486857414245605,18.452293395996094,0.26709064841270447
2010-10-01,8.450069427490234,18.36940574645996,0.2595444619655609
2010-10-04,8.334024429321289,18.015277862548828,0.2570289075374603
2010-10-05,8.642090797424316,18.346803665161133,0.2588582932949066
2010-10-06,8.649565696716309,18.407073974609375,0.24650993943214417
2010-10-07,8.650465965270996,18.482421875,0.24468064308166504
2010-10-08,8.795526504516602,18.51255989074707,0.24833934009075165
2010-10-11,8.8341064453125,18.527637481689453,0.24719609320163727
2010-10-12,8.929221153259277,18.708459854125977,0.2519981563091278
2010-10-13,8.97707462310791,19.092731475830078,0.2593156695365906
2010-10-14,9.041979789733887,19.009851455688477,0.2551996409893036
2010-10-15,9.4137544631958,19.24342155456543,0.25817254185676575
2010-10-18,9.511262893676758,19.45439338684082,0.25977322459220886
2010-10-19,9.256730079650879,18.911893844604492,0.25817254185676575
2010-10-20,9.287835121154785,19.070125579833984,0.25817254185676575
2010-10-21,9.2576322555542,19.152999877929688,0.2535989582538605
2010-10-22,9.196313858032227,19.12286376953125,0.2698347866535187
2010-10-25,9.237286567687988,18.979707717895508,0.27235013246536255
2010-10-26,9.213663101196289,19.51466178894043,0.2714354991912842
2010-10-27,9.20708179473877,19.627687454223633,0.2753228545188904
2010-10-28,9.129619598388672,19.800992965698242,0.2755516767501831
2010-10-29,9.002201080322266,20.094833374023438,0.2748654782772064
2010-11-01,9.097912788391113,20.305801391601562,0.2753228545188904
2010-11-02,9.252842903137207,20.637325286865234,0.2810397744178772
2010-11-03,9.35573673248291,20.366071701049805,0.2830978333950043
2010-11-04,9.519340515136719,20.448959350585938,0.28355515003204346
2010-11-05,9.48523998260498,20.23045539855957,0.28835731744766235
2010-11-08,9.529807090759277,20.2003173828125,0.28950071334838867
2010-11-09,9.453834533691406,20.305801391601562,0.287899911403656
2010-11-10,9.512158393859863,20.298267364501953,0.2913300395011902
2010-11-11,9.470884323120117,20.102373123168945,0.28835731744766235
2010-11-12,9.21306324005127,19.7934513092041,0.3032210171222687
2010-11-15,9.183455467224121,19.740711212158203,0.29956233501434326
2010-11-16,9.02044677734375,19.566343307495117,0.2906440496444702
2010-11-17,8.987842559814453,19.3843994140625,0.2954462170600891
2010-11-18,9.225024223327637,19.589092254638672,0.3045930564403534
2010-11-19,9.17418098449707,19.47536277770996,0.31442612409591675
2010-11-22,9.372483253479004,19.50569725036621,0.31465473771095276
2010-11-23,9.233999252319336,19.04326057434082,0.3073371648788452
2010-11-24,9.415553092956543,19.232784271240234,0.31488344073295593
2010-11-26,9.421534538269043,19.141820907592773,0.3109959661960602
2010-11-29,9.47746467590332,19.187301635742188,0.31442612409591675
2010-11-30,9.306381225585938,19.149398803710938,0.3112246096134186
2010-12-01,9.463407516479492,19.74070930480957,0.32494500279426575
2010-12-02,9.51574993133545,20.385082244873047,0.3288322985172272
2010-12-03,9.494514465332031,20.483638763427734,0.3382081687450409
2010-12-06,9.575569152832031,20.34718132019043,0.3318052887916565
2010-12-07,9.51754379272461,20.369924545288086,0.3425530195236206
2010-12-08,9.601293563842773,20.642831802368164,0.3455255925655365
2010-12-09,9.563904762268066,20.529123306274414,0.33980879187583923
2010-12-10,9.58782958984375,20.72622299194336,0.34186679124832153
2010-12-13,9.621028900146484,20.65799331665039,0.3331772983074188
2010-12-14,9.579754829406738,20.938495635986328,0.3336346447467804
2010-12-15,9.581849098205566,21.112850189208984,0.32631716132164
2010-12-16,9.60846996307373,21.218982696533203,0.3267745077610016
2010-12-17,9.589323043823242,21.1507568359375,0.3286038339138031
2010-12-20,9.637179374694824,21.082530975341797,0.32723185420036316
2010-12-21,9.696703910827637,21.27962875366211,0.34003761410713196
2010-12-22,9.72541332244873,21.370601654052734,0.343696266412735
2010-12-23,9.678756713867188,21.45398712158203,0.34118083119392395
2010-12-27,9.711057662963867,21.27962875366211,0.3430103063583374
2010-12-28,9.734687805175781,21.23414421081543,0.34163838624954224
2010-12-29,9.7293062210083,21.203824996948242,0.34163838624954224
2010-12-30,9.680548667907715,21.112850189208984,0.34278151392936707
2010-12-31,9.647648811340332,21.158340454101562,0.3521571457386017
2011-01-03,9.85731315612793,21.211400985717773,0.36176151037216187
2011-01-04,9.90876293182373,21.2947940826416,0.36061814427375793
2011-01-05,9.989818572998047,21.226564407348633,0.38828763365745544
2011-01-06,9.981742858886719,21.848201751708984,0.4420257806777954
2011-01-07,10.053223609924316,21.681419372558594,0.45437419414520264
2011-01-10,10.242552757263184,21.393346786499023,0.4717533588409424
2011-01-11,10.218326568603516,21.309955596923828,0.46443578600883484
2011-01-12,10.301473617553711,21.643518447875977,0.533952534198761
2011-01-13,10.339159965515137,21.370601654052734,0.5348674654960632
2011-01-14,10.422907829284668,21.45398712158203,0.5394408702850342
2011-01-18,10.188714981079102,21.726913452148438,0.5268635749816895
2011-01-19,10.134581565856934,21.58286476135254,0.5124574899673462
2011-01-20,9.950334548950195,21.491901397705078,0.5129147171974182
2011-01-21,9.772076606750488,21.241729736328125,0.5081126689910889
2011-01-24,10.093008041381836,21.514638900756836,0.5655096769332886
2011-01-25,10.21114730834961,21.56770896911621,0.5481302738189697
2011-01-26,10.284425735473633,21.8178768157959,0.5611647963523865
2011-01-27,10.265281677246094,21.8861083984375,0.5595641732215881
2011-01-28,10.052624702453613,21.03704261779785,0.5433282256126404
2011-01-31,10.148937225341797,21.021886825561523,0.5469870567321777
2011-02-01,10.319718360900879,21.218982696533203,0.5595641732215881
2011-02-02,10.298483848571777,21.18107795715332,0.584946870803833
2011-02-03,10.272162437438965,20.961238861083984,0.573970377445221
2011-02-04,10.363689422607422,21.052213668823242,0.587005078792572
2011-02-07,10.524600982666016,21.378183364868164,0.5625367760658264
2011-02-08,10.6239013671875,21.438833236694336,0.5458436012268066
2011-02-09,10.712432861328125,21.203824996948242,0.5325804948806763
2011-02-10,10.604157447814941,20.847517013549805,0.5218329429626465
2011-02-11,10.673254013061523,20.65799331665039,0.5366965532302856
2011-02-14,10.742939949035645,20.642831802368164,0.5284644365310669
2011-02-15,10.764474868774414,20.55895233154297,0.5156587958335876
2011-02-16,10.86108684539795,20.60470962524414,0.534638524055481
2011-02-17,10.716619491577148,20.749597549438477,0.5872335433959961
2011-02-18,10.485121726989746,20.635208129882812,0.5860903859138489
2011-02-22,10.127699851989746,20.276805877685547,0.5307512879371643
2011-02-23,10.247641563415527,20.276805877685547,0.5055971145629883
2011-02-24,10.255415916442871,20.414058685302734,0.5179453492164612
2011-02-25,10.413336753845215,20.24629783630371,0.5286931991577148
2011-02-28,10.564376831054688,20.269182205200195,0.5181742906570435
2011-03-01,10.447731018066406,19.948894500732422,0.49507808685302734
2011-03-02,10.531778335571289,19.887889862060547,0.47449755668640137
2011-03-03,10.754305839538574,19.97939682006836,0.477241575717926
2011-03-04,10.76746654510498,19.78875732421875,0.4747260808944702
2011-03-07,10.628690719604492,19.613357543945312,0.4680946469306946
2011-03-08,10.64064884185791,19.75825309753418,0.44705668091773987
2011-03-09,10.54224681854248,19.74300193786621,0.4376811385154724
2011-03-10,10.368773460388184,19.376970291137695,0.40978285670280457
2011-03-11,10.527894020080566,19.58285903930664,0.41275566816329956
2011-03-14,10.574850082397461,19.59048843383789,0.41618576645851135
2011-03-15,10.331683158874512,19.361719131469727,0.40383750200271606
2011-03-16,9.870477676391602,18.90416717529297,0.4008646309375763
2011-03-17,10.00896167755127,18.896547317504883,0.4084109365940094
2011-03-18,9.890216827392578,18.911787033081055,0.40292274951934814
2011-03-21,10.148336410522461,19.31595802307129,0.40612420439720154
2011-03-22,10.20516300201416,19.293079376220703,0.3990353047847748
2011-03-23,10.145047187805176,19.476097106933594,0.4072675406932831
2011-03-24,10.317926406860352,19.68199348449707,0.43973904848098755
2011-03-25,10.514430046081543,19.537107467651367,0.4260186553001404
2011-03-28,10.481531143188477,19.376970291137695,0.44179728627204895
2011-03-29,10.49708366394043,19.437976837158203,0.43836721777915955
2011-03-30,10.42739486694336,19.529478073120117,0.421902596950531
2011-03-31,10.423807144165039,19.361719131469727,0.4221312999725342
2011-04-01,10.30566120147705,19.430341720581055,0.41618576645851135
2011-04-04,10.204867362976074,19.483718872070312,0.40132200717926025
2011-04-05,10.136075019836426,19.659114837646484,0.4020079970359802
2011-04-06,10.110650062561035,19.941265106201172,0.39926406741142273
2011-04-07,10.111847877502441,19.97939682006836,0.4138989746570587
2011-04-08,10.02151870727539,19.880266189575195,0.40132200717926025
2011-04-11,9.8941068649292,19.811626434326172,0.3960625231266022
2011-04-12,9.94196605682373,19.55235481262207,0.3972059190273285
2011-04-13,10.053526878356934,19.544736862182617,0.40612420439720154
2011-04-14,9.942561149597168,19.384586334228516,0.4232746958732605
2011-04-15,9.794205665588379,19.346467971801758,0.4278481602668762
2011-04-18,9.925508499145508,19.12531852722168,0.4136703312397003
2011-04-19,10.105266571044922,19.178693771362305,0.41206973791122437
2011-04-20,10.241355895996094,19.64385986328125,0.42464661598205566
2011-04-21,10.489303588867188,19.460851669311523,0.4235033392906189
2011-04-25,10.558401107788086,19.529478073120117,0.43013492226600647
2011-04-26,10.480936050415039,19.971763610839844,0.44133976101875305
2011-04-27,10.472855567932129,20.116666793823242,0.44133976101875305
2011-04-28,10.371161460876465,20.368303298950195,0.44614195823669434
2011-04-29,10.472260475158691,19.76588249206543,0.4573471248149872
2011-05-02,10.357109069824219,19.567607879638672,0.4511728882789612
2011-05-03,10.414531707763672,19.68199348449707,0.42967745661735535
2011-05-04,10.455512046813965,19.87263298034668,0.42647603154182434
2011-05-05,10.371161460876465,19.66674041748047,0.4267047941684723
2011-05-06,10.368474006652832,19.72774887084961,0.44179728627204895
2011-05-09,10.396585464477539,19.697246551513672,0.45163020491600037
2011-05-10,10.451918601989746,19.575239181518555,0.4523162245750427
2011-05-11,10.385516166687012,19.338838577270508,0.45437419414520264
2011-05-12,10.365779876708984,19.30834197998047,0.4687807261943817
2011-05-13,10.184226989746094,19.087186813354492,0.41755783557891846
2011-05-16,9.968880653381348,18.736398696899414,0.40475207567214966
2011-05-17,10.053826332092285,18.820838928222656,0.4031515121459961
2011-05-18,10.165385246276855,18.951322555541992,0.41252705454826355
2011-05-19,10.185127258300781,18.974349975585938,0.40658143162727356
2011-05-20,10.026308059692383,18.79781150817871,0.4136703312397003
2011-05-23,10.001781463623047,18.552183151245117,0.4132131338119507
2011-05-24,9.93567943572998,18.536832809448242,0.4148138165473938
2011-05-25,10.072962760925293,18.56753921508789,0.4198446273803711
2011-05-26,10.019726753234863,18.93597984313965,0.4303634762763977
2011-05-27,10.091805458068848,19.005056381225586,0.4459133744239807
2011-05-31,10.403468132019043,19.196949005126953,0.45826175808906555
2011-06-01,10.334077835083008,18.751754760742188,0.4376811385154724
2011-06-02,10.351723670959473,18.590557098388672,0.4356229603290558
2011-06-03,10.272162437438965,18.352619171142578,0.4221312999725342
2011-06-06,10.110650062561035,18.42937469482422,0.4132131338119507
2011-06-07,9.931193351745605,18.467754364013672,0.41298437118530273
2011-06-08,9.937177658081055,18.375648498535156,0.40177929401397705
2011-06-09,9.914746284484863,18.390989303588867,0.3972059190273285
2011-06-10,9.747549057006836,18.199106216430664,0.3914889991283417
2011-06-13,9.768485069274902,18.452402114868164,0.38874495029449463
2011-06-14,9.943157196044922,18.590557098388672,0.391946405172348
2011-06-15,9.772974014282227,18.222131729125977,0.38348546624183655
2011-06-16,9.72541332244873,18.421695709228516,0.37022238969802856
2011-06-17,9.578857421875,18.621267318725586,0.3615328073501587
2011-06-20,9.431106567382812,18.782455444335938,0.357187956571579
2011-06-21,9.729605674743652,19.005056381225586,0.36496293544769287
2011-06-22,9.64914608001709,18.920623779296875,0.3599321246147156
2011-06-23,9.906962394714355,18.905269622802734,0.3706797659397125
2011-06-24,9.761006355285645,18.651962280273438,0.3599321246147156
2011-06-27,9.931193351745605,19.342790603637695,0.3523857891559601
2011-06-28,10.027503967285156,19.803327560424805,0.35444390773773193
2011-06-29,9.991013526916504,19.66516876220703,0.3599321246147156
2011-06-30,10.039765357971191,19.956836700439453,0.3645055592060089
2011-07-01,10.266779899597168,19.97219467163086,0.3693077266216278
2011-07-05,10.451321601867676,19.9798641204834,0.3631335198879242
2011-07-06,10.521010398864746,20.21013832092285,0.35833144187927246
2011-07-07,10.683721542358398,20.547866821289062,0.3597034513950348
2011-07-08,10.758794784545898,20.66301155090332,0.35284316539764404
2011-07-11,10.588008880615234,20.44040870666504,0.340494841337204
2011-07-12,10.58053207397461,20.37133026123047,0.3359213173389435
2011-07-13,10.708247184753418,20.44040870666504,0.3352353870868683
2011-07-14,10.700769424438477,20.317602157592773,0.3219723403453827
2011-07-15,10.914621353149414,20.555545806884766,0.3224296271800995
2011-07-18,11.180221557617188,20.409711837768555,0.31556937098503113
2011-07-19,11.27144718170166,21.138896942138672,0.3251737952232361
2011-07-20,11.572035789489746,20.770462036132812,0.3210577070713043
2011-07-21,11.58370304107666,20.801172256469727,0.33615007996559143
2011-07-22,11.763460159301758,21.131221771240234,0.3430103063583374
2011-07-25,11.918986320495605,21.422897338867188,0.33752214908599854
2011-07-26,12.06584644317627,21.55339813232422,0.3292899429798126
2011-07-27,11.742220878601074,20.977710723876953,0.31694161891937256
2011-07-28,11.71919059753418,21.277067184448242,0.3162556290626526
2011-07-29,11.679113388061523,21.031444549560547,0.3162556290626526
2011-08-01,11.866644859313965,20.931650161743164,0.3331772983074188
2011-08-02,11.632150650024414,20.57090187072754,0.3297472298145294
2011-08-03,11.741626739501953,20.66301155090332,0.3386654853820801
2011-08-04,11.286995887756348,19.91078758239746,0.30642256140708923
2011-08-05,11.174835205078125,19.711217880249023,0.29613208770751953
2011-08-08,10.564376831054688,18.79013442993164,0.2728075087070465
2011-08-09,11.186498641967773,19.634464263916016,0.2956748902797699
2011-08-10,10.877835273742676,18.57521629333496,0.28218308091163635
2011-08-11,11.177230834960938,19.33510398864746,0.30665111541748047
2011-08-12,11.275634765625,19.26602554321289,0.2945314347743988
2011-08-15,11.467652320861816,19.58072853088379,0.3057365417480469
2011-08-16,11.380017280578613,19.58072853088379,0.29704704880714417
2011-08-17,11.378817558288574,19.503494262695312,0.29293081164360046
2011-08-18,10.948416709899902,19.05549430847168,0.2730361223220825
2011-08-19,10.648724555969238,18.576597213745117,0.2682339549064636
2011-08-22,10.660987854003906,18.52252197265625,0.2730361223220825
2011-08-23,11.174241065979004,19.09410858154297,0.3025350272655487
2011-08-24,11.251405715942383,19.2331485748291,0.29819026589393616
2011-08-25,11.177828788757324,18.97824478149414,0.28538450598716736
2011-08-26,11.472734451293945,19.503494262695312,0.2975043058395386
2011-08-29,11.663857460021973,19.959218978881836,0.3055078089237213
2011-08-30,11.66445541381836,20.260456085205078,0.3128252923488617
2011-08-31,11.510123252868652,20.54625129699707,0.30436453223228455
2011-09-01,11.396465301513672,20.245010375976562,0.30367839336395264
2011-09-02,11.187697410583496,19.92831802368164,0.2954462170600891
2011-09-06,11.357884407043457,19.704317092895508,0.3013916611671448
2011-09-07,11.483205795288086,20.082799911499023,0.3258597254753113
2011-09-08,11.489487648010254,20.25273895263672,0.32425910234451294
2011-09-09,11.290287017822266,19.881973266601562,0.31739887595176697
2011-09-12,11.363865852355957,19.997840881347656,0.32494500279426575
2011-09-13,11.503841400146484,20.11370086669922,0.33226263523101807
2011-09-14,11.643815994262695,20.469005584716797,0.34941306710243225
2011-09-15,11.753290176391602,20.847492218017578,0.35444390773773193
2011-09-16,11.97880744934082,20.947904586791992,0.3535292446613312
2011-09-19,12.311699867248535,21.017425537109375,0.34621158242225647
2011-09-20,12.366138458251953,20.839767456054688,0.3372933268547058
2011-09-21,12.326955795288086,20.07508087158203,0.3308905065059662
2011-09-22,12.018284797668457,19.356727600097656,0.30893781781196594
2011-09-23,12.092466354370117,19.356727600097656,0.31534087657928467
2011-09-26,12.058664321899414,19.650245666503906,0.31602662801742554
2011-09-27,11.941722869873047,19.827905654907227,0.3164840638637543
2011-09-28,11.874425888061523,19.758390426635742,0.30687984824180603
2011-09-29,11.681802749633789,19.657978057861328,0.2993335723876953
2011-09-30,11.405138969421387,19.225421905517578,0.2860705256462097
2011-10-03,11.204143524169922,18.94735336303711,0.2700634300708771
2011-10-04,11.141335487365723,19.573007583618164,0.29498881101608276
2011-10-05,11.313318252563477,19.997840881347656,0.3055078089237213
2011-10-06,11.286995887756348,20.345420837402344,0.31762757897377014
2011-10-07,11.06058406829834,20.27590560913086,0.3235730528831482
2011-10-10,11.629164695739746,20.80887222290039,0.33797943592071533
2011-10-11,11.97252082824707,20.855213165283203,0.33432063460350037
2011-10-12,12.029354095458984,20.824317932128906,0.33409208059310913
2011-10-13,12.21599006652832,20.994253158569336,0.3535292446613312
2011-10-14,12.621864318847656,21.063764572143555,0.3594747483730316
2011-10-17,12.561742782592773,20.839767456054688,0.34163838624954224
2011-10-18,12.62904167175293,21.094663619995117,0.3539866805076599
2011-10-19,11.922574996948242,20.955636978149414,0.3468976616859436
2011-10-20,11.823577880859375,20.886117935180664,0.32951852679252625
2011-10-21,11.75059700012207,20.97879981994629,0.33111920952796936
2011-10-24,12.136430740356445,21.001977920532227,0.3434676229953766
2011-10-25,11.8971529006958,20.70846176147461,0.3304332494735718
2011-10-26,11.981796264648438,20.538530349731445,0.33432063460350037
2011-10-27,12.104127883911133,21.048320770263672,0.3487270772457123
2011-10-28,12.111903190612793,20.839767456054688,0.35673069953918457
2011-10-31,12.10681438446045,20.569419860839844,0.3384367823600769
2011-11-01,11.859467506408691,20.07508087158203,0.32151490449905396
2011-11-02,11.88638687133789,20.090530395507812,0.31602662801742554
2011-11-03,12.05567741394043,20.492183685302734,0.33500686287879944
2011-11-04,11.971030235290527,20.27590560913086,0.3388940691947937
2011-11-07,11.955775260925293,20.70073890686035,0.33706483244895935
2011-11-08,12.150191307067871,20.97879981994629,0.3448397219181061
2011-11-09,11.822675704956055,20.23728370666504,0.3274604380130768
2011-11-10,11.521785736083984,20.299081802368164,0.3308905065059662
2011-11-11,11.503841400146484,20.78570556640625,0.3425530195236206
2011-11-14,11.343522071838379,20.66983985900879,0.3359213173389435
2011-11-15,11.629756927490234,20.80991554260254,0.34026625752449036
2011-11-16,11.508329391479492,20.28850746154785,0.3334059417247772
2011-11-17,11.288196563720703,19.876049041748047,0.32151490449905396
2011-11-18,11.214319229125977,19.689260482788086,0.3185422122478485
2011-11-21,11.03695297241211,19.455801010131836,0.33454927802085876
2011-11-22,11.261276245117188,19.29236602783203,0.3448397219181061
2011-11-23,10.976539611816406,19.043333053588867,0.33020445704460144
2011-11-25,10.874246597290039,18.91102409362793,0.3210577070713043
2011-11-28,11.249611854553223,19.35462760925293,0.3391228914260864
2011-11-29,11.162277221679688,19.331274032592773,0.34095218777656555
2011-11-30,11.431461334228516,19.90717887878418,0.35741662979125977
2011-12-01,11.602845191955566,19.6737003326416,0.36176151037216187
2011-12-02,11.655784606933594,19.62700843811035,0.3594747483730316
2011-12-05,11.754780769348145,20.00055694580078,0.3539866805076599
2011-12-06,11.693166732788086,19.96942901611328,0.34895583987236023
2011-12-07,11.637540817260742,19.9227352142334,0.3468976616859436
2011-12-08,11.684494972229004,19.767091751098633,0.3359213173389435
2011-12-09,11.773031234741211,20.00055694580078,0.34072354435920715
2011-12-12,11.719791412353516,19.852699279785156,0.33226263523101807
2011-12-13,11.629164695739746,20.04724884033203,0.323115736246109
2011-12-14,11.371344566345215,19.914953231811523,0.310538649559021
2011-12-15,11.333956718444824,19.891605377197266,0.3077945113182068
2011-12-16,11.396164894104004,20.234031677246094,0.30893781781196594
2011-12-19,11.43175983428955,19.868263244628906,0.3009343147277832
2011-12-20,11.8427152633667,20.257373809814453,0.31785616278648376
2011-12-21,11.857671737670898,20.04724884033203,0.3137400150299072
2011-12-22,11.920480728149414,20.08617401123047,0.32723185420036316
2011-12-23,12.063453674316406,20.257373809814453,0.3240302503108978
2011-12-27,12.159163475036621,20.26515769958496,0.32151490449905396
2011-12-28,12.042815208435059,20.093942642211914,0.31351137161254883
2011-12-29,12.116990089416504,20.249591827392578,0.31945693492889404
2011-12-30,12.113402366638184,20.20290184020996,0.31694161891937256
2012-01-03,12.299738883972168,20.833261489868164,0.3210577070713043
2012-01-04,12.365836143493652,21.323556900024414,0.32471638917922974
2012-01-05,12.503121376037598,21.541458129882812,0.3363787829875946
2012-01-06,12.633831024169922,21.8760986328125,0.33249130845069885
2012-01-09,12.61379337310791,21.588159561157227,0.33249130845069885
2012-01-10,12.658949851989746,21.665977478027344,0.33111920952796936
2012-01-11,12.638317108154297,21.572587966918945,0.32448774576187134
2012-01-12,12.603619575500488,21.79048728942871,0.3224296271800995
2012-01-13,12.556364059448242,21.98505401611328,0.313968688249588
2012-01-17,12.702622413635254,21.992834091186523,0.3091665804386139
2012-01-18,12.834518432617188,21.96949005126953,0.31968554854393005
2012-01-19,12.793848037719727,21.883880615234375,0.3281465470790863
2012-01-20,12.571017265319824,23.121267318725586,0.3251737952232361
2012-01-23,12.783673286437988,23.13683319091797,0.33409208059310913
2012-01-24,12.574308395385742,22.83332061767578,0.34163838624954224
2012-01-25,13.3594331741333,23.00453758239746,0.33958011865615845
2012-01-26,13.298718452453613,22.957841873168945,0.3363787829875946
2012-01-27,13.37798023223877,22.74772834777832,0.34095218777656555
2012-01-30,13.549363136291504,23.043445587158203,0.3384367823600769
2012-01-31,13.65314769744873,22.981189727783203,0.33775076270103455
2012-02-01,13.644469261169434,23.261348724365234,0.34140950441360474
2012-02-02,13.612470626831055,23.30804443359375,0.3542153239250183
2012-02-03,13.748861312866211,23.533727645874023,0.36176151037216187
2012-02-06,13.87717342376709,23.502601623535156,0.3590174913406372
2012-02-07,14.022533416748047,23.619338989257812,0.3599321246147156
2012-02-08,14.25732135772705,23.860586166381836,0.3729664981365204
2012-02-09,14.750534057617188,23.946189880371094,0.3727377653121948
2012-02-10,14.75801944732666,23.736068725585938,0.3635908365249634
2012-02-13,15.032583236694336,23.79832649230957,0.3693077266216278
2012-02-14,15.237767219543457,23.69649314880371,0.37136566638946533
2012-02-15,14.885126113891602,23.539823532104492,0.3697650730609894
2012-02-16,15.020915985107422,24.511186599731445,0.376167893409729
2012-02-17,15.018227577209473,24.47985076904297,0.362447589635849
2012-02-21,15.398982048034668,24.628686904907227,0.36427703499794006
2012-02-22,15.344839096069336,24.495515823364258,0.36176151037216187
2012-02-23,15.445032119750977,24.5738525390625,0.36381959915161133
2012-02-24,15.625089645385742,24.66002082824707,0.36107543110847473
2012-02-27,15.72529125213623,24.558191299438477,0.3537580370903015
2012-02-28,16.013912200927734,24.965526580810547,0.35055646300315857
2012-02-29,16.224172592163086,24.863689422607422,0.3464403450489044
2012-03-01,16.284889221191406,25.294546127319336,0.3487270772457123
2012-03-02,16.306140899658203,25.130037307739258,0.35169997811317444
2012-03-05,15.946624755859375,24.91069221496582,0.33980879187583923
2012-03-06,15.859886169433594,24.722688674926758,0.3366074562072754
2012-03-07,15.872742652893066,24.942031860351562,0.3386654853820801
2012-03-08,16.210721969604492,25.0751953125,0.33980879187583923
2012-03-09,16.305837631225586,25.05953598022461,0.3388940691947937
2012-03-12,16.510116577148438,25.09869956970215,0.3336346447467804
2012-03-13,16.99165916442871,25.59221649169922,0.3382081687450409
2012-03-14,17.634122848510742,25.670551300048828,0.3286038339138031
2012-03-15,17.51388168334961,25.733224868774414,0.3334059417247772
2012-03-16,17.51418113708496,25.537378311157227,0.33386334776878357
2012-03-19,17.978679656982422,25.224037170410156,0.3347780406475067
2012-03-20,18.124040603637695,25.05953598022461,0.3292899429798126
2012-03-21,18.02056121826172,24.996862411499023,0.3306618630886078
2012-03-22,17.926042556762695,25.067365646362305,0.33020445704460144
2012-03-23,17.827638626098633,25.0751953125,0.332720011472702
2012-03-26,18.154542922973633,25.5295467376709,0.3366074562072754
2012-03-27,18.378868103027344,25.47471046447754,0.3388940691947937
2012-03-28,18.472789764404297,25.216203689575195,0.3466692268848419
2012-03-29,18.24068260192871,25.16136932373047,0.3482697904109955
2012-03-30,17.932313919067383,25.27103042602539,0.3521571457386017
2012-04-02,18.502986907958984,25.294546127319336,0.35055646300315857
2012-04-03,18.822731018066406,25.020360946655273,0.3448397219181061
2012-04-04,18.672883987426758,24.44851303100586,0.33500686287879944
2012-04-05,18.953140258789062,24.69135093688965,0.33454927802085876
2012-04-09,19.02941131591797,24.362350463867188,0.33020445704460144
2012-04-10,18.796411514282227,23.86883544921875,0.32380157709121704
2012-04-11,18.729408264160156,23.774831771850586,0.32791781425476074
2012-04-12,18.626813888549805,24.268346786499023,0.33569276332855225
2012-04-13,18.102201461791992,24.135173797607422,0.32380157709121704
2012-04-16,17.351470947265625,24.34668731689453,0.31991422176361084
2012-04-17,18.235902786254883,24.628686904907227,0.3206002414226532
2012-04-18,18.195222854614258,24.393680572509766,0.3171701729297638
2012-04-19,17.570112228393555,24.29184913635254,0.31236809492111206
2012-04-20,17.137619018554688,25.39637565612793,0.30619385838508606
2012-04-23,17.099334716796875,25.16136932373047,0.3025350272655487
2012-04-24,16.757762908935547,25.00469970703125,0.2931594252586365
2012-04-25,18.2448673248291,25.224037170410156,0.2991050183773041
2012-04-26,18.17608070373535,25.153541564941406,0.2993335723876953
2012-04-27,18.03550910949707,25.051698684692383,0.2968181073665619
2012-04-30,17.466629028320312,25.08303451538086,0.297275573015213
2012-05-01,17.411298751831055,25.0751953125,0.3025350272655487
2012-05-02,17.52643585205078,24.91069221496582,0.29384544491767883
2012-05-03,17.402019500732422,24.879358291625977,0.2888146936893463
2012-05-04,16.906415939331055,24.268346786499023,0.2803537845611572
2012-05-07,17.032939910888672,24.00983428955078,0.2851558327674866
2012-05-08,16.99405860900879,23.8923282623291,0.2849271893501282
2012-05-09,17.023956298828125,24.09600257873535,0.2860705256462097
2012-05-10,17.064041137695312,24.080341339111328,0.28401249647140503
2012-05-11,16.95008087158203,24.40934944152832,0.30207768082618713
2012-05-14,16.6961612701416,24.03333854675293,0.30024829506874084
2012-05-15,16.545106887817383,23.82044219970703,0.297275573015213
2012-05-16,16.333051681518555,23.576013565063477,0.2913300395011902
2012-05-17,15.855694770812988,23.434080123901367,0.28927186131477356
2012-05-18,15.863472938537598,23.07925796508789,0.2762375473976135
2012-05-21,16.787681579589844,23.457738876342773,0.2810397744178772
2012-05-22,16.65877342224121,23.465614318847656,0.277609646320343
2012-05-23,17.06524085998535,22.953105926513672,0.2844698429107666
2012-05-24,16.90851593017578,22.92155647277832,0.27692362666130066
2012-05-25,16.817888259887695,22.91366958618164,0.28355515003204346
2012-05-29,17.116384506225586,23.307918548583984,0.290872722864151
2012-05-30,17.322769165039062,23.134449005126953,0.28744253516197205
2012-05-31,17.279695510864258,23.01618194580078,0.28424105048179626
2012-06-01,16.779003143310547,22.432695388793945,0.2739509344100952
2012-06-04,16.87769889831543,22.51154136657715,0.2682339549064636
2012-06-05,16.83403205871582,22.48000144958496,0.27600887417793274
2012-06-06,17.092161178588867,23.14234161376953,0.2833264470100403
2012-06-07,17.099933624267578,23.04771614074707,0.27189281582832336
2012-06-08,17.357160568237305,23.378875732421875,0.27715227007865906
2012-06-11,17.083486557006836,22.787511825561523,0.2803537845611572
2012-06-12,17.232736587524414,23.09503173828125,0.2860705256462097
2012-06-13,17.11309242248535,22.9688720703125,0.27852433919906616
2012-06-14,17.09425163269043,23.134449005126953,0.27509424090385437
2012-06-15,17.172016143798828,23.670625686645508,0.2810397744178772
2012-06-18,17.520462036132812,23.528705596923828,0.28355515003204346
2012-06-19,17.569217681884766,24.206798553466797,0.30276376008987427
2012-06-20,17.519269943237305,24.388160705566406,0.3075658977031708
2012-06-21,17.277894973754883,23.76525115966797,0.29361677169799805
2012-06-22,17.4103946685791,24.206798553466797,0.297275573015213
2012-06-25,17.071523666381836,23.552350997924805,0.287899911403656
2012-06-26,17.109201431274414,23.670625686645508,0.2911013662815094
2012-06-27,17.183080673217773,23.788908004760742,0.30047693848609924
2012-06-28,17.02007484436035,23.583894729614258,0.30276376008987427
2012-06-29,17.467226028442383,24.120075225830078,0.31602662801742554
2012-07-02,17.722057342529297,24.09641456604004,0.3075658977031708
2012-07-03,17.92812728881836,24.254114151000977,0.31556937098503113
2012-07-05,18.24308204650879,24.206798553466797,0.31236809492111206
2012-07-06,18.12164306640625,23.804670333862305,0.30642256140708923
2012-07-09,18.361215591430664,23.654855728149414,0.3023064434528351
2012-07-10,18.19134521484375,23.44985008239746,0.2931594252586365
2012-07-11,18.078277587890625,23.1029109954834,0.28835731744766235
2012-07-12,17.91287612915039,22.574626922607422,0.28355515003204346
2012-07-13,18.094432830810547,23.173873901367188,0.2872139513492584
2012-07-16,18.152446746826172,23.213300704956055,0.2881285846233368
2012-07-17,18.15335464477539,23.386770248413086,0.2828691005706787
2012-07-18,18.133012771606445,24.009685516357422,0.2986474931240082
2012-07-19,18.374082565307617,24.183147430419922,0.3016203045845032
2012-07-20,18.074392318725586,23.749475479125977,0.29293081164360046
2012-07-23,18.06032943725586,23.087148666381836,0.2968181073665619
2012-07-24,17.973295211791992,22.984636306762695,0.29361677169799805
2012-07-25,17.19713592529297,22.732316970825195,0.2993335723876953
2012-07-26,17.194446563720703,22.992517471313477,0.3007056713104248
2012-07-27,17.501922607421875,23.465614318847656,0.3082517981529236
2012-07-30,17.79712677001953,23.371004104614258,0.3048217296600342
2012-07-31,18.267606735229492,23.23695945739746,0.30962395668029785
2012-08-01,18.149459838867188,23.189645767211914,0.30619385838508606
2012-08-02,18.178773880004883,23.01618194580078,0.3073371648788452
2012-08-03,18.415361404418945,23.457738876342773,0.3137400150299072
2012-08-06,18.6202449798584,23.615432739257812,0.3203716278076172
2012-08-07,18.57119369506836,23.8598690032959,0.3235730528831482
2012-08-08,18.5397891998291,23.915061950683594,0.3254024088382721
2012-08-09,18.64551544189453,24.04910659790039,0.3363787829875946
2012-08-10,18.674652099609375,23.98602867126465,0.33432063460350037
2012-08-13,18.923973083496094,23.962373733520508,0.3386654853820801
2012-08-14,18.974727630615234,23.914745330810547,0.3336346447467804
2012-08-15,18.94890785217285,23.970312118530273,0.33111920952796936
2012-08-16,19.11441421508789,24.4306697845459,0.33797943592071533
2012-08-17,19.46795654296875,24.525907516479492,0.33500686287879944
2012-08-20,19.979808807373047,24.398914337158203,0.33500686287879944
2012-08-21,19.70676040649414,24.446542739868164,0.33409208059310913
2012-08-22,20.091548919677734,24.24017333984375,0.3347780406475067
2012-08-23,19.904111862182617,24.01793098449707,0.32723185420036316
2012-08-24,19.921831130981445,24.25605010986328,0.33386334776878357
2012-08-27,20.296112060546875,24.359228134155273,0.3281465470790863
2012-08-28,20.26968002319336,24.31161117553711,0.3267745077610016
2012-08-29,20.229721069335938,24.32748031616211,0.3274604380130768
2012-08-30,19.94135284423828,24.065553665161133,0.32128626108169556
2012-08-31,19.98250961303711,24.46241569519043,0.32082900404930115
2012-09-04,20.2747745513916,24.121116638183594,0.30367839336395264
2012-09-05,20.132402420043945,24.121116638183594,0.3045930564403534
2012-09-06,20.31383514404297,24.883092880249023,0.313968688249588
2012-09-07,20.439088821411133,24.56560516357422,0.30642256140708923
2012-09-10,19.90741729736328,24.383047103881836,0.30367839336395264
2012-09-11,19.84282684326172,24.438600540161133,0.3073371648788452
2012-09-12,20.119190216064453,24.4306697845459,0.3107673227787018
2012-09-13,20.5153865814209,24.557655334472656,0.3128252923488617
2012-09-14,20.764699935913086,24.77195930480957,0.3164840638637543
2012-09-17,21.020021438598633,24.77195930480957,0.3077945113182068
2012-09-18,21.084007263183594,24.748157501220703,0.30985260009765625
2012-09-19,21.089704513549805,24.644969940185547,0.31351137161254883
2012-09-20,20.987585067749023,24.96245765686035,0.3112246096134186
2012-09-21,21.02933692932129,24.75609016418457,0.31259670853614807
2012-09-24,20.74999237060547,24.4306697845459,0.31236809492111206
2012-09-25,20.231821060180664,24.121116638183594,0.30665111541748047
2012-09-26,19.980714797973633,23.946502685546875,0.3013916611671448
2012-09-27,20.465518951416016,23.93855857849121,0.30367839336395264
2012-09-28,20.03838539123535,23.621070861816406,0.3050503730773926
2012-10-01,19.806787490844727,23.40677261352539,0.30001962184906006
2012-10-02,19.864463806152344,23.54170799255371,0.301162987947464
2012-10-03,20.16904640197754,23.700448989868164,0.29819026589393616
2012-10-04,20.02936553955078,23.83538055419922,0.311453253030777
2012-10-05,19.60253143310547,23.6925048828125,0.304135799407959
2012-10-08,19.169384002685547,23.636947631835938,0.301162987947464
2012-10-09,19.09969139099121,23.240089416503906,0.29476016759872437
2012-10-10,19.25168800354004,23.001976013183594,0.2897293269634247
2012-10-11,18.866901397705078,22.978166580200195,0.2913300395011902
2012-10-12,18.915258407592773,23.176591873168945,0.2888146936893463
2012-10-15,19.066951751708984,23.42264747619629,0.2924734354019165
2012-10-16,19.518417358398438,23.40677261352539,0.3009343147277832
2012-10-17,19.362821578979492,23.486146926879883,0.2986474931240082
2012-10-18,19.00326919555664,23.414710998535156,0.29407426714897156
2012-10-19,18.31839942932129,22.73211097717285,0.27692362666130066
2012-10-22,19.045026779174805,22.2241268157959,0.27372220158576965
2012-10-23,18.424137115478516,22.263811111450195,0.2819545269012451
2012-10-24,18.52836799621582,22.144758224487305,0.27829569578170776
2012-10-25,18.309398651123047,22.128883361816406,0.27852433919906616
2012-10-26,18.14298439025879,22.39081382751465,0.2755516767501831
2012-10-31,17.88224983215332,22.652740478515625,0.2739509344100952
2012-11-01,17.918901443481445,23.430585861206055,0.2869851887226105
2012-11-02,17.325944900512695,23.414710998535156,0.28561317920684814
2012-11-05,17.56084632873535,23.51788902282715,0.2977329194545746
2012-11-06,17.50767707824707,23.700448989868164,0.2975043058395386
2012-11-07,16.837785720825195,23.081342697143555,0.28835731744766235
2012-11-08,16.22673797607422,22.867042541503906,0.2899579107761383
2012-11-09,16.507671356201172,22.882915496826172,0.27875301241874695
2012-11-12,16.38002586364746,22.398744583129883,0.27257877588272095
2012-11-13,16.382143020629883,21.678531646728516,0.27052077651023865
2012-11-14,16.200483322143555,21.478471755981445,0.26388928294181824
2012-11-15,15.860710144042969,21.334428787231445,0.26503267884254456
2012-11-16,15.922871589660645,21.222389221191406,0.26023051142692566
2012-11-19,17.071043014526367,21.390439987182617,0.2675480544567108
2012-11-20,16.925596237182617,21.374441146850586,0.26444101333618164
2012-11-21,16.949438095092773,21.566495895385742,0.2720358371734619
2012-11-23,17.24515724182129,22.16668128967285,0.27387720346450806
2012-11-26,17.78921890258789,21.91859245300293,0.27871012687683105
2012-11-27,17.6458797454834,21.6705265045166,0.2798610329627991
2012-11-28,17.590360641479492,21.894594192504883,0.28216245770454407
2012-11-29,17.78407859802246,21.566495895385742,0.2770991027355194
2012-11-30,17.660964965820312,21.302412033081055,0.27548813819885254
2012-12-03,17.688425064086914,21.15036964416504,0.27042481303215027
2012-12-04,17.37641143798828,21.102357864379883,0.27848005294799805
2012-12-05,16.258119583129883,21.342422485351562,0.27525800466537476
2012-12-06,16.513107299804688,21.390439987182617,0.2757183313369751
2012-12-07,16.090957641601562,21.174373626708984,0.27525800466537476
2012-12-10,15.987444877624512,21.55849838256836,0.28446388244628906
2012-12-11,16.336570739746094,21.862590789794922,0.2911382019519806
2012-12-12,16.264453887939453,21.798572540283203,0.2881462872028351
2012-12-13,15.983531951904297,21.694536209106445,0.2883765697479248
2012-12-14,15.38304328918457,21.45446014404297,0.2897573709487915
2012-12-17,15.655818939208984,21.686534881591797,0.28860658407211304
2012-12-18,16.110559463500977,22.054645538330078,0.2890669107437134
2012-12-19,15.8815336227417,21.854585647583008,0.2911382019519806
2012-12-20,15.743328094482422,22.15067481994629,0.2909080982208252
2012-12-21,15.670912742614746,21.966617584228516,0.2842338979244232
2012-12-24,15.696252822875977,21.654516220092773,0.2819322645664215
2012-12-26,15.479904174804688,21.494468688964844,0.2817021310329437
2012-12-27,15.542064666748047,21.57449722290039,0.2798610329627991
2012-12-28,15.377002716064453,21.24639320373535,0.27848005294799805
2012-12-31,16.058361053466797,21.374441146850586,0.28216245770454407
2013-01-02,16.567119598388672,22.102659225463867,0.2927493453025818
2013-01-03,16.358003616333008,21.80656623840332,0.2929794490337372
2013-01-04,15.90235424041748,21.398441314697266,0.30264565348625183
2013-01-07,15.808807373046875,21.358436584472656,0.2939000725746155
2013-01-08,15.851360321044922,21.24639320373535,0.28745588660240173
2013-01-09,15.60361385345459,21.366437911987305,0.28101158142089844
2013-01-10,15.797043800354004,21.174373626708984,0.28147196769714355
2013-01-11,15.70018196105957,21.470470428466797,0.28101158142089844
2013-01-14,15.140427589416504,21.51847267150879,0.2807815968990326
2013-01-15,14.662757873535156,21.774553298950195,0.2757183313369751
2013-01-16,15.271390914916992,21.638519287109375,0.27824994921684265
2013-01-17,15.168487548828125,21.80656623840332,0.2819322645664215
2013-01-18,15.087618827819824,21.80656623840332,0.28009113669395447
2013-01-22,15.231557846069336,21.726547241210938,0.27871012687683105
2013-01-23,15.510375022888184,22.094650268554688,0.27917054295539856
2013-01-24,13.593949317932129,22.110660552978516,0.2805514633655548
2013-01-25,13.273478507995605,22.310720443725586,0.28561466932296753
2013-01-28,13.573728561401367,22.33472442626953,0.29021769762039185
2013-01-29,13.828407287597656,22.414749145507812,0.2840036153793335
2013-01-30,13.784957885742188,22.286706924438477,0.28354328870773315
2013-01-31,13.744523048400879,21.966617584228516,0.28216245770454407
2013-02-01,13.688093185424805,22.350730895996094,0.28469404578208923
2013-02-04,13.347114562988281,21.958616256713867,0.2798610329627991
2013-02-05,13.815435409545898,22.006629943847656,0.2863050699234009
2013-02-06,13.800647735595703,21.878591537475586,0.2840036153793335
2013-02-07,14.210993766784668,21.830575942993164,0.2828528881072998
2013-02-08,14.416169166564941,22.046640396118164,0.28469404578208923
2013-02-11,14.566407203674316,22.294719696044922,0.2879161536693573
2013-02-12,14.201282501220703,22.310720443725586,0.2860748767852783
2013-02-13,14.17426872253418,22.430763244628906,0.28469404578208923
2013-02-14,14.16152286529541,22.438756942749023,0.2929794490337372
2013-02-15,13.966367721557617,22.414749145507812,0.2929794490337372
2013-02-19,13.961202621459961,22.632612228393555,0.2890669107437134
2013-02-20,13.623096466064453,22.487367630004883,0.28492429852485657
2013-02-21,13.53841495513916,22.18075942993164,0.2828528881072998
2013-02-22,13.682579040527344,22.398616790771484,0.2881462872028351
2013-02-25,13.439472198486328,22.08393096923828,0.28308308124542236
2013-02-26,13.626734733581543,22.08393096923828,0.2864406406879425
2013-02-27,13.49319076538086,22.438953399658203,0.291766494512558
2013-02-28,13.396979331970215,22.43088722229004,0.2931559681892395
2013-03-01,13.065241813659668,22.551918029785156,0.2943137586116791
2013-03-04,12.748982429504395,22.713289260864258,0.2931559681892395
2013-03-05,13.085575103759766,22.874662399291992,0.2963978052139282
2013-03-06,12.919254302978516,22.664875030517578,0.29616621136665344
2013-03-07,13.068580627441406,22.70522689819336,0.29547157883644104
2013-03-08,13.103179931640625,22.592260360717773,0.29686087369918823
2013-03-11,13.289839744567871,22.487367630004883,0.29408228397369385
2013-03-12,13.003324508666992,22.51963996887207,0.2950083613395691
2013-03-13,13.000898361206055,22.52771759033203,0.2950083613395691
2013-03-14,13.126853942871094,22.70522689819336,0.2952398359775543
2013-03-15,13.465569496154785,22.624536514282227,0.2926928699016571
2013-03-18,13.83160400390625,22.672945022583008,0.2906087636947632
2013-03-19,13.79427433013916,22.73749542236328,0.28875625133514404
2013-03-20,13.721126556396484,22.850460052490234,0.29222968220710754
2013-03-21,13.740851402282715,22.681020736694336,0.2875984013080597
2013-03-22,14.019479751586914,22.79397964477539,0.2889877259731293
2013-03-25,14.07016372680664,22.721359252929688,0.2873668968677521
2013-03-26,13.996111869812012,22.721359252929688,0.28945091366767883
2013-03-27,13.721126556396484,22.890806198120117,0.29292428493499756
2013-03-28,13.435219764709473,23.084449768066406,0.29709237813949585
2013-04-01,13.017891883850098,23.084449768066406,0.2873668968677521
2013-04-02,13.044602394104004,23.237754821777344,0.2843566834926605
2013-04-03,13.111373901367188,23.044103622436523,0.2808832824230194
2013-04-04,12.98177433013916,23.07638168334961,0.2836619019508362
2013-04-05,12.844588279724121,23.157075881958008,0.2885247766971588
2013-04-08,12.935941696166992,23.06831169128418,0.2878299355506897
2013-04-09,12.959310531616211,23.89131736755371,0.29246121644973755
2013-04-10,13.223670959472656,24.431913375854492,0.29709237813949585
2013-04-11,13.182397842407227,23.350717544555664,0.29570308327674866
2013-04-12,13.044905662536621,23.22968292236328,0.3031129539012909
2013-04-15,12.742915153503418,23.149002075195312,0.29686087369918823
2013-04-16,12.936854362487793,23.374916076660156,0.30010274052619934
2013-04-17,12.225422859191895,23.261962890625,0.29616621136665344
2013-04-18,11.899150848388672,23.22968292236328,0.290377140045166
2013-04-19,11.853014945983887,24.020418167114258,0.29107192158699036
2013-04-22,12.100076675415039,24.875696182250977,0.291534960269928
2013-04-23,12.326498985290527,24.690114974975586,0.2991766333580017
2013-04-24,12.306159019470215,25.626081466674805,0.3093651533126831
2013-04-25,12.394787788391113,25.771310806274414,0.31191229820251465
2013-04-26,12.662483215332031,25.650287628173828,0.31052303314208984
2013-04-29,13.054618835449219,26.31191635131836,0.31422802805900574
2013-04-30,13.438858985900879,26.707286834716797,0.3188592195510864
2013-05-01,13.332938194274902,26.400671005249023,0.31608039140701294
2013-05-02,13.522026062011719,26.75569725036621,0.319785475730896
2013-05-03,13.657388687133789,27.021961212158203,0.3211748003959656
2013-05-06,13.983059883117676,27.231739044189453,0.3202485740184784
2013-05-07,13.920843124389648,26.876724243164062,0.31608039140701294
2013-05-08,14.078055381774902,26.618532180786133,0.32186946272850037
2013-05-09,13.955240249633789,26.352264404296875,0.322100967168808
2013-05-10,13.839141845703125,26.37646484375,0.33668938279151917
2013-05-13,13.893218994140625,26.650802612304688,0.32974252104759216
2013-05-14,13.560810089111328,27.243942260742188,0.33460533618927
2013-05-15,13.102226257324219,27.50395393371582,0.34039434790611267
2013-05-16,13.277289390563965,27.690841674804688,0.33877331018447876
2013-05-17,13.236963272094727,28.33272361755371,0.3443309962749481
2013-05-20,13.532398223876953,28.50335121154785,0.3436361849308014
2013-05-21,13.4324951171875,28.31647491455078,0.34724360704421997
2013-05-22,13.484127044677734,28.12146759033203,0.3351413905620575
2013-05-23,13.508262634277344,27.747709274291992,0.3404941260814667
2013-05-24,13.60022258758545,27.845218658447266,0.33839961886405945
2013-05-28,13.486876487731934,28.454607009887695,0.33816683292388916
2013-05-29,13.594115257263184,28.34086036682129,0.3360722064971924
2013-05-30,13.796675682067871,28.462730407714844,0.3404941260814667
2013-05-31,13.740153312683105,28.357107162475586,0.3367704153060913
2013-06-03,13.770398139953613,28.917739868164062,0.33630502223968506
2013-06-04,13.727320671081543,28.43022918701172,0.3367704153060913
2013-06-05,13.599003791809082,28.259597778320312,0.32955554127693176
2013-06-06,13.395833015441895,28.40585708618164,0.3316502571105957
2013-06-07,13.49818229675293,28.98274803161621,0.33630502223968506
2013-06-10,13.408967018127441,28.82024574279785,0.3360722064971924
2013-06-11,13.369555473327637,28.30835723876953,0.32978832721710205
2013-06-12,13.204268455505371,28.43834686279297,0.3269954323768616
2013-06-13,13.319449424743652,28.210845947265625,0.3344430923461914
2013-06-14,13.138887405395508,27.950838088989258,0.333977609872818
2013-06-17,13.198469161987305,28.43834686279297,0.3372359871864319
2013-06-18,13.191439628601074,28.422107696533203,0.3351413905620575
2013-06-19,12.923498153686523,28.1052188873291,0.3453817069530487
2013-06-20,12.735296249389648,27.211444854736328,0.3360722064971924
2013-06-21,12.633255958557129,27.032682418823242,0.3356068432331085
2013-06-24,12.298404693603516,27.398324966430664,0.32862454652786255
2013-06-25,12.301153182983398,27.357694625854492,0.3309520483016968
2013-06-26,12.161837577819824,27.910213470458984,0.32909008860588074
2013-06-27,12.030767440795898,28.12959098815918,0.3260645866394043
2013-06-28,12.114788055419922,28.06459617614746,0.32676276564598083
2013-07-01,12.50248908996582,27.91834259033203,0.3281591236591339
2013-07-02,12.78570556640625,27.577077865600586,0.32792651653289795
2013-07-03,12.856285095214844,27.63395118713379,0.3288573622703552
2013-07-05,12.753016471862793,27.796464920043945,0.3314175009727478
2013-07-08,12.680607795715332,27.893970489501953,0.32978832721710205
2013-07-09,12.903639793395996,27.910213470458984,0.3314175009727478
2013-07-10,12.854146003723145,28.19460105895996,0.33583953976631165
2013-07-11,13.0545654296875,28.998992919921875,0.3404941260814667
2013-07-12,13.030736923217773,28.98274803161621,0.34072694182395935
2013-07-15,13.059144020080566,29.38900375366211,0.34002885222435
2013-07-16,13.143472671508789,29.470256805419922,0.34189069271087646
2013-07-17,13.146833419799805,29.03962516784668,0.34002885222435
2013-07-18,13.191134452819824,28.795852661132812,0.3386323153972626
2013-07-19,12.983075141906738,25.513263702392578,0.3314175009727478
2013-07-22,13.024628639221191,26.008907318115234,0.3311847448348999
2013-07-23,12.800981521606445,25.85453224182129,0.33071932196617126
2013-07-24,13.458464622497559,25.968276977539062,0.33071932196617126
2013-07-25,13.39705753326416,25.505138397216797,0.3318829834461212
2013-07-26,13.473129272460938,25.6920223236084,0.330486536026001
2013-07-29,13.680882453918457,25.627023696899414,0.32978832721710205
2013-07-30,13.849835395812988,25.87890625,0.33537405729293823
2013-07-31,13.825697898864746,25.87078285217285,0.3360722064971924
2013-08-01,13.952488899230957,25.732646942138672,0.34072694182395935
2013-08-02,14.131524085998535,25.911401748657227,0.34351983666419983
2013-08-05,14.342634201049805,25.75702667236328,0.3451489806175232
2013-08-06,14.214317321777344,25.65951919555664,0.34002885222435
2013-08-07,14.206068992614746,26.049530029296875,0.3397960066795349
2013-08-08,14.177777290344238,26.723926544189453,0.34212344884872437
2013-08-09,13.976031303405762,26.569549560546875,0.3372359871864319
2013-08-12,14.373065948486328,26.70767593383789,0.3344430923461914
2013-08-13,15.056107521057129,26.372196197509766,0.3356068432331085
2013-08-14,15.330733299255371,26.470380783081055,0.3498038053512573
2013-08-15,15.312593460083008,26.012168884277344,0.3521311283111572
2013-08-16,15.448527336120605,26.02034568786621,0.3535274863243103
2013-08-19,15.614898681640625,25.684865951538086,0.34794172644615173
2013-08-20,15.409772872924805,25.873064041137695,0.3496960699558258
2013-08-21,15.449444770812988,25.86488151550293,0.3480589687824249
2013-08-22,15.467894554138184,26.503114700317383,0.34993013739585876
2013-08-23,15.40824031829834,28.43419647216797,0.34993013739585876
2013-08-26,15.468209266662598,27.943239212036133,0.35063183307647705
2013-08-27,15.025968551635742,27.214984893798828,0.346187561750412
2013-08-28,15.097002983093262,27.01861572265625,0.346187561750412
2013-08-29,15.121610641479492,27.45229148864746,0.3454858064651489
2013-08-30,14.983835220336914,27.329551696777344,0.34501785039901733
2013-09-03,15.025650024414062,26.0858097076416,0.3452518880367279
2013-09-04,15.336573600769043,25.52939796447754,0.3485265076160431
2013-09-05,15.23139762878418,25.553939819335938,0.3494623899459839
2013-09-06,15.322123527526855,25.488481521606445,0.3480589687824249
2013-09-09,15.566614151000977,25.905797958374023,0.3539065718650818
2013-09-10,15.212026596069336,26.503114700317383,0.36139169335365295
2013-09-11,14.383831024169922,26.789501190185547,0.3674732446670532
2013-09-12,14.536981582641602,26.748586654663086,0.36723950505256653
2013-09-13,14.297411918640137,27.02679443359375,0.3695785701274872
2013-09-16,13.842864990234375,26.838598251342773,0.3698124289512634
2013-09-17,14.002791404724121,26.944971084594727,0.3709820508956909
2013-09-18,14.29064655303955,27.264083862304688,0.3742567300796509
2013-09-19,14.524984359741211,27.525924682617188,0.3726193904876709
2013-09-20,14.374600410461426,26.83042335510254,0.369344562292099
2013-09-23,15.089014053344727,26.789501190185547,0.3658359944820404
2013-09-24,15.041656494140625,26.552207946777344,0.36723950505256653
2013-09-25,14.808847427368164,26.601303100585938,0.3677073121070862
2013-09-26,14.953078269958496,26.814050674438477,0.36653777956962585
2013-09-27,14.84636116027832,27.223169326782227,0.3644324839115143
2013-09-30,14.661840438842773,27.231359481811523,0.36396461725234985
2013-10-01,15.006587982177734,27.476831436157227,0.3637307584285736
2013-10-02,15.055794715881348,27.755037307739258,0.3634970188140869
2013-10-03,14.866661071777344,27.70594596862793,0.359754353761673
2013-10-04,14.854978561401367,27.72231101989746,0.3646663725376129
2013-10-07,15.00013256072998,27.247730255126953,0.3646663725376129
2013-10-08,14.790700912475586,27.010433197021484,0.3616255819797516
2013-10-09,14.964462280273438,27.05953025817871,0.35601165890693665
2013-10-10,15.058259963989258,27.624113082885742,0.3599882423877716
2013-10-11,15.15574836730957,27.926883697509766,0.35694751143455505
2013-10-14,15.255077362060547,28.188716888427734,0.3623273968696594
2013-10-15,15.336267471313477,28.221439361572266,0.3604559898376465
2013-10-16,15.410999298095703,28.344175338745117,0.3649003207683563
2013-10-17,15.515257835388184,28.573291778564453,0.365602046251297
2013-10-18,15.650267601013184,28.606016159057617,0.3698124289512634
2013-10-21,16.033761978149414,28.630571365356445,0.3707481324672699
2013-10-22,15.987947463989258,28.295085906982422,0.3688768148422241
2013-10-23,16.144472122192383,27.624113082885742,0.36256125569343567
2013-10-24,16.35821533203125,27.591394424438477,0.3599882423877716
2013-10-25,16.17523956298828,29.236066818237305,0.3564795255661011
2013-10-28,16.295780181884766,29.105140686035156,0.3557778298854828
2013-10-29,15.889837265014648,29.064239501953125,0.35624566674232483
2013-10-30,16.14263916015625,29.080610275268555,0.35601165890693665
2013-10-31,16.074970245361328,28.974233627319336,0.35530999302864075
2013-11-01,15.992863655090332,29.072420120239258,0.35694751143455505
2013-11-04,16.199525833129883,29.40790367126465,0.3466552495956421
2013-11-05,16.159549713134766,29.980669021606445,0.346187561750412
2013-11-06,16.113767623901367,31.240781784057617,0.3485265076160431
2013-11-07,15.853002548217773,30.68436622619629,0.340339720249176
2013-11-08,16.10263442993164,30.91347885131836,0.36396461725234985
2013-11-11,16.055919647216797,30.75801658630371,0.36700549721717834
2013-11-12,16.085617065429688,30.569822311401367,0.3677073121070862
2013-11-13,16.104795455932617,31.22442054748535,0.37776535749435425
2013-11-14,16.337722778320312,31.10985565185547,0.379402756690979
2013-11-15,16.23966407775879,30.962570190429688,0.37823325395584106
2013-11-18,16.04293441772461,30.438899993896484,0.36911070346832275
2013-11-19,16.071393966674805,30.290491104125977,0.363113671541214
2013-11-20,15.930647850036621,30.57081413269043,0.35770460963249207
2013-11-21,16.120574951171875,30.834636688232422,0.3605267107486725
2013-11-22,16.079120635986328,30.97478675842285,0.35699912905693054
2013-11-25,16.201004028320312,31.03251075744629,0.3647598326206207
2013-11-26,16.499814987182617,30.793407440185547,0.36781731247901917
2013-11-27,16.888338088989258,30.999521255493164,0.36922845244407654
2013-11-29,17.20107650756836,31.436506271362305,0.3668765425682068
2013-12-02,17.05135726928711,31.700319290161133,0.3704041838645935
2013-12-03,17.51814079284668,31.58489227294922,0.37016910314559937
2013-12-04,17.477310180664062,32.10429382324219,0.3753429651260376
2013-12-05,17.5670166015625,31.32930564880371,0.36922845244407654
2013-12-06,17.323259353637695,31.626117706298828,0.36381930112838745
2013-12-09,17.521535873413086,31.91468048095703,0.35770460963249207
2013-12-10,17.49431610107422,31.419998168945312,0.3659358024597168
2013-12-11,17.364704132080078,31.007766723632812,0.3624081313610077
2013-12-12,17.33934211730957,30.686248779296875,0.35535287857055664
2013-12-13,17.150341033935547,30.24927520751953,0.35323625802993774
2013-12-16,17.24530792236328,30.41415786743164,0.3537066876888275
2013-12-17,17.167667388916016,30.109111785888672,0.35535287857055664
2013-12-18,17.037124633789062,30.158588409423828,0.3602914810180664
2013-12-19,16.841936111450195,29.886512756347656,0.3617027699947357
2013-12-20,16.982995986938477,30.339946746826172,0.3689931631088257
2013-12-23,17.634754180908203,30.191556930541992,0.3711097836494446
2013-12-24,17.559906005859375,30.57081413269043,0.3720504939556122
2013-12-26,17.443281173706055,30.86760711669922,0.36852291226387024
2013-12-27,17.32542610168457,30.743947982788086,0.3706393539905548
2013-12-30,17.153120040893555,30.743947982788086,0.3755781352519989
2013-12-31,17.354190826416016,30.842885971069336,0.3767539858818054
2014-01-02,17.110124588012695,30.63676643371582,0.3729911744594574
2014-01-03,16.734294891357422,30.430660247802734,0.36852291226387024
2014-01-06,16.825546264648438,29.787578582763672,0.3734615743160248
2014-01-07,16.705217361450195,30.018428802490234,0.37957608699798584
2014-01-08,16.811012268066406,29.48252296447754,0.38474997878074646
2014-01-09,16.596328735351562,29.292911529541016,0.3704041838645935
2014-01-10,16.485586166381836,29.7133731842041,0.3699338436126709
2014-01-13,16.57189178466797,28.839458465576172,0.3612322211265564
2014-01-14,16.901639938354492,29.49901008605957,0.3725208342075348
2014-01-15,17.240978240966797,30.306978225708008,0.37651878595352173
2014-01-16,17.144773483276367,30.41415786743164,0.3776947855949402
2014-01-17,16.72469711303711,29.993696212768555,0.3760485053062439
2014-01-21,16.98453712463379,29.820556640625,0.3774595260620117
2014-01-22,17.060022354125977,29.6226806640625,0.3769892752170563
2014-01-23,17.204471588134766,29.729869842529297,0.3755781352519989
2014-01-24,16.891742706298828,30.348215103149414,0.3659358024597168
2014-01-27,17.028770446777344,29.70513343811035,0.36358413100242615
2014-01-28,15.66771125793457,29.903003692626953,0.36711177229881287
2014-01-29,15.489839553833008,30.224538803100586,0.36358413100242615
2014-01-30,15.459835052490234,30.38941764831543,0.36969873309135437
2014-01-31,15.485207557678223,31.197391510009766,0.36922845244407654
2014-02-03,15.5139741897583,30.076135635375977,0.36428967118263245
2014-02-04,15.73854923248291,29.968955993652344,0.3664061725139618
2014-02-05,15.856096267700195,29.531999588012695,0.363113671541214
2014-02-06,15.948517799377441,29.82880973815918,0.36781731247901917
2014-02-07,16.171630859375,30.142091751098633,0.3732263743877411
2014-02-10,16.461341857910156,30.339946746826172,0.3744021952152252
2014-02-11,16.678241729736328,30.64500617980957,0.38216307759284973
2014-02-12,16.6769962310791,30.892345428466797,0.39580339193344116
2014-02-13,16.941816329956055,31.007766723632812,0.4082678556442261
2014-02-14,16.92812156677246,31.01601219177246,0.42120248079299927
2014-02-18,16.9903564453125,31.082475662231445,0.42096734046936035
2014-02-19,16.722118377685547,31.157217025756836,0.42661169171333313
2014-02-20,16.528562545776367,31.35657501220703,0.4416629672050476
2014-02-21,16.344968795776367,31.547630310058594,0.43837040662765503
2014-02-24,16.416532516479492,31.306726455688477,0.44472017884254456
2014-02-25,16.245697021484375,31.182138442993164,0.4427121877670288
2014-02-26,16.099132537841797,31.123994827270508,0.44200360774993896
2014-02-27,16.42027473449707,31.44795036315918,0.43704238533973694
2014-02-28,16.37577247619629,31.821727752685547,0.43420758843421936
2014-03-03,16.42306900024414,31.381505966186523,0.4320814311504364
2014-03-04,16.531362533569336,31.904802322387695,0.4365699589252472
2014-03-05,16.566219329833984,31.655622482299805,0.4403497874736786
2014-03-06,16.516111373901367,31.6888370513916,0.43420758843421936
2014-03-07,16.506471633911133,31.481170654296875,0.43373510241508484
2014-03-10,16.521404266357422,31.41472053527832,0.42735669016838074
2014-03-11,16.682281494140625,31.580854415893555,0.4316089451313019
2014-03-12,16.698469161987305,31.788509368896484,0.4327901601791382
2014-03-13,16.513010025024414,31.472869873046875,0.4190882742404938
2014-03-14,16.327539443969727,31.31504249572754,0.42097821831703186
2014-03-17,16.391324996948242,31.605772018432617,0.42097821831703186
2014-03-18,16.536348342895508,32.85173416137695,0.4309002161026001
2014-03-19,16.531993865966797,32.61914825439453,0.4384598731994629
2014-03-20,16.452322006225586,33.4996337890625,0.4386961758136749
2014-03-21,16.58208656311035,33.358421325683594,0.437987357378006
2014-03-24,16.778762817382812,33.64083480834961,0.4358612895011902
2014-03-25,16.95924949645996,33.507938385009766,0.4358612895011902
2014-03-26,16.797115325927734,33.051090240478516,0.42593926191329956
2014-03-27,16.72492027282715,32.69390106201172,0.42026957869529724
2014-03-28,16.70625114440918,33.474708557128906,0.42286810278892517
2014-03-31,16.702512741088867,34.047847747802734,0.42310434579849243
2014-04-01,16.85530662536621,34.405006408691406,0.4405860900878906
2014-04-02,16.883310317993164,34.34686279296875,0.4377512037754059
2014-04-03,16.766311645507812,34.0644416809082,0.4424760341644287
2014-04-04,16.54941749572754,33.117523193359375,0.42877405881881714
2014-04-07,16.289573669433594,33.05939483642578,0.4301915168762207
2014-04-08,16.28864288330078,33.07600784301758,0.4455471336841583
2014-04-09,16.502735137939453,33.61592102050781,0.44507449865341187
2014-04-10,16.289886474609375,32.69390106201172,0.43420758843421936
2014-04-11,16.16945457458496,32.569313049316406,0.42806532979011536
2014-04-14,16.233863830566406,32.54438018798828,0.4327901601791382
2014-04-15,16.11810874938965,33.017852783203125,0.4358612895011902
2014-04-16,16.150793075561523,33.557769775390625,0.43680623173713684
2014-04-17,16.33531951904297,33.23381042480469,0.4384598731994629
2014-04-21,16.52918243408203,33.17568588256836,0.44200360774993896
2014-04-22,16.545677185058594,33.21720504760742,0.44578325748443604
2014-04-23,16.32941246032715,32.96800994873047,0.45098063349723816
2014-04-24,17.668121337890625,33.109230041503906,0.45499664545059204
2014-04-25,17.79788589477539,33.150753021240234,0.4424760341644287
2014-04-28,18.487159729003906,33.94816207885742,0.4405860900878906
2014-04-29,18.43239402770996,33.649139404296875,0.44153106212615967
2014-04-30,18.362682342529297,33.557769775390625,0.4363337457180023
2014-05-01,18.405941009521484,33.225521087646484,0.4386961758136749
2014-05-02,18.440162658691406,32.96800994873047,0.4353889226913452
2014-05-05,18.700942993164062,32.75204086303711,0.4401135742664337
2014-05-06,18.497119903564453,32.44471740722656,0.4311363995075226
2014-05-07,18.43239402770996,32.74374771118164,0.4316089451313019
2014-05-08,18.399538040161133,32.926475524902344,0.43704238533973694
2014-05-09,18.322874069213867,32.843421936035156,0.4264117181301117
2014-05-12,18.550983428955078,33.20059585571289,0.4389323890209198
2014-05-13,18.580089569091797,33.81124496459961,0.43184518814086914
2014-05-14,18.583532333374023,33.660682678222656,0.4275928735733032
2014-05-15,18.42551040649414,33.12532043457031,0.42523032426834106
2014-05-16,18.69743537902832,33.31769943237305,0.4242856204509735
2014-05-19,18.91898536682129,33.250789642333984,0.437987357378006
2014-05-20,18.922739028930664,33.19222640991211,0.4328848719596863
2014-05-21,18.972808837890625,33.752685546875,0.4328848719596863
2014-05-22,19.002843856811523,33.54355239868164,0.4347834587097168
2014-05-23,19.21750831604004,33.56028747558594,0.43881821632385254
2014-05-27,19.577375411987305,33.618839263916016,0.44664984941482544
2014-05-28,19.52667999267578,33.46826934814453,0.45044708251953125
2014-05-29,19.882476806640625,33.74432373046875,0.4497350752353668
2014-05-30,19.8079891204834,34.246238708496094,0.45092180371284485
2014-06-02,19.671873092651367,34.1207389831543,0.4494977593421936
2014-06-03,19.950069427490234,33.70248031616211,0.4475991427898407
2014-06-04,20.177871704101562,33.72758102416992,0.4480738639831543
2014-06-05,20.257038116455078,34.47206115722656,0.4499724507331848
2014-06-06,20.201337814331055,34.69792556762695,0.4516336917877197
2014-06-09,20.52459144592285,34.52227783203125,0.45210838317871094
2014-06-10,20.64506721496582,34.388423919677734,0.45448172092437744
2014-06-11,20.559635162353516,34.17930603027344,0.46041491627693176
2014-06-12,20.215734481811523,33.94507598876953,0.46326279640197754
2014-06-13,19.994497299194336,34.488807678222656,0.4637373685836792
2014-06-16,20.196020126342773,34.71465301513672,0.4623134434223175
2014-06-17,20.16973114013672,34.86522674560547,0.4653986692428589
2014-06-18,20.191638946533203,34.84013748168945,0.46492406725883484
2014-06-19,20.121549606323242,34.72301483154297,0.4542444348335266
2014-06-20,19.9134464263916,34.86522674560547,0.44926050305366516
2014-06-23,19.895925521850586,35.12454605102539,0.4440391957759857
2014-06-24,19.775453567504883,34.92378616333008,0.4371567964553833
2014-06-25,19.792984008789062,35.15800094604492,0.4416658580303192
2014-06-26,19.911258697509766,34.898677825927734,0.4357328414916992
2014-06-27,20.14783477783203,35.34202575683594,0.4362074136734009
2014-06-30,20.355928421020508,34.88196563720703,0.4400046169757843
2014-07-01,20.485164642333984,35.02416229248047,0.4449886977672577
2014-07-02,20.476402282714844,35.049259185791016,0.44332727789878845
2014-07-03,20.596879959106445,34.96562194824219,0.4473617672920227
2014-07-07,21.021821975708008,35.12454605102539,0.4438018798828125
2014-07-08,20.886016845703125,34.94886779785156,0.44024208188056946
2014-07-09,20.894773483276367,34.85685729980469,0.45353224873542786
2014-07-10,20.818113327026367,34.873592376708984,0.45115914940834045
2014-07-11,20.8575382232666,35.20820617675781,0.45210838317871094
2014-07-14,21.126964569091797,35.25,0.45780426263809204
2014-07-15,20.879444122314453,35.50932693481445,0.45970290899276733
2014-07-16,20.76116371154785,36.87281036376953,0.45922815799713135
2014-07-17,20.390968322753906,37.249244689941406,0.45804160833358765
2014-07-18,20.684494018554688,37.383079528808594,0.43763136863708496
2014-07-21,20.57716178894043,37.50856018066406,0.44024208188056946
2014-07-22,20.748016357421875,37.50018310546875,0.43834343552589417
2014-07-23,21.289058685302734,37.53364562988281,0.42908772826194763
2014-07-24,21.25401496887207,37.14048767089844,0.42979949712753296
2014-07-25,21.394203186035156,37.224143981933594,0.4222051799297333
2014-07-28,21.689916610717773,36.780799865722656,0.42054396867752075
2014-07-29,21.54973030090332,36.7138786315918,0.42196783423423767
2014-07-30,21.49934196472168,36.4545783996582,0.42908772826194763
2014-07-31,20.940778732299805,36.103248596191406,0.41532275080680847
2014-08-01,21.056869506835938,35.852291107177734,0.41983187198638916
2014-08-04,20.938589096069336,36.27891540527344,0.4188825786113739
2014-08-05,20.835630416870117,36.036319732666016,0.41912001371383667
2014-08-06,20.800582885742188,35.751914978027344,0.4186452627182007
2014-08-07,20.79838752746582,36.161781311035156,0.41437336802482605
2014-08-08,20.855619430541992,36.13669967651367,0.45092180371284485
2014-08-11,21.130794525146484,36.13669967651367,0.44854846596717834
2014-08-12,21.126384735107422,36.404380798339844,0.44854846596717834
2014-08-13,21.405960083007812,36.87281036376953,0.45115914940834045
2014-08-14,21.46319007873535,37.031761169433594,0.4461752772331238
2014-08-15,21.568859100341797,37.466739654541016,0.4518711268901825
2014-08-18,21.828617095947266,37.73440933227539,0.45804160833358765
2014-08-19,22.130205154418945,38.155269622802734,0.4617363512516022
2014-08-20,22.139013290405273,37.83541488647461,0.4588758051395416
2014-08-21,22.141210556030273,38.062679290771484,0.45458507537841797
2014-08-22,22.30411148071289,38.00376892089844,0.4548235535621643
2014-08-25,22.3525390625,38.02059555053711,0.4555385112762451
2014-08-26,22.209455490112305,37.885929107666016,0.46364352107048035
2014-08-27,22.482421875,37.7680778503418,0.45839905738830566
2014-08-28,22.50883674621582,37.7765007019043,0.4622131288051605
2014-08-29,22.563875198364258,38.239437103271484,0.46364352107048035
2014-09-02,22.73998260498047,37.9532470703125,0.46483519673347473
2014-09-03,21.78019142150879,37.84384536743164,0.4691261351108551
2014-09-04,21.59967613220215,38.09635925292969,0.477469265460968
2014-09-05,21.78679847717285,38.643470764160156,0.4760390818119049
2014-09-08,21.652509689331055,39.114830017089844,0.47174832224845886
2014-09-09,21.571060180664062,39.35894012451172,0.4657888114452362
2014-09-10,22.23366928100586,39.42626953125,0.4674574136734009
2014-09-11,22.328319549560547,39.56095504760742,0.4626898765563965
2014-09-12,22.37896156311035,39.30842208862305,0.45577695965766907
2014-09-15,22.372356414794922,38.92124938964844,0.449579119682312
2014-09-16,22.20284652709961,39.35894012451172,0.4562537968158722
2014-09-17,22.361345291137695,39.15692138671875,0.45649218559265137
2014-09-18,22.40757179260254,39.291587829589844,0.46340495347976685
2014-09-19,22.224863052368164,39.9986572265625,0.4548235535621643
2014-09-22,22.246877670288086,39.611446380615234,0.45029428601264954
2014-09-23,22.594694137573242,39.190589904785156,0.4483872950077057
2014-09-24,22.398771286010742,39.6282844543457,0.4510093629360199
2014-09-25,21.544645309448242,38.75290298461914,0.4412359893321991
2014-09-26,22.17863655090332,39.064334869384766,0.442189484834671
2014-09-29,22.037748336791992,39.08959197998047,0.44147437810897827
2014-09-30,22.17863655090332,39.02224349975586,0.439805805683136
2014-10-01,21.833024978637695,38.63505172729492,0.4355149567127228
2014-10-02,21.99152946472168,38.51720428466797,0.43360796570777893
2014-10-03,21.92987823486328,38.79498291015625,0.43456149101257324
2014-10-06,21.92987823486328,38.79498291015625,0.4319392144680023
2014-10-07,21.73836326599121,38.323604583740234,0.42741015553474426
2014-10-08,22.189638137817383,39.37577438354492,0.43527668714523315
2014-10-09,22.238075256347656,38.592952728271484,0.42693331837654114
2014-10-10,22.17423439025879,37.06103515625,0.40166547894477844
2014-10-13,21.97170066833496,36.74117660522461,0.4002351462841034
2014-10-14,21.73836326599121,36.80850601196289,0.409531831741333
2014-10-15,21.472009658813477,36.37924575805664,0.4157296121120453
2014-10-16,21.19022560119629,35.975215911865234,0.4159679412841797
2014-10-17,21.500614166259766,36.72435760498047,0.4152529239654541
2014-10-20,21.960708618164062,37.10310745239258,0.4188285768032074
2014-10-21,22.557266235351562,37.7765007019043,0.4367067813873291
2014-10-22,22.671733856201172,37.355621337890625,0.42645666003227234
2014-10-23,23.0767822265625,37.894344329833984,0.43599164485931396
2014-10-24,23.16263771057129,38.82863998413086,0.4405207931995392
2014-10-27,23.138423919677734,38.643470764160156,0.4407593905925751
2014-10-28,23.49724769592285,39.13166427612305,0.4512479305267334
2014-10-29,23.62932777404785,39.24109649658203,0.4483872950077057
2014-10-30,23.550079345703125,38.761322021484375,0.4455268085002899
2014-10-31,23.774620056152344,39.518856048583984,0.4657888114452362
2014-11-03,24.082799911499023,39.931304931640625,0.47365522384643555
2014-11-04,23.90670394897461,40.04072189331055,0.4798530638217926
2014-11-05,23.96393394470215,40.28483963012695,0.4798530638217926
2014-11-06,24.032466888427734,40.99187469482422,0.4819984436035156
2014-11-07,24.10101318359375,40.975040435791016,0.47174832224845886
2014-11-10,24.06121253967285,41.15180587768555,0.4772309362888336
2014-11-11,24.25356101989746,41.13497543334961,0.4715098440647125
2014-11-12,24.59624671936035,41.0592041015625,0.46841102838516235
2014-11-13,24.9433650970459,41.757850646972656,0.46602723002433777
2014-11-14,25.244041442871094,41.73259353637695,0.47174832224845886
2014-11-17,25.2020320892334,41.631587982177734,0.4696028232574463
2014-11-18,25.529253005981445,41.28431701660156,0.4808066487312317
2014-11-19,25.352378845214844,40.843849182128906,0.4790111482143402
2014-11-20,25.714962005615234,41.250431060791016,0.4869111180305481
2014-11-21,25.750333786010742,40.640560150146484,0.4895443022251129
2014-11-24,26.227895736694336,40.310211181640625,0.49265626072883606
2014-11-25,26.00017547607422,40.208580017089844,0.4924166202545166
2014-11-26,26.3096981048584,40.44573974609375,0.500795304775238
2014-11-28,26.294218063354492,40.49656295776367,0.5019923448562622
2014-12-01,25.440811157226562,41.18265914916992,0.49265626072883606
2014-12-02,25.34353256225586,41.04713821411133,0.4933743476867676
2014-12-03,25.630956649780273,40.72526168823242,0.5060617327690125
2014-12-04,25.533672332763672,41.3690071105957,0.5015135407447815
2014-12-05,25.425336837768555,41.01326370239258,0.5043861865997314
2014-12-08,24.850505828857422,40.40339660644531,0.49792245030403137
2014-12-09,25.23078155517578,40.310211181640625,0.49624693393707275
2014-12-10,24.751012802124023,39.72576141357422,0.4852352738380432
2014-12-11,24.678054809570312,39.954471588134766,0.48499584197998047
2014-12-12,24.26019287109375,39.768104553222656,0.4699145555496216
2014-12-15,23.928558349609375,39.53094482421875,0.4684782326221466
2014-12-16,23.60134506225586,38.251930236816406,0.46321165561676025
2014-12-17,24.18943977355957,38.743221282958984,0.48212331533432007
2014-12-18,24.905776977539062,40.25094223022461,0.48403826355934143
2014-12-19,24.713430404663086,40.36951446533203,0.48882579803466797
2014-12-22,24.96989631652832,40.640560150146484,0.49744391441345215
2014-12-23,24.881454467773438,41.03867721557617,0.49433213472366333
2014-12-24,24.764280319213867,40.776084899902344,0.4924166202545166
2014-12-26,25.2020320892334,40.55586624145508,0.4928956627845764
2014-12-29,25.184350967407227,40.19162368774414,0.4921773076057434
2014-12-30,24.877023696899414,39.82740783691406,0.4876290559768677
2014-12-31,24.403900146484375,39.34461212158203,0.47996872663497925
2015-01-02,24.171754837036133,39.60718536376953,0.48188379406929016
2015-01-05,23.490798950195312,39.24296188354492,0.4737447500228882
2015-01-06,23.493013381958008,38.6669807434082,0.4593815505504608
2015-01-07,23.822437286376953,39.158260345458984,0.4581846594810486
2015-01-08,24.737747192382812,40.310211181640625,0.47542044520378113
2015-01-09,24.764280319213867,39.971397399902344,0.4773353934288025
2015-01-12,24.154067993164062,39.47164535522461,0.47135084867477417
2015-01-13,24.368528366088867,39.26837158203125,0.47063255310058594
2015-01-14,24.275663375854492,38.92955780029297,0.4725476801395416
2015-01-15,23.616819381713867,38.52298355102539,0.4691964089870453
2015-01-16,23.43331527709961,39.16672897338867,0.4778142273426056
2015-01-20,24.03689193725586,39.293785095214844,0.47925058007240295
2015-01-21,24.220394134521484,38.895668029785156,0.4859533905982971
2015-01-22,24.850505828857422,39.92058181762695,0.49433213472366333
2015-01-23,24.97873306274414,39.962928771972656,0.4957681894302368
2015-01-26,25.00526237487793,39.818931579589844,0.4936138391494751
2015-01-27,24.12974739074707,36.13433837890625,0.4699145555496216
2015-01-28,25.493879318237305,34.88921356201172,0.46225425601005554
2015-01-29,26.28758430480957,35.58378982543945,0.47350528836250305
2015-01-30,25.902891159057617,34.22005844116211,0.45962095260620117
2015-02-02,26.227895736694336,34.9654541015625,0.46967512369155884
2015-02-03,26.232315063476562,35.23650360107422,0.48140498995780945
2015-02-04,26.433504104614258,35.43979263305664,0.482602059841156
2015-02-05,26.622169494628906,35.956478118896484,0.4905015528202057
2015-02-06,26.397991180419922,35.92259979248047,0.48834720253944397
2015-02-09,26.57333755493164,35.8802375793457,0.48786842823028564
2015-02-10,27.0838565826416,36.083518981933594,0.5015135407447815
2015-02-11,27.718664169311523,35.89718246459961,0.49816209077835083
2015-02-12,28.069374084472656,36.49856948852539,0.5338305830955505
2015-02-13,28.206989288330078,37.15926742553711,0.5340700149536133
2015-02-17,28.373456954956055,37.17633056640625,0.5357455611228943
2015-02-18,28.571008682250977,37.13365936279297,0.529521644115448
2015-02-19,28.511072158813477,37.10808181762695,0.5309581160545349
2015-02-20,28.7441349029541,37.41517639160156,0.5347878932952881
2015-02-23,29.520998001098633,37.662559509277344,0.5304789543151855
2015-02-24,29.33677101135254,37.61137771606445,0.5361263751983643
2015-02-25,28.58654022216797,37.52606964111328,0.5320409536361694
2015-02-26,28.948341369628906,37.58578872680664,0.5334831476211548
2015-02-27,28.513294219970703,37.40663146972656,0.5301186442375183
2015-03-02,28.653141021728516,37.43223190307617,0.5430952310562134
2015-03-03,28.713062286376953,36.920406341552734,0.5330021381378174
2015-03-04,28.531049728393555,36.73271560668945,0.539010226726532
2015-03-05,28.05827522277832,36.77538299560547,0.5493432283401489
2015-03-06,28.100444793701172,36.13559341430664,0.541893720626831
2015-03-09,28.220306396484375,36.5535888671875,0.5433356761932373
2015-03-10,27.63654136657715,35.854068756103516,0.5527075529098511
2015-03-11,27.1326904296875,35.81142807006836,0.5498239994049072
2015-03-12,27.62322235107422,34.992488861083984,0.5447774529457092
2015-03-13,27.432334899902344,35.299591064453125,0.545498251914978
2015-03-16,27.734207153320312,35.45314025878906,0.5519866347312927
2015-03-17,28.198108673095703,35.57257843017578,0.5587152242660522
2015-03-18,28.515514373779297,36.255008697509766,0.5495836138725281
2015-03-19,28.300212860107422,36.07587432861328,0.5579944849014282
2015-03-20,27.945072174072266,36.57918930053711,0.5640020966529846
2015-03-23,28.235841751098633,36.56211471557617,0.545738697052002
2015-03-24,28.12041473388672,36.59624481201172,0.538288950920105
2015-03-25,27.38572120666504,35.367835998535156,0.5056072473526001
2015-03-26,27.576608657836914,35.154563903808594,0.5039249658584595
2015-03-27,27.356874465942383,34.94984436035156,0.5137774348258972
2015-03-30,28.049392700195312,34.94129943847656,0.5159406065940857
2015-03-31,27.61878204345703,34.685386657714844,0.5029640793800354
2015-04-01,27.578834533691406,34.736576080322266,0.5048865675926208
2015-04-02,27.81633758544922,34.369754791259766,0.5060878992080688
2015-04-06,28.266918182373047,35.44461441040039,0.5207467079162598
2015-04-07,27.96949005126953,35.427547454833984,0.5253125429153442
2015-04-08,27.87847900390625,35.333709716796875,0.5291573405265808
2015-04-09,28.091564178466797,35.384891510009766,0.5414133071899414
2015-04-10,28.211429595947266,35.589630126953125,0.5469403266906738
2015-04-13,28.155933380126953,35.62376403808594,0.541893720626831
2015-04-14,28.033855438232422,35.5299186706543,0.5373280644416809
2015-04-15,28.140399932861328,36.0502815246582,0.5438160300254822
2015-04-16,28.004993438720703,35.964962005615234,0.5404517650604248
2015-04-17,27.68981170654297,35.504337310791016,0.5334831476211548
2015-04-20,28.322412490844727,36.60477066040039,0.5308395624160767
2015-04-21,28.16925048828125,36.374446868896484,0.5301186442375183
2015-04-22,28.548812866210938,36.67301559448242,0.5361263751983643
2015-04-23,28.781862258911133,36.971580505371094,0.5339635610580444
2015-04-24,28.91727066040039,40.835941314697266,0.5293976664543152
2015-04-27,29.44331169128418,40.97243881225586,0.5334831476211548
2015-04-28,28.97942352294922,41.93639373779297,0.5361263751983643
2015-04-29,28.553253173828125,41.85108184814453,0.5320409536361694
2015-04-30,27.77860450744629,41.492801666259766,0.5334831476211548
2015-05-01,28.622058868408203,41.509864807128906,0.5467000603675842
2015-05-04,28.566574096679688,41.15156936645508,0.5433356761932373
2015-05-05,27.922874450683594,40.605613708496094,0.5293976664543152
2015-05-06,27.747520446777344,39.47957229614258,0.5310801267623901
2015-05-07,27.919151306152344,39.83786392211914,0.5404517650604248
2015-05-08,28.445173263549805,40.73357391357422,0.5005607604980469
2015-05-11,28.15541648864746,40.409420013427734,0.4957546889781952
2015-05-12,28.05510902404785,40.3923454284668,0.5005607604980469
2015-05-13,28.086315155029297,40.6312141418457,0.5034445524215698
2015-05-14,28.74161148071289,41.5610466003418,0.5116149187088013
2015-05-15,28.701494216918945,41.20276641845703,0.5118552446365356
2015-05-18,29.01799774169922,40.95537185668945,0.5111345648765564
2015-05-19,28.991252899169922,40.85234069824219,0.5079476237297058
2015-05-20,28.989013671875,40.85234069824219,0.5079476237297058
2015-05-21,29.285465240478516,40.714962005615234,0.5043264031410217
2015-05-22,29.54177474975586,40.26850128173828,0.5036020278930664
2015-05-26,28.890941619873047,40.0023193359375,0.5004637241363525
2015-05-27,29.430339813232422,40.87809371948242,0.5272612571716309
2015-05-28,29.372394561767578,40.740726470947266,0.5345036387443542
2015-05-29,29.038055419921875,40.23414993286133,0.5342622399330139
2015-06-01,29.095998764038086,40.55182647705078,0.54029780626297
2015-06-02,28.966732025146484,40.28565979003906,0.5296753644943237
2015-06-03,29.002389907836914,40.22555160522461,0.5238814353942871
2015-06-04,28.8330020904541,39.80484390258789,0.5332966446876526
2015-06-05,28.67474365234375,39.61594772338867,0.5374007821083069
2015-06-08,28.485286712646484,39.2639274597168,0.5250886678695679
2015-06-09,28.400590896606445,39.19524002075195,0.5277441740036011
2015-06-10,28.726009368896484,40.01948547363281,0.5183287262916565
2015-06-11,28.661375045776367,39.873531341552734,0.5238814353942871
2015-06-12,28.34486961364746,39.46998596191406,0.5096375942230225
2015-06-15,28.28915023803711,39.04926300048828,0.5086720585823059
2015-06-16,28.44071388244629,39.34979248046875,0.5149489641189575
2015-06-17,28.37385368347168,39.46998596191406,0.5209841728210449
2015-06-18,28.50312042236328,40.11395263671875,0.5296753644943237
2015-06-19,28.217824935913086,39.58161163330078,0.5279855728149414
2015-06-22,28.44294548034668,39.6932258605957,0.5258128046989441
2015-06-23,28.31366539001465,39.4184684753418,0.5122932195663452
2015-06-24,28.55438232421875,39.18665313720703,0.5072236061096191
2015-06-25,28.41841697692871,39.19524002075195,0.5110862255096436
2015-06-26,28.25126075744629,38.860389709472656,0.5007048845291138
2015-06-29,27.756441116333008,38.096221923828125,0.48573705554008484
2015-06-30,27.957040786743164,37.90732955932617,0.48549550771713257
2015-07-01,28.217824935913086,38.16490173339844,0.49249690771102905
2015-07-02,28.182167053222656,38.12199401855469,0.49297964572906494
2015-07-06,28.084083557128906,38.11338806152344,0.4869440197944641
2015-07-07,28.01499366760254,38.03612518310547,0.4777701199054718
2015-07-08,27.319568634033203,37.9846076965332,0.4743903577327728
2015-07-09,26.762357711791992,38.22500991821289,0.4685962200164795
2015-07-10,27.477832794189453,38.302284240722656,0.4768044352531433
2015-07-13,28.008304595947266,39.10078430175781,0.47994285821914673
2015-07-14,27.997156143188477,39.169471740722656,0.4801843464374542
2015-07-15,28.26685333251953,39.28968048095703,0.4768044352531433
2015-07-16,28.64353370666504,40.06242752075195,0.4874269664287567
2015-07-17,28.890941619873047,40.028076171875,0.48452988266944885
2015-07-20,29.437028884887695,40.28565979003906,0.47559741139411926
2015-07-21,29.142810821533203,40.59476089477539,0.4777701199054718
2015-07-22,27.910232543945312,39.10078430175781,0.4685962200164795
2015-07-23,27.89685821533203,39.59019470214844,0.4743903577327728
2015-07-24,27.749755859375,39.4442253112793,0.4688376784324646
2015-07-27,27.364152908325195,38.93765640258789,0.4661819636821747
2015-07-28,27.50010871887207,38.9290657043457,0.47632163763046265
2015-07-29,27.413190841674805,39.744747161865234,0.4821156859397888
2015-07-30,27.275005340576172,40.25132369995117,0.48332276940345764
2015-07-31,27.036510467529297,40.09675979614258,0.48163285851478577
2015-08-03,26.399049758911133,40.19120788574219,0.4898410737514496
2015-08-04,25.55205726623535,40.81800079345703,0.49177244305610657
2015-08-05,25.721458435058594,40.85234069824219,0.49684226512908936
2015-08-06,25.777433395385742,40.028076171875,0.4937039613723755
2015-08-07,25.864755630493164,40.13111114501953,0.554783284664154
2015-08-10,26.805126190185547,40.6376953125,0.5740967392921448
2015-08-11,25.410240173339844,39.8477783203125,0.5711997151374817
2015-08-12,25.80205726623535,40.13111114501953,0.5726479887962341
2015-08-13,25.78191375732422,40.122520446777344,0.5678198337554932
2015-08-14,25.96326446533203,40.35433578491211,0.5683025121688843
2015-08-17,26.231945037841797,40.62910461425781,0.5646811127662659
2015-08-18,26.08416748046875,40.85381317138672,0.5595419406890869
2015-08-19,25.750566482543945,40.28338623046875,0.5573598146438599
2015-08-20,25.2221622467041,39.46233367919922,0.5372375845909119
2015-08-21,23.679506301879883,37.223899841308594,0.5205095410346985
2015-08-24,23.088420867919922,36.02256774902344,0.5020846724510193
2015-08-25,23.227231979370117,34.97681427001953,0.49165958166122437
2015-08-26,24.559419631958008,36.912757873535156,0.5287523865699768
2015-08-27,25.28261947631836,37.94124221801758,0.5486318469047546
2015-08-28,25.36545181274414,37.967166900634766,0.5510562658309937
2015-08-31,25.24679183959961,37.61281967163086,0.5449955463409424
2015-09-01,24.118345260620117,36.14356231689453,0.5226914286613464
2015-09-02,25.15276336669922,37.47453308105469,0.5384498834609985
2015-09-03,24.71167755126953,37.59553146362305,0.5399042367935181
2015-09-04,24.465381622314453,36.82633590698242,0.5272977948188782
2015-09-08,25.146041870117188,37.93259048461914,0.5498440861701965
2015-09-09,24.662418365478516,37.223899841308594,0.5389347672462463
2015-09-10,25.20425033569336,37.414039611816406,0.5474199056625366
2015-09-11,25.571449279785156,37.578243255615234,0.5491169691085815
2015-09-14,25.817733764648438,37.19797134399414,0.5500867366790771
2015-09-15,26.034915924072266,38.0103874206543,0.5561473369598389
2015-09-16,26.06402015686035,38.28694534301758,0.5600263476371765
2015-09-17,25.506519317626953,38.24373245239258,0.5651177167892456
2015-09-18,25.401283264160156,37.578243255615234,0.5646330118179321
2015-09-21,25.79534339904785,38.122745513916016,0.5704513192176819
2015-09-22,25.390087127685547,37.94124221801758,0.5549354553222656
2015-09-23,25.59607696533203,37.915306091308594,0.5576022267341614
2015-09-24,25.748323440551758,37.94987869262695,0.5682694911956787
2015-09-25,25.68339729309082,37.97581100463867,0.5723908543586731
2015-09-28,25.175151824951172,37.414039611816406,0.5648753046989441
2015-09-29,24.418367385864258,37.54367446899414,0.5748152136802673
2015-09-30,24.69600486755371,38.25235366821289,0.5976041555404663
2015-10-01,24.534801483154297,38.55486297607422,0.5859672427177429
2015-10-02,24.713918685913086,39.38454818725586,0.6012406945228577
2015-10-05,24.8034725189209,40.300689697265625,0.6162717938423157
2015-10-06,24.92214012145996,40.404396057128906,0.6242721080780029
2015-10-07,24.8034725189209,40.44761276245117,0.6308176517486572
2015-10-08,24.516883850097656,41.00938415527344,0.6344545483589172
2015-10-09,25.103504180908203,40.715518951416016,0.6320300698280334
2015-10-12,24.987070083618164,40.620452880859375,0.6388182044029236
2015-10-13,25.029611587524414,40.52537536621094,0.6400306224822998
2015-10-14,24.675853729248047,40.34388732910156,0.6633042097091675
2015-10-15,25.045286178588867,40.62910461425781,0.665001392364502
2015-10-16,24.8616886138916,41.06123733520508,0.6754259467124939
2015-10-19,25.01618003845215,41.156288146972656,0.6742137670516968
2015-10-20,25.472932815551758,41.28594207763672,0.6732439994812012
2015-10-21,25.47069549560547,40.79330825805664,0.6645162105560303
2015-10-22,25.860280990600586,41.510658264160156,0.6885173916816711
2015-10-23,26.66183853149414,45.69371032714844,0.6931239366531372
2015-10-26,25.811019897460938,46.88637924194336,0.6899722218513489
2015-10-27,25.64756965637207,46.40239334106445,0.6894872188568115
2015-10-28,26.704374313354492,46.65303421020508,0.6950634121894836
2015-10-29,26.98648452758789,46.117183685302734,0.6710619926452637
2015-10-30,26.75586700439453,45.49491882324219,0.6877903342247009
2015-11-02,27.13201904296875,46.01348114013672,0.6957906484603882
2015-11-03,27.4432315826416,46.799964904785156,0.6909417510032654
2015-11-04,27.31561851501465,47.016029357910156,0.6795474886894226
2015-11-05,27.189695358276367,46.998748779296875,0.6717894673347473
2015-11-06,27.221176147460938,47.465431213378906,0.7648847699165344
2015-11-09,27.110998153686523,46.808597564697266,0.761490523815155
2015-11-10,26.25653839111328,46.24680709838867,0.7469445466995239
2015-11-11,26.10813331604004,46.36782455444336,0.7396714091300964
2015-11-12,26.02044105529785,46.08263397216797,0.7370048761367798
2015-11-13,25.26043128967285,45.66777420043945,0.72245854139328
2015-11-16,25.674163818359375,46.47154235839844,0.7370048761367798
2015-11-17,25.563974380493164,46.08869171142578,0.7370048761367798
2015-11-18,26.373458862304688,46.854373931884766,0.7551347017288208
2015-11-19,26.7085018157959,46.93268585205078,0.7573248147964478
2015-11-20,26.825428009033203,47.150203704833984,0.7638954520225525
2015-11-23,26.476896286010742,47.150203704833984,0.7524577379226685
2015-11-24,26.730985641479492,47.20240020751953,0.7585416436195374
2015-11-25,26.53985595703125,46.71516036987305,0.7575681209564209
2015-11-27,26.49039077758789,46.92399597167969,0.7638954520225525
2015-11-30,26.600566864013672,47.2894287109375,0.7719263434410095
2015-12-01,26.384706497192383,48.046424865722656,0.7969920635223389
2015-12-02,26.146360397338867,48.037681579589844,0.7909078598022461
2015-12-03,25.903514862060547,47.15891647338867,0.7892047166824341
2015-12-04,26.764707565307617,48.64677047729492,0.8213276863098145
2015-12-07,26.596071243286133,48.55975341796875,0.8057529926300049
2015-12-08,26.584827423095703,48.5423583984375,0.816703736782074
2015-12-09,25.997955322265625,47.83757781982422,0.7960185408592224
2015-12-10,26.12162208557129,48.08990478515625,0.8025892972946167
2015-12-11,25.449298858642578,47.03709030151367,0.790664792060852
2015-12-14,25.291906356811523,47.97678756713867,0.7926117181777954
2015-12-15,24.844436645507812,48.02901077270508,0.8023455739021301
2015-12-16,25.035564422607422,48.83818435668945,0.8072128295898438
2015-12-17,24.504901885986328,48.46403884887695,0.7950452566146851
2015-12-18,23.841571807861328,47.09799575805664,0.782147228717804
2015-12-21,24.133892059326172,47.70707321166992,0.8006423115730286
2015-12-22,24.111404418945312,48.15950012207031,0.8013723492622375
2015-12-23,24.421710968017578,48.56846618652344,0.8045359253883362
2015-12-24,24.29129409790039,48.43794250488281,0.8072128295898438
2015-12-28,24.019207000732422,48.68156051635742,0.8064826130867004
2015-12-29,24.45093536376953,49.2036247253418,0.819624125957489
2015-12-30,24.131643295288086,48.99479675292969,0.8125666975975037
2015-12-31,23.668441772460938,48.272621154785156,0.8021023273468018
2016-01-04,23.68867301940918,47.68096160888672,0.7877444624900818
2016-01-05,23.095054626464844,47.89848709106445,0.8003991842269897
2016-01-06,22.643083572387695,47.02839660644531,0.7673025131225586
2016-01-07,21.687440872192383,45.39262390136719,0.7368829846382141
2016-01-08,21.80213165283203,45.53182601928711,0.7210646271705627
2016-01-11,22.155149459838867,45.5057373046875,0.7222815752029419
2016-01-12,22.47669792175293,45.923377990722656,0.734449565410614
2016-01-13,21.898813247680664,44.931480407714844,0.7120607495307922
2016-01-14,22.37775421142578,46.210514068603516,0.6977027654647827
2016-01-15,21.840354919433594,44.36591720581055,0.659739077091217
2016-01-19,21.734668731689453,43.99177551269531,0.665092945098877
2016-01-20,21.76389503479004,44.19190216064453,0.6687430143356323
2016-01-21,21.653717041015625,43.92216873168945,0.676530659198761
2016-01-22,22.80498695373535,45.497032165527344,0.6923487782478333
2016-01-25,22.359773635864258,45.06199264526367,0.6916187405586243
2016-01-26,22.483442306518555,45.39262390136719,0.6984326243400574
2016-01-27,21.00613021850586,44.5660400390625,0.6901586055755615
2016-01-28,21.156787872314453,45.296932220458984,0.6826145052909851
2016-01-29,21.887569427490234,47.93329620361328,0.7127906680107117
2016-02-01,21.68294334411621,47.60264587402344,0.71303391456604
2016-02-02,21.24448013305664,46.11478805541992,0.682857871055603
2016-02-03,21.664960861206055,45.38392639160156,0.6862648129463196
2016-02-04,21.839035034179688,45.244712829589844,0.6865082383155823
2016-02-05,21.255762100219727,43.643741607666016,0.6431908011436462
2016-02-08,21.479583740234375,42.99116516113281,0.6137447953224182
2016-02-09,21.475055694580078,42.87807083129883,0.6203153133392334
2016-02-10,21.312280654907227,43.2522087097168,0.6188552379608154
2016-02-11,21.18341064453125,43.23480224609375,0.6156917810440063
2016-02-12,21.248979568481445,43.939571380615234,0.6261558532714844
2016-02-16,21.84808349609375,44.7720947265625,0.6568188667297363
2016-02-17,22.182680130004883,45.937618255615234,0.6731238961219788
2016-02-18,21.762170791625977,45.736061096191406,0.7310425043106079
2016-02-19,21.71243667602539,45.41181182861328,0.7407766580581665
2016-02-22,21.9023380279541,46.139183044433594,0.7670592069625854
2016-02-23,21.4072322845459,44.85097122192383,0.769006073474884
2016-02-24,21.72600746154785,45.00871276855469,0.774359941482544
2016-02-25,21.875215530395508,45.65719985961914,0.7760635018348694
2016-02-26,21.90912628173828,44.956119537353516,0.7709528207778931
2016-02-29,21.859390258789062,44.58806228637695,0.7659459710121155
2016-03-01,22.727516174316406,46.077842712402344,0.7998956441879272
2016-03-02,22.777254104614258,46.40208435058594,0.8045361638069153
2016-03-03,22.94681739807129,45.87628936767578,0.7974530458450317
2016-03-04,23.28819465637207,45.59585189819336,0.7950107455253601
2016-03-07,23.03046989440918,44.719512939453125,0.7898816466331482
2016-03-08,22.840559005737305,45.26284408569336,0.7754713296890259
2016-03-09,22.86091423034668,46.30567932128906,0.7749826908111572
2016-03-10,22.872211456298828,45.613380432128906,0.7737616896629333
2016-03-11,23.118635177612305,46.50724792480469,0.7869505882263184
2016-03-14,23.177410125732422,46.59487533569336,0.78890460729599
2016-03-15,23.64313507080078,46.96293258666992,0.7849968671798706
2016-03-16,23.95738410949707,47.628963470458984,0.8084442019462585
2016-03-17,23.9189453125,47.9006233215332,0.8016054630279541
2016-03-18,23.946077346801758,46.87531280517578,0.8257853388786316
2016-03-21,23.943817138671875,47.199554443359375,0.828227698802948
2016-03-22,24.12693977355957,47.38357925415039,0.826762318611145
2016-03-23,23.99355125427246,47.29595184326172,0.8409285545349121
2016-03-24,23.889558792114258,47.506263732910156,0.8421497941017151
2016-03-28,23.781038284301758,46.919132232666016,0.8506981134414673
2016-03-29,24.343971252441406,47.94443130493164,0.864375650882721
2016-03-30,24.769001007080078,48.24238967895508,0.873412549495697
2016-03-31,24.64012908935547,48.400123596191406,0.8702376484870911
2016-04-01,24.866207122802734,48.69808578491211,0.8829382658004761
2016-04-04,25.121675491333008,48.575408935546875,0.8743895888328552
2016-04-05,24.825517654418945,47.81298065185547,0.8731686472892761
2016-04-06,25.085506439208984,48.30372619628906,0.8743895888328552
2016-04-07,24.538402557373047,47.725341796875,0.8653528690338135
2016-04-08,24.565526962280273,47.69029998779297,0.8709701895713806
2016-04-11,24.64691162109375,47.59389877319336,0.8763439655303955
2016-04-12,24.967945098876953,47.89186477661133,0.8753665685653687
2016-04-13,25.329673767089844,48.50529479980469,0.8973485827445984
2016-04-14,25.343231201171875,48.51406478881836,0.8997912406921387
2016-04-15,24.834558486938477,48.76819610595703,0.9068740010261536
2016-04-18,24.298763275146484,49.478031158447266,0.9029662013053894
2016-04-19,24.169891357421875,49.416683197021484,0.8868460655212402
2016-04-20,24.21963119506836,48.71561050415039,0.8902655839920044
2016-04-21,23.95738410949707,48.882118225097656,0.8892884254455566
2016-04-22,23.89181900024414,45.37675094604492,0.8858692049980164
2016-04-25,23.756175994873047,45.66596984863281,0.8902655839920044
2016-04-26,23.59113311767578,45.07880783081055,0.8909984827041626
2016-04-27,22.114852905273438,44.64065170288086,0.911270260810852
2016-04-28,21.43888282775879,43.729251861572266,0.8841593861579895
2016-04-29,21.192459106445312,43.70296096801758,0.8677951097488403
2016-05-02,21.16985321044922,44.3514518737793,0.8792744278907776
2016-05-03,21.518007278442383,43.624088287353516,0.8687722086906433
2016-05-04,21.29420280456543,43.70296096801758,0.84898841381073
2016-05-05,21.207759857177734,43.764312744140625,0.8541174530982971
2016-05-06,21.089487075805664,44.158653259277344,0.8629102110862732
2016-05-09,21.105411529541016,43.878231048583984,0.8616891503334045
2016-05-10,21.248701095581055,44.71075439453125,0.8782975077629089
2016-05-11,21.041725158691406,44.73703384399414,0.8807399868965149
2016-05-12,20.548141479492188,45.14015197753906,0.8687722086906433
2016-05-13,20.589088439941406,44.76333999633789,1.0009076595306396
2016-05-16,21.353330612182617,45.42058563232422,1.0304609537124634
2016-05-17,21.264625549316406,44.57341384887695,1.0326589345932007
2016-05-18,21.508005142211914,44.838157653808594,1.059037685394287
2016-05-19,21.426116943359375,44.4057502746582,1.0636781454086304
2016-05-20,21.658119201660156,44.67048263549805,1.0827291011810303
2016-05-23,21.933332443237305,44.14982986450195,1.0844389200210571
2016-05-24,22.267696380615234,45.526485443115234,1.1107628345489502
2016-05-25,22.658916473388672,45.99420166015625,1.1061102151870728
2016-05-26,22.838603973388672,45.791221618652344,1.1178646087646484
2016-05-27,22.82495880126953,46.170692443847656,1.1239862442016602
2016-05-31,22.713499069213867,46.770751953125,1.144066333770752
2016-06-01,22.39506721496582,46.63838195800781,1.146270513534546
2016-06-02,22.22675132751465,46.3118782043457,1.1543511152267456
2016-06-03,22.272241592407227,45.70298385620117,1.1381889581680298
2016-06-06,22.433732986450195,46.003013610839844,1.132312297821045
2016-06-07,22.524715423583984,45.9765510559082,1.1345158815383911
2016-06-08,22.504243850708008,45.9235954284668,1.1308430433273315
2016-06-09,22.665742874145508,45.552947998046875,1.1602286100387573
2016-06-10,22.479228973388672,45.429405212402344,1.1313323974609375
2016-06-13,22.140310287475586,44.246910095214844,1.145780324935913
2016-06-14,22.167619705200195,43.973331451416016,1.1479843854904175
2016-06-15,22.094823837280273,43.849796295166016,1.159738302230835
2016-06-16,22.188087463378906,44.46752166748047,1.1643909215927124
2016-06-17,21.683143615722656,44.23807144165039,1.144066333770752
2016-06-20,21.63082504272461,44.18513870239258,1.1646360158920288
2016-06-21,21.815067291259766,45.173492431640625,1.1575343608856201
2016-06-22,21.73317527770996,44.99699401855469,1.1565550565719604
2016-06-23,21.858274459838867,45.808868408203125,1.1874092817306519
2016-06-24,21.244152069091797,43.973331451416016,1.1198234558105469
2016-06-27,20.934810638427734,42.73788833618164,1.107824683189392
2016-06-28,21.287370681762695,43.62917709350586,1.1239862442016602
2016-06-29,21.471607208251953,44.599891662597656,1.1423522233963013
2016-06-30,21.744548797607422,45.15584945678711,1.1511675119400024
2016-07-01,21.810516357421875,45.147010803222656,1.1425971984863281
2016-07-05,21.605810165405273,45.15584945678711,1.1594934463500977
2016-07-06,21.728626251220703,45.341182708740234,1.1668397188186646
2016-07-07,21.821889877319336,45.341182708740234,1.19720458984375
2016-07-08,21.990198135375977,46.15303039550781,1.2452001571655273
2016-07-11,22.05843734741211,46.40895462036133,1.2738511562347412
2016-07-12,22.158512115478516,46.956085205078125,1.2929519414901733
2016-07-13,22.033418655395508,47.22080612182617,1.29246187210083
2016-07-14,22.47012710571289,47.42378616333008,1.3056851625442505
2016-07-15,22.467853546142578,47.38849639892578,1.290502905845642
2016-07-18,22.706676483154297,47.617923736572266,1.2971144914627075
2016-07-19,22.71578025817871,46.850181579589844,1.3105829954147339
2016-07-20,22.736248016357422,49.33873748779297,1.3277240991592407
2016-07-21,22.61570167541504,49.24166488647461,1.3032366037368774
2016-07-22,22.44055938720703,49.9211540222168,1.3387436866760254
2016-07-25,22.140310287475586,50.06235885620117,1.363476037979126
2016-07-26,21.987926483154297,50.08882522583008,1.386739730834961
2016-07-27,23.416339874267578,49.58583068847656,1.372781753540039
2016-07-28,23.732498168945312,49.603485107421875,1.3757202625274658
2016-07-29,23.70292854309082,50.01823806762695,1.3982486724853516
2016-08-01,24.121442794799805,49.93000030517578,1.3891880512237549
2016-08-02,23.764347076416016,49.93000030517578,1.3722918033599854
2016-08-03,24.062299728393555,50.27414321899414,1.3759649991989136
2016-08-04,24.210947036743164,50.6447868347168,1.4014323949813843
2016-08-05,24.579133987426758,51.147789001464844,1.4251854419708252
2016-08-08,24.78266143798828,51.23603439331055,1.4384088516235352
2016-08-09,24.883291244506836,51.359588623046875,1.4420816898345947
2016-08-10,24.698049545288086,51.200740814208984,1.4327762126922607
2016-08-11,24.682037353515625,51.447818756103516,1.4619168043136597
2016-08-12,24.739215850830078,51.13015365600586,1.543705940246582
2016-08-15,25.036502838134766,51.28899002075195,1.5422364473342896
2016-08-16,25.013629913330078,51.004852294921875,1.5329315662384033
2016-08-17,24.977046966552734,51.11140060424805,1.4974242448806763
2016-08-18,24.94503402709961,51.14691925048828,1.520687460899353
2016-08-19,25.009061813354492,51.16466522216797,1.5246052742004395
2016-08-22,24.81468391418457,51.20907974243164,1.5309723615646362
2016-08-23,24.892431259155273,51.4044189453125,1.5433613061904907
2016-08-24,24.70490264892578,51.45770263671875,1.5195642709732056
2016-08-25,24.599712371826172,51.653053283691406,1.5095058679580688
2016-08-26,24.455638885498047,51.528743743896484,1.5217725038528442
2016-08-29,24.428199768066406,51.59089660644531,1.5207910537719727
2016-08-30,24.240676879882812,51.4044189453125,1.5119595527648926
2016-08-31,24.263547897338867,51.0225944519043,1.5048444271087646
2016-09-01,24.40761947631836,51.13804244995117,1.5492491722106934
2016-09-02,24.636308670043945,51.20907974243164,1.5340385437011719
2016-09-06,24.629444122314453,51.15579605102539,1.5485132932662964
2016-09-07,24.78037452697754,51.200191497802734,1.5256975889205933
2016-09-08,24.130908966064453,50.99596405029297,1.536737084388733
2016-09-09,23.584348678588867,49.91263961791992,1.4601949453353882
2016-09-12,24.112611770629883,50.65853500366211,1.4903700351715088
2016-09-13,24.686616897583008,50.19678497314453,1.4687812328338623
2016-09-14,25.56018829345703,49.9570426940918,1.4817841053009033
2016-09-15,26.42919921875,50.7828369140625,1.537964105606079
2016-09-16,26.280555725097656,50.83612060546875,1.5416438579559326
2016-09-19,25.97411346435547,50.55197525024414,1.5620062351226807
2016-09-20,25.971830368041992,50.445430755615234,1.5477772951126099
2016-09-21,25.967248916625977,51.28898620605469,1.5912004709243774
2016-09-22,26.211944580078125,51.3422737121582,1.5951253175735474
2016-09-23,25.775163650512695,50.99596405029297,1.5934081077575684
2016-09-26,25.814035415649414,50.52532958984375,1.578443169593811
2016-09-27,25.862058639526367,51.45770263671875,1.6324154138565063
2016-09-28,26.058725357055664,51.528743743896484,1.6383031606674194
2016-09-29,25.65395164489746,50.96931838989258,1.6535136699676514
2016-09-30,25.852909088134766,51.14691925048828,1.6809906959533691
2016-10-03,25.73170280456543,50.987083435058594,1.6792731285095215
2016-10-04,25.841476440429688,50.827266693115234,1.675593376159668
2016-10-05,25.852909088134766,51.182437896728516,1.6738758087158203
2016-10-06,26.04500389099121,51.271240234375,1.6520417928695679
2016-10-07,26.083885192871094,51.32450866699219,1.640020728111267
2016-10-10,26.538957595825195,51.53762435913086,1.6461539268493652
2016-10-11,26.59614372253418,50.7828369140625,1.6223570108413696
2016-10-12,26.83397674560547,50.711814880371094,1.6297169923782349
2016-10-13,26.751646041870117,50.54310607910156,1.6032216548919678
2016-10-14,26.900287628173828,50.987083435058594,1.618922472000122
2016-10-17,26.881994247436523,50.80949401855469,1.6095997095108032
2016-10-18,26.86370277404785,51.200191497802734,1.634132742881775
2016-10-19,26.783662796020508,51.08477020263672,1.6306979656219482
2016-10-20,26.76993751525879,50.83612060546875,1.661609411239624
2016-10-21,26.664737701416016,52.97612380981445,1.6569485664367676
2016-10-24,26.90486717224121,54.1660041809082,1.7347172498703003
2016-10-25,27.04207420349121,54.157135009765625,1.7631752490997314
2016-10-26,26.433774948120117,53.83745193481445,1.7702897787094116
2016-10-27,26.179927825927734,53.36684036254883,1.733981728553772
2016-10-28,26.006126403808594,53.16261291503906,1.7310376167297363
2016-10-31,25.9649715423584,53.20699691772461,1.7457572221755981
2016-11-01,25.496164321899414,53.10044479370117,1.6939926147460938
2016-11-02,25.51902961730957,52.77190399169922,1.6868783235549927
2016-11-03,25.24549674987793,52.57653045654297,1.6672523021697998
2016-11-04,25.01793670654297,52.13256072998047,1.6576848030090332
2016-11-07,25.378812789916992,53.65098190307617,1.7484560012817383
2016-11-08,25.528223037719727,53.695377349853516,1.7457572221755981
2016-11-09,25.486848831176758,53.42898178100586,1.7163180112838745
2016-11-10,24.776580810546875,52.123687744140625,1.662590742111206
2016-11-11,24.92369842529297,52.40782165527344,2.158154249191284
2016-11-14,24.298473358154297,51.608665466308594,2.051927089691162
2016-11-15,24.620283126831055,52.62778854370117,2.114485740661621
2016-11-16,25.282276153564453,53.32506561279297,2.247943878173828
2016-11-17,25.27307891845703,54.2100944519043,2.266589403152466
2016-11-18,25.29836082458496,53.95084762573242,2.2903857231140137
2016-11-21,25.682228088378906,54.40677261352539,2.281064033508301
2016-11-22,25.698326110839844,54.63919448852539,2.2975006103515625
2016-11-23,25.56730079650879,53.995540618896484,2.308803081512451
2016-11-25,25.696022033691406,54.11176681518555,2.3134713172912598
2016-11-28,25.64545249938965,54.18328857421875,2.3122434616088867
2016-11-29,25.62017059326172,54.61238098144531,2.2911136150360107
2016-11-30,25.404094696044922,53.870384216308594,2.265314817428589
2016-12-01,25.167343139648438,52.922786712646484,2.153277635574341
2016-12-02,25.261587142944336,52.967472076416016,2.173179864883423
2016-12-05,25.07999610900879,53.83464813232422,2.2574527263641357
2016-12-06,25.27307891845703,53.59326934814453,2.29455304145813
2016-12-07,25.52132797241211,54.862674713134766,2.335829973220825
2016-12-08,25.771879196166992,54.540855407714844,2.2967638969421387
2016-12-09,26.192520141601562,55.399070739746094,2.2559783458709717
2016-12-12,26.04311180114746,55.57786560058594,2.2011878490448
2016-12-13,26.4775447845459,56.30198669433594,2.24000883102417
2016-12-14,26.4775447845459,56.03378677368164,2.3697350025177
2016-12-15,26.622358322143555,55.94439697265625,2.425262451171875
2016-12-16,26.656835556030273,55.69409942626953,2.4670310020446777
2016-12-19,26.810848236083984,56.87411880493164,2.4970059394836426
2016-12-20,26.882102966308594,56.80259704589844,2.58398175239563
2016-12-21,26.90738296508789,56.80259704589844,2.6001973152160645
2016-12-22,26.730388641357422,56.81154251098633,2.631647825241089
2016-12-23,26.783262252807617,56.534420013427734,2.6972477436065674
2016-12-27,26.953357696533203,56.57017135620117,2.882502555847168
2016-12-28,26.838430404663086,56.310916900634766,2.6842260360717773
2016-12-29,26.831531524658203,56.23046112060547,2.737787961959839
2016-12-30,26.622358322143555,55.551055908203125,2.62255597114563
2017-01-03,26.698217391967773,55.94439697265625,2.5063424110412598
2017-01-04,26.6683292388916,55.69409942626953,2.5648176670074463
2017-01-05,26.803953170776367,55.69409942626953,2.499708652496338
2017-01-06,27.102766036987305,56.176815032958984,2.5331242084503174
2017-01-09,27.351011276245117,55.99803924560547,2.6358237266540527
2017-01-10,27.37859344482422,55.98015213012695,2.615922212600708
2017-01-11,27.525699615478516,56.48970031738281,2.583735942840576
2017-01-12,27.410781860351562,55.97120666503906,2.5414774417877197
2017-01-13,27.362504959106445,56.05167007446289,2.541231155395508
2017-01-17,27.583166122436523,55.89969253540039,2.484229326248169
2017-01-18,27.580873489379883,55.87287902832031,2.529437303543091
2017-01-19,27.53260040283203,55.69409942626953,2.583735942840576
2017-01-20,27.583166122436523,56.087425231933594,2.5554816722869873
2017-01-23,27.601558685302734,56.28410339355469,2.582016706466675
2017-01-24,27.576274871826172,56.78471374511719,2.637052059173584
2017-01-25,28.01531219482422,56.927757263183594,2.6483547687530518
2017-01-26,28.029094696044922,57.455196380615234,2.6940536499023438
2017-01-27,28.03139305114746,58.805076599121094,2.7461419105529785
2017-01-30,27.95784568786621,58.2239990234375,2.7031443119049072
2017-01-31,27.89348030090332,57.7949104309082,2.682506561279297
2017-02-01,29.594444274902344,56.838356018066406,2.7997028827667236
2017-02-02,29.543874740600586,56.47183609008789,2.835083246231079
2017-02-03,29.670303344726562,56.927757263183594,2.810267686843872
2017-02-06,29.94842529296875,56.89199447631836,2.882255792617798
2017-02-07,30.233463287353516,56.70426940917969,2.926973581314087
2017-02-08,30.350679397583008,56.62380599975586,2.9141974449157715
2017-02-09,30.569990158081055,57.26746368408203,2.859407424926758
2017-02-10,30.500741958618164,57.213829040527344,2.791595697402954
2017-02-13,30.770841598510742,57.857486724853516,2.662851333618164
2017-02-14,31.17021369934082,58.07333755493164,2.6726784706115723
2017-02-15,31.283348083496094,58.03736114501953,2.678083658218384
2017-02-16,31.246410369873047,58.028350830078125,2.6350865364074707
2017-02-17,31.331829071044922,58.1182975769043,2.6345949172973633
2017-02-21,31.558055877685547,58.00138473510742,2.72894287109375
2017-02-22,31.6527042388916,57.88445281982422,2.7247610092163086
2017-02-23,31.51882553100586,58.1182975769043,2.4721124172210693
2017-02-24,31.548824310302734,58.1182975769043,2.4959752559661865
2017-02-27,31.61114501953125,57.767555236816406,2.568546772003174
2017-02-28,31.625015258789062,57.542694091796875,2.496467351913452
2017-03-01,32.271419525146484,58.40608596801758,2.528693675994873
2017-03-02,32.07978820800781,57.56968688964844,2.435458183288574
2017-03-03,32.269100189208984,57.7855224609375,2.421436071395874
2017-03-06,32.16751480102539,57.80352020263672,2.4027390480041504
2017-03-07,32.20908737182617,57.92044448852539,2.429060935974121
2017-03-08,32.08903121948242,58.45106887817383,2.4246327877044678
2017-03-09,32.015159606933594,58.217227935791016,2.4241421222686768
2017-03-10,32.12136459350586,58.397117614746094,2.4384095668792725
2017-03-13,32.13520812988281,58.19924545288086,2.505570411682129
2017-03-14,32.08672332763672,57.9294319152832,2.503847599029541
2017-03-15,32.42608642578125,58.23521423339844,2.5227901935577393
2017-03-16,32.47917556762695,58.13628387451172,2.5537869930267334
2017-03-17,32.31758499145508,58.34315490722656,2.609384536743164
2017-03-20,32.65693664550781,58.397117614746094,2.692533493041992
2017-03-21,32.28294372558594,57.74955368041992,2.6054482460021973
2017-03-22,32.647701263427734,58.487060546875,2.6585853099823
2017-03-23,32.53227996826172,58.34315490722656,2.63447642326355
2017-03-24,32.46763229370117,58.44208908081055,2.6438241004943848
2017-03-27,32.52304458618164,58.550018310546875,2.663013219833374
2017-03-28,33.1971321105957,58.72089767456055,2.6492371559143066
2017-03-29,33.2710075378418,58.882781982421875,2.640627145767212
2017-03-30,33.22714614868164,59.098628997802734,2.6913039684295654
2017-03-31,33.16482162475586,59.23353958129883,2.679741621017456
2017-04-03,33.17405319213867,58.9547119140625,2.6662118434906006
2017-04-04,33.421077728271484,59.116607666015625,2.479245901107788
2017-04-05,33.2479248046875,58.96371078491211,2.4607956409454346
2017-04-06,33.16482162475586,59.116607666015625,2.478754758834839
2017-04-07,33.09095001220703,59.07164001464844,2.4681766033172607
2017-04-10,33.05170440673828,58.936729431152344,2.4051992893218994
2017-04-11,32.69620132446289,58.89176940917969,2.4138095378875732
2017-04-12,32.73543167114258,58.666927337646484,2.3938825130462646
2017-04-13,32.56229019165039,58.41510009765625,2.349109411239624
2017-04-17,32.74235534667969,58.89176940917969,2.441115140914917
2017-04-18,32.596920013427734,58.81083297729492,2.442591667175293
2017-04-19,32.476863861083984,58.49604034423828,2.452186107635498
2017-04-20,32.8831787109375,58.90976333618164,2.491055727005005
2017-04-21,32.843936920166016,59.71919250488281,2.5013880729675293
2017-04-24,33.16020965576172,60.73550796508789,2.5326297283172607
2017-04-25,33.36565017700195,61.086273193359375,2.5766654014587402
2017-04-26,33.16944122314453,61.00532531738281,2.5589520931243896
2017-04-27,33.19484329223633,61.401058197021484,2.5988051891326904
2017-04-28,33.162513732910156,61.57194137573242,2.565840721130371
2017-05-01,33.83892059326172,62.426361083984375,2.623405694961548
2017-05-02,34.053611755371094,62.327430725097656,2.545668601989746
2017-05-03,33.94972229003906,62.12958526611328,2.564610481262207
2017-05-04,33.82738494873047,61.8867073059082,2.5547704696655273
2017-05-05,34.388362884521484,62.0576171875,2.5550169944763184
2017-05-08,35.32331848144531,62.00363540649414,2.528202772140503
2017-05-09,35.549564361572266,62.09357833862305,2.532383680343628
2017-05-10,35.381046295166016,62.33642578125,2.98380446434021
2017-05-11,35.687042236328125,61.57194137573242,3.111974000930786
2017-05-12,36.1854133605957,61.500003814697266,3.1461687088012695
2017-05-15,36.09269332885742,61.54496383666992,3.3041040897369385
2017-05-16,36.03938674926758,62.784156799316406,3.3656063079833984
2017-05-17,34.82931900024414,61.038429260253906,3.14198637008667
2017-05-18,35.36018371582031,61.24646759033203,3.273599147796631
2017-05-19,35.4807243347168,61.228363037109375,3.3492021560668945
2017-05-22,35.69629669189453,61.915809631347656,3.4206199645996094
2017-05-23,35.65226364135742,62.123863220214844,3.374567747116089
2017-05-24,35.545623779296875,62.20527267456055,3.4124927520751953
2017-05-25,35.668487548828125,62.97414016723633,3.4048588275909424
2017-05-26,35.608211517333984,63.28166198730469,3.4930219650268555
2017-05-30,35.62212371826172,63.688758850097656,3.5676398277282715
2017-05-31,35.41117477416992,63.17311096191406,3.5548341274261475
2017-06-01,35.508541107177734,63.408321380615234,3.5550804138183594
2017-06-02,36.034751892089844,64.90985870361328,3.5373494625091553
2017-06-05,35.682395935058594,65.3802261352539,3.6449666023254395
2017-06-06,35.80294418334961,65.59728240966797,3.628467321395874
2017-06-07,36.016197204589844,65.47969055175781,3.672302484512329
2017-06-08,35.92811584472656,65.08171844482422,3.9387614727020264
2017-06-09,34.53492736816406,63.6073112487793,3.6841235160827637
2017-06-12,33.70969009399414,63.118865966796875,3.693234920501709
2017-06-13,33.98090362548828,63.90584182739258,3.7284507751464844
2017-06-14,33.64942932128906,63.562076568603516,3.73633074760437
2017-06-15,33.447750091552734,63.22739791870117,3.7523393630981445
2017-06-16,32.979496002197266,63.31786346435547,3.733868360519409
2017-06-19,33.9229621887207,64.10482025146484,3.874239444732666
2017-06-20,33.61465072631836,63.23646545410156,3.8685762882232666
2017-06-21,33.81401824951172,63.562076568603516,3.927187442779541
2017-06-22,33.75837707519531,63.553062438964844,3.900097131729126
2017-06-23,33.90904998779297,64.41236114501953,3.7882933616638184
2017-06-26,33.80241775512695,63.79724884033203,3.7469208240509033
2017-06-27,33.31793212890625,62.603275299072266,3.6097514629364014
2017-06-28,33.80473709106445,63.13697052001953,3.7370705604553223
2017-06-29,33.30634689331055,61.95201110839844,3.612213373184204
2017-06-30,33.38516616821289,62.350013732910156,3.5600056648254395
2017-07-03,33.264625549316406,61.662540435791016,3.431208610534668
2017-07-05,33.401405334472656,62.48570251464844,3.522820234298706
2017-07-06,33.08612823486328,62.02437210083008,3.5334091186523438
2017-07-07,33.42225646972656,62.829402923583984,3.6141836643218994
2017-07-10,33.62625503540039,63.29978942871094,3.7850916385650635
2017-07-11,33.73518753051758,63.30881118774414,3.8387773036956787
2017-07-12,33.783878326416016,64.35808563232422,4.002050876617432
2017-07-13,34.25445556640625,64.91891479492188,3.9557533264160156
2017-07-14,34.54884338378906,65.83248138427734,4.062141418457031
2017-07-17,34.66939163208008,66.34811401367188,4.044900894165039
2017-07-18,34.7899284362793,66.3028564453125,4.087011337280273
2017-07-19,35.0078239440918,66.80937957763672,4.065832138061523
2017-07-20,34.850189208984375,67.13502502441406,4.124937057495117
2017-07-21,34.83396911621094,66.74607849121094,4.139712810516357
2017-07-24,35.2558708190918,66.57420349121094,4.091689586639404
2017-07-25,35.40653610229492,67.10791778564453,4.0719895362854
2017-07-26,35.573448181152344,66.98127746582031,4.1190266609191895
2017-07-27,34.90119934082031,66.17622375488281,3.983088254928589
2017-07-28,34.655479431152344,66.06767272949219,4.048348426818848
2017-07-31,34.476993560791016,65.76012420654297,4.002050876617432
2017-08-01,34.782981872558594,65.65158081054688,4.050811290740967
2017-08-02,36.426490783691406,65.36212921142578,4.048348426818848
2017-08-03,36.06254196166992,65.26264190673828,4.099819660186768
2017-08-04,36.252647399902344,65.74205780029297,4.117793560028076
2017-08-07,36.813629150390625,65.48875427246094,4.244376182556152
2017-08-08,37.108009338378906,65.84154510498047,4.193890571594238
2017-08-09,37.33518600463867,65.55210876464844,4.238467216491699
2017-08-10,36.14599609375,64.59324645996094,4.0569682121276855
2017-08-11,36.64866638183594,65.57920837402344,3.840747833251953
2017-08-14,37.200218200683594,66.5651626586914,4.147100925445557
2017-08-15,37.60748291015625,66.58334350585938,4.112130641937256
2017-08-16,37.456207275390625,66.974365234375,4.0670647621154785
2017-08-17,36.73710632324219,65.83768463134766,3.976440191268921
2017-08-18,36.65332794189453,65.91952514648438,3.9771792888641357
2017-08-21,36.58584976196289,65.61033630371094,3.919306516647339
2017-08-22,37.183921813964844,66.52880096435547,4.006559371948242
2017-08-23,37.230464935302734,66.12867736816406,4.086667060852051
2017-08-24,37.065242767333984,66.10140228271484,4.071632385253906
2017-08-25,37.20254135131836,66.21961975097656,4.037617206573486
2017-08-28,37.57723617553711,66.22869873046875,4.0662102699279785
2017-08-29,37.912330627441406,66.42876434326172,4.059554576873779
2017-08-30,38.01473617553711,67.3017578125,4.083707809448242
2017-08-31,38.16600036621094,67.99284362792969,4.176384449005127
2017-09-01,38.177642822265625,67.23808288574219,4.201529026031494
2017-09-05,37.71918487548828,66.9380111694336,4.089378356933594
2017-09-06,37.67961502075195,66.74703979492188,4.086912631988525
2017-09-07,37.52835464477539,67.6018295288086,4.105894088745117
2017-09-08,36.91630172729492,67.27448272705078,4.034659385681152
2017-09-11,37.58419418334961,67.98377227783203,4.165541172027588
2017-09-12,37.435272216796875,67.91101837158203,4.180575847625732
2017-09-13,37.15367126464844,68.39298248291016,4.1993088722229
2017-09-14,36.834842681884766,67.99284362792969,4.175400257110596
2017-09-15,37.20720291137695,68.4839096069336,4.439382076263428
2017-09-18,36.925601959228516,68.34752655029297,4.622764587402344
2017-09-19,36.939571380615234,68.60214233398438,4.6178364753723145
2017-09-20,36.32054138183594,68.14744567871094,4.580615997314453
2017-09-21,35.69684600830078,67.48361206054688,4.455402374267578
2017-09-22,35.347774505615234,67.66548156738281,4.412022113800049
2017-09-25,35.035926818847656,66.6197280883789,4.214839458465576
2017-09-26,35.638668060302734,66.6197280883789,4.238500118255615
2017-09-27,35.892330169677734,67.15625762939453,4.331423282623291
2017-09-28,35.67125701904297,67.17444610595703,4.330191612243652
2017-09-29,35.86673355102539,67.73824310302734,4.406356334686279
2017-10-02,35.794593811035156,67.84733581542969,4.412022113800049
2017-10-03,35.95051193237305,67.52909088134766,4.421141624450684
2017-10-04,35.71779251098633,67.92010498046875,4.458115577697754
2017-10-05,36.162288665771484,69.08409118652344,4.455650806427002
2017-10-06,36.14134979248047,69.11137390136719,4.468713760375977
2017-10-09,36.26701736450195,69.37506866455078,4.569524765014648
2017-10-10,36.28097915649414,69.37506866455078,4.656779766082764
2017-10-11,36.4322395324707,69.49330139160156,4.70632266998291
2017-10-12,36.304237365722656,70.1298599243164,4.708540916442871
2017-10-13,36.534637451171875,70.4663314819336,4.796287536621094
2017-10-16,37.20720291137695,70.61182403564453,4.878611087799072
2017-10-17,37.344505310058594,70.5572509765625,4.8741774559021
2017-10-18,37.17927932739258,70.57545471191406,4.869985103607178
2017-10-19,36.29959487915039,70.8482437133789,4.8754096031188965
2017-10-20,36.3624267578125,71.6666488647461,4.853226184844971
2017-10-23,36.34381103515625,71.68488311767578,4.846324443817139
2017-10-24,36.56023406982422,71.71214294433594,4.897099018096924
2017-10-25,36.39966583251953,71.50296020507812,4.773365020751953
2017-10-26,36.63237762451172,71.6212158203125,4.82340145111084
2017-10-27,37.94493103027344,76.21347045898438,4.975481033325195
2017-10-30,38.79899978637695,76.28623962402344,5.024282932281494
2017-10-31,39.33890914916992,75.64057922363281,5.097488880157471
2017-11-01,38.838565826416016,75.64057922363281,5.107100963592529
2017-11-02,39.122474670410156,76.43171691894531,5.076045513153076
2017-11-03,40.14411926269531,76.51356506347656,5.143828392028809
2017-11-06,40.55138397216797,76.81365966796875,5.166995525360107
2017-11-07,40.68171310424805,76.63177490234375,5.22615385055542
2017-11-08,41.014495849609375,76.8954849243164,5.155411243438721
2017-11-09,40.93070983886719,76.46808624267578,5.060762405395508
2017-11-10,40.79524230957031,76.26803588867188,5.327455997467041
2017-11-13,40.63175582885742,76.32257843017578,5.240941047668457
2017-11-14,40.01750946044922,76.43171691894531,5.279145240783691
2017-11-15,39.489681243896484,75.83766174316406,5.175622940063477
2017-11-16,39.961456298828125,76.03872680664062,5.2158002853393555
2017-11-17,39.73957824707031,75.30758666992188,5.209636688232422
2017-11-20,39.69987869262695,75.4263916015625,5.2766804695129395
2017-11-21,40.437904357910156,76.51396179199219,5.325236797332764
2017-11-22,40.862979888916016,75.95651245117188,5.30131196975708
2017-11-24,40.865318298339844,76.09356689453125,5.351382732391357
2017-11-27,40.65978240966797,76.65107727050781,5.281826496124268
2017-11-28,40.42155838012695,77.57413482666016,5.197224140167236
2017-11-29,39.58308792114258,76.16668701171875,4.844757556915283
2017-11-30,40.13661575317383,76.92523193359375,4.9505720138549805
2017-12-01,39.94978332519531,77.00749206542969,4.875835418701172
2017-12-04,39.65781784057617,74.1011962890625,4.604024887084961
2017-12-05,39.62046813964844,74.56732177734375,4.630662441253662
2017-12-06,39.473323822021484,75.65487670898438,4.668154716491699
2017-12-07,39.54572296142578,75.38981628417969,4.735490322113037
2017-12-08,39.55739212036133,76.91610717773438,4.7231574058532715
2017-12-11,40.328128814697266,77.89401245117188,4.801345348358154
2017-12-12,40.101593017578125,78.21388244628906,4.707125186920166
2017-12-13,40.234710693359375,78.00365447998047,4.592185974121094
2017-12-14,40.223026275634766,77.40048217773438,4.599338054656982
2017-12-15,40.63175582885742,79.37456512451172,4.724884510040283
2017-12-18,41.20397186279297,78.94502258300781,4.88126277923584
2017-12-19,40.76488494873047,78.44236755371094,4.837113380432129
2017-12-20,40.72051239013672,78.15904235839844,4.854130268096924
2017-12-21,40.874656677246094,78.14075469970703,4.831686019897461
2017-12-22,40.874656677246094,78.14990997314453,4.81639289855957
2017-12-26,39.837669372558594,78.04934692382812,4.869915962219238
2017-12-27,39.844669342041016,78.33267974853516,4.86325740814209
2017-12-28,39.956783294677734,78.34182739257812,4.868929386138916
2017-12-29,39.52470016479492,78.17733001708984,4.77273416519165
2018-01-02,40.23237228393555,78.55201721191406,4.917027473449707
2018-01-03,40.225364685058594,78.91761016845703,5.240635395050049
2018-01-04,40.41221237182617,79.6122055053711,5.268260955810547
2018-01-05,40.872318267822266,80.5992202758789,5.312906265258789
2018-01-08,40.72051239013672,80.68147277832031,5.475697040557861
2018-01-09,40.7158317565918,80.62664794921875,5.474215984344482
2018-01-10,40.70648956298828,80.2610855102539,5.517133712768555
2018-01-11,40.937721252441406,80.49869537353516,5.526998519897461
2018-01-12,41.36045455932617,81.88786315917969,5.499866485595703
2018-01-16,41.150264739990234,80.74544525146484,5.429079055786133
2018-01-17,41.82990264892578,82.38140106201172,5.54278564453125
2018-01-18,41.86728286743164,82.34483337402344,5.535880088806152
2018-01-19,41.68043899536133,82.25344848632812,5.6757307052612305
2018-01-22,41.33943557739258,83.72486877441406,5.764032363891602
2018-01-23,41.348777770996094,83.98992156982422,5.892786502838135
2018-01-24,40.690147399902344,83.91678619384766,5.816076278686523
2018-01-25,39.96379852294922,84.38286590576172,5.829643726348877
2018-01-26,40.057212829589844,85.96397399902344,6.00180721282959
2018-01-29,39.22809600830078,85.83602905273438,6.088627338409424
2018-01-30,38.996856689453125,84.75760650634766,5.986761569976807
2018-01-31,39.10429763793945,86.83222198486328,6.062729835510254
2018-02-01,39.1860466003418,86.14676666259766,5.932004451751709
2018-02-02,37.48576354980469,83.88024139404297,5.7598395347595215
2018-02-05,36.54920196533203,80.42559051513672,5.270975589752197
2018-02-06,38.07666778564453,83.46896362304688,5.563999652862549
2018-02-07,37.261539459228516,81.89701843261719,5.64341926574707
2018-02-08,36.23621368408203,77.69293212890625,5.365195274353027
2018-02-09,36.679466247558594,80.59010314941406,5.72432279586792
2018-02-12,38.1568603515625,81.45832824707031,5.6244282722473145
2018-02-13,38.53910446166992,82.09806823730469,5.737887382507324
2018-02-14,39.249656677246094,83.383544921875,5.954696178436279
2018-02-15,40.56760025024414,85.0822982788086,6.079995632171631
2018-02-16,40.436279296875,84.47627258300781,6.0143890380859375
2018-02-20,40.300254821777344,85.13739776611328,6.1436333656311035
2018-02-21,40.11735534667969,84.00794982910156,5.956914901733398
2018-02-22,40.452693939208984,84.22835540771484,5.976412773132324
2018-02-23,41.156227111816406,86.36780548095703,6.069706439971924
2018-02-26,41.96995162963867,87.61656951904297,6.085747718811035
2018-02-27,41.83395004272461,86.496337890625,6.072916030883789
2018-02-28,41.7706184387207,86.10150909423828,5.972712516784668
2018-03-01,41.03895568847656,85.25672912597656,5.731088638305664
2018-03-02,41.322723388671875,85.44039916992188,5.837954044342041
2018-03-05,41.46577072143555,85.98213195800781,5.815990924835205
2018-03-06,41.43059158325195,85.68829345703125,5.976660251617432
2018-03-07,41.04600524902344,86.18414306640625,5.9687628746032715
2018-03-08,41.49390411376953,86.70752716064453,5.952473163604736
2018-03-09,42.20680236816406,88.64498901367188,6.054898262023926
2018-03-12,42.6148567199707,88.85616302490234,6.164233684539795
2018-03-13,42.204471588134766,86.6891860961914,6.113637447357178
2018-03-14,41.84568405151367,86.17497253417969,6.1390581130981445
2018-03-15,41.89491271972656,86.47798156738281,6.153867721557617
2018-03-16,41.747169494628906,86.86363983154297,6.182003021240234
2018-03-19,41.10932540893555,85.29347229003906,5.948031425476074
2018-03-20,41.095245361328125,85.51383972167969,6.159790515899658
2018-03-21,40.16424560546875,84.91703033447266,6.134617805480957
2018-03-22,39.59674072265625,82.44698333740234,5.969009876251221
2018-03-23,38.67980194091797,80.05042266845703,5.7498459815979
2018-03-26,40.516021728515625,86.11067962646484,6.033920764923096
2018-03-27,39.477134704589844,82.1531753540039,5.565975666046143
2018-03-28,39.04095458984375,82.07970428466797,5.463057041168213
2018-03-29,39.34581756591797,83.80596160888672,5.715786933898926
2018-04-02,39.08785629272461,81.28084564208984,5.455652236938477
2018-04-03,39.488861083984375,82.37355041503906,5.561779499053955
2018-04-04,40.24396896362305,84.7792739868164,5.583744525909424
2018-04-05,40.52304458618164,84.82518005371094,5.463797569274902
2018-04-06,39.48653793334961,82.85102844238281,5.2878241539001465
2018-04-09,39.878150939941406,83.34683227539062,5.316453456878662
2018-04-10,40.628578186035156,85.28428649902344,5.624962329864502
2018-04-11,40.438629150390625,84.34770965576172,5.583744525909424
2018-04-12,40.83728790283203,85.92703247070312,5.790073871612549
2018-04-13,40.975650787353516,85.46794891357422,5.713563919067383
2018-04-16,41.23125457763672,86.4687728881836,5.71331787109375
2018-04-17,41.79877853393555,88.21341705322266,5.862637519836426
2018-04-18,41.704959869384766,88.55315399169922,5.83375883102417
2018-04-19,40.52304458618164,88.25016021728516,5.6528496742248535
2018-04-20,38.86272430419922,87.2309341430664,5.644705295562744
2018-04-23,38.75016784667969,87.55232238769531,5.525498867034912
2018-04-24,38.21078872680664,85.50468444824219,5.459354877471924
2018-04-25,38.37730026245117,84.76091003417969,5.347304344177246
2018-04-26,38.51096725463867,86.55142211914062,5.55856990814209
2018-04-27,38.065399169921875,87.98385620117188,5.58596658706665
2018-04-30,38.75484848022461,85.8719482421875,5.550671577453613
2018-05-01,39.655357360839844,87.2309341430664,5.605958461761475
2018-05-02,41.407135009765625,85.86278533935547,5.585473537445068
2018-05-03,41.48218536376953,86.37699127197266,5.750339508056641
2018-05-04,43.10968017578125,87.3778305053711,5.900149822235107
2018-05-07,43.42157745361328,88.35115814208984,6.137578010559082
2018-05-08,43.630287170410156,87.97469329833984,6.180027961730957
2018-05-09,43.93748474121094,89.01226043701172,6.31281042098999
2018-05-10,44.56596374511719,89.90296173095703,6.420170783996582
2018-05-11,44.39647674560547,89.71011352539062,6.2819600105285645
2018-05-14,44.29289245605469,90.01314544677734,6.302443981170654
2018-05-15,43.89033889770508,89.36119842529297,6.06057596206665
2018-05-16,44.29995346069336,89.59173583984375,6.071681976318359
2018-05-17,44.01980972290039,88.69719696044922,6.113637447357178
2018-05-18,43.8597297668457,88.86320495605469,6.069952964782715
2018-05-21,44.170475006103516,90.00675201416016,6.02799654006958
2018-05-22,44.05983352661133,89.9145278930664,5.989987373352051
2018-05-23,44.342323303222656,90.98426055908203,6.113222122192383
2018-05-24,44.29289245605469,90.66148376464844,6.11692476272583
2018-05-25,44.39411926269531,90.70760345458984,6.156191825866699
2018-05-29,44.234039306640625,90.38481903076172,6.139149188995361
2018-05-30,44.13985824584961,91.25169372558594,6.247813701629639
2018-05-31,43.9915657043457,91.15025329589844,6.22805643081665
2018-06-01,44.784912109375,92.94853210449219,6.362155437469482
2018-06-04,45.15920639038086,93.76005554199219,6.540705680847168
2018-06-05,45.50762176513672,94.2396240234375,6.546139240264893
2018-06-06,45.665340423583984,94.51627349853516,6.548113822937012
2018-06-07,45.542930603027344,93.03154754638672,6.49254846572876
2018-06-08,45.128597259521484,93.7231674194336,6.477238178253174
2018-06-11,45.01795959472656,93.1883316040039,6.43624210357666
2018-06-12,45.265140533447266,93.4280776977539,6.484647274017334
2018-06-13,44.89320373535156,93.00389099121094,6.480202674865723
2018-06-14,44.91673278808594,93.52953338623047,6.591579437255859
2018-06-15,44.455326080322266,92.33990478515625,6.550830841064453
2018-06-18,44.43177032470703,93.01311492919922,6.546632289886475
2018-06-19,43.713783264160156,93.01311492919922,6.425129413604736
2018-06-20,43.90446090698242,93.94453430175781,6.4779791831970215
2018-06-21,43.65964889526367,93.27133178710938,6.349560737609863
2018-06-22,43.53249740600586,92.59814453125,6.1974334716796875
2018-06-25,42.8851318359375,90.73527526855469,5.9052815437316895
2018-06-26,43.417144775390625,91.37159729003906,5.976158618927002
2018-06-27,43.35359573364258,89.95142364501953,5.821315765380859
2018-06-28,43.6690559387207,90.95661163330078,5.948251247406006
2018-06-29,43.57722473144531,90.93814086914062,5.8504557609558105
2018-07-02,44.06452941894531,92.229248046875,5.982332706451416
2018-07-03,43.29708480834961,91.34393310546875,5.848974704742432
2018-07-05,43.6454963684082,91.99869537353516,5.994434833526611
2018-07-06,44.250518798828125,93.28976440429688,6.108034610748291
2018-07-09,44.86494064331055,93.92606353759766,6.155450820922852
2018-07-10,44.81080627441406,94.17508697509766,6.254234790802002
2018-07-11,44.22933578491211,94.04597473144531,6.112974166870117
2018-07-12,44.970882415771484,96.08403778076172,6.204347610473633
2018-07-13,45.04150390625,97.2275619506836,6.15717887878418
2018-07-16,44.94264221191406,96.74801635742188,6.12952184677124
2018-07-17,45.06974792480469,97.70712280273438,6.265100002288818
2018-07-18,44.822566986083984,96.94165802001953,6.215956687927246
2018-07-19,45.170989990234375,96.2776870727539,6.224103927612305
2018-07-20,45.06740951538086,98.002197265625,6.19595193862915
2018-07-23,45.107425689697266,99.56993103027344,6.1594014167785645
2018-07-24,45.43464660644531,99.28408813476562,6.142114162445068
2018-07-25,45.863101959228516,102.20743560791016,6.22015380859375
2018-07-26,45.71950149536133,101.09159088134766,6.29349946975708
2018-07-27,44.95912170410156,99.3025131225586,6.2238569259643555
2018-07-30,44.70721435546875,97.1722640991211,6.029006481170654
2018-07-31,44.79668045043945,97.8270263671875,6.0470356941223145
2018-08-01,47.43564987182617,98.01142883300781,6.086796283721924
2018-08-02,48.822235107421875,99.20106506347656,6.189284324645996
2018-08-03,48.963478088378906,99.6344985961914,6.225832939147949
2018-08-06,49.217716217041016,99.71747589111328,6.273496627807617
2018-08-07,48.756309509277344,100.4091567993164,6.345609188079834
2018-08-08,48.789268493652344,100.97168731689453,6.381912708282471
2018-08-09,49.17300033569336,101.13768768310547,6.333508014678955
2018-08-10,49.026519775390625,100.51980590820312,6.292265892028809
2018-08-13,49.34307861328125,99.79126739501953,6.325111389160156
2018-08-14,49.55097961425781,101.03623962402344,6.456246376037598
2018-08-15,49.66672897338867,99.66614532470703,6.398210525512695
2018-08-16,50.394344329833984,99.64762115478516,6.357710838317871
2018-08-17,51.40071487426758,99.59207916259766,6.046048164367676
2018-08-20,50.899906158447266,98.93476867675781,6.12062931060791
2018-08-21,50.800682067871094,98.11088562011719,6.255961894989014
2018-08-22,50.80304718017578,99.11070251464844,6.490573883056641
2018-08-23,50.906986236572266,99.57354736328125,6.589851379394531
2018-08-24,51.06526184082031,100.3511962890625,6.722714900970459
2018-08-27,51.48577117919922,101.46208190917969,6.813596248626709
2018-08-28,51.901554107666016,102.07307434082031,6.776058673858643
2018-08-29,52.67640686035156,103.70240020751953,6.881319999694824
2018-08-30,53.16070556640625,103.63760375976562,6.864517688751221
2018-08-31,53.7749137878418,103.98938751220703,6.935434818267822
2018-09-04,53.9473762512207,103.4154281616211,7.010056972503662
2018-09-05,53.59537887573242,100.43449401855469,6.879589557647705
2018-09-06,52.70476150512695,100.66595458984375,6.738747596740723
2018-09-07,52.27952194213867,100.17532348632812,6.7174973487854
2018-09-10,51.577903747558594,101.25843048095703,6.788413047790527
2018-09-11,52.88194274902344,102.98030090332031,6.740724086761475
2018-09-12,52.22519302368164,103.4154281616211,6.6270599365234375
2018-09-13,53.486717224121094,104.52632904052734,6.704648971557617
2018-09-14,52.87957000732422,104.95218658447266,6.830418109893799
2018-09-17,51.47159957885742,103.8134994506836,6.768646717071533
2018-09-18,51.556640625,104.80402374267578,6.696742057800293
2018-09-19,51.58735656738281,103.40616607666016,6.720461845397949
2018-09-20,51.97950744628906,105.1373291015625,6.579617977142334
2018-09-21,51.41962432861328,105.77607727050781,6.509690284729004
2018-09-24,52.15904998779297,106.15565490722656,6.565285682678223
2018-09-25,52.489768981933594,105.95195770263672,6.632248401641846
2018-09-26,52.07164001464844,105.51688385009766,6.595433712005615
2018-09-27,53.14179611206055,105.91494750976562,6.607293128967285
2018-09-28,53.32843017578125,105.87791442871094,6.9438347816467285
2018-10-01,53.68750762939453,107.02584838867188,7.149910926818848
2018-10-02,54.16471862792969,106.60000610351562,7.0787482261657715
2018-10-03,54.82380676269531,106.61852264404297,7.084925651550293
2018-10-04,53.859981536865234,104.41521453857422,6.901087760925293
2018-10-05,52.98588562011719,103.80423736572266,6.668076992034912
2018-10-08,52.863040924072266,102.61931610107422,6.5670166015625
2018-10-09,53.59537887573242,103.92459869384766,6.561333656311035
2018-10-10,51.112510681152344,98.27751922607422,6.070852756500244
2018-10-11,50.66130447387695,98.04608154296875,5.809920310974121
2018-10-12,52.470882415771484,101.43433380126953,6.091855049133301
2018-10-15,51.3487548828125,99.61058807373047,5.816098690032959
2018-10-16,52.48032760620117,102.75814819335938,6.074310302734375
2018-10-17,52.2535400390625,102.48966979980469,6.005866527557373
2018-10-18,51.032196044921875,100.44376373291016,5.918641090393066
2018-10-19,51.809425354003906,100.5918960571289,5.662652969360352
2018-10-22,52.125972747802734,101.48986053466797,5.713305950164795
2018-10-23,52.617347717285156,100.0734634399414,5.462259292602539
2018-10-24,50.81248474121094,94.7226333618164,4.927301406860352
2018-10-25,51.925174713134766,100.25861358642578,5.13560152053833
2018-10-26,51.09834671020508,99.01810455322266,4.899627685546875
2018-10-29,50.13922119140625,96.13904571533203,4.586559772491455
2018-10-30,50.389617919921875,96.0279541015625,5.016007900238037
2018-10-31,51.703102111816406,98.8792495727539,5.209482192993164
2018-11-01,52.49687194824219,98.05536651611328,5.389368534088135
2018-11-02,49.01472091674805,98.27751922607422,5.310544490814209
2018-11-05,47.6232795715332,99.52728271484375,5.232709884643555
2018-11-06,48.138275146484375,99.7216796875,5.2151665687561035
2018-11-07,49.598236083984375,103.64686584472656,5.282622337341309
2018-11-08,49.4251708984375,103.45246887207031,5.089888572692871
2018-11-09,48.47218704223633,101.43433380126953,5.0819830894470215
2018-11-12,46.030433654785156,98.93476867675781,4.6834187507629395
2018-11-13,45.570526123046875,98.99959564208984,4.924830913543701
2018-11-14,44.283287048339844,97.595703125,4.872447490692139
2018-11-15,45.37614440917969,99.74339294433594,5.0009355545043945
2018-11-16,45.87870407104492,100.68243408203125,4.062967300415039
2018-11-19,44.060455322265625,97.27025604248047,3.5754504203796387
2018-11-20,41.95532989501953,94.56471252441406,3.6836769580841064
2018-11-21,41.907920837402344,95.86634826660156,3.5756969451904297
2018-11-23,40.843509674072266,95.82916259765625,3.582862615585327
2018-11-26,41.395870208740234,98.99031829833984,3.781773090362549
2018-11-27,41.30577850341797,99.61322784423828,3.798576831817627
2018-11-28,42.89409637451172,103.31363677978516,3.9552340507507324
2018-11-29,42.564579010009766,102.44898223876953,3.8921613693237305
2018-11-30,42.33462905883789,103.09978485107422,4.04229736328125
2018-12-03,43.813899993896484,104.21549224853516,4.2057905197143555
2018-12-04,41.886573791503906,100.89627838134766,3.8859775066375732
2018-12-06,41.419578552246094,101.51921081542969,3.91516375541687
2018-12-07,39.94266891479492,97.45622253417969,3.6510040760040283
2018-12-10,40.20581817626953,100.03162384033203,3.7561240196228027
2018-12-11,39.97585678100586,100.96136474609375,3.6653499603271484
2018-12-12,40.0872688293457,101.41692352294922,3.6829111576080322
2018-12-13,40.52583694458008,101.76092529296875,3.6826629638671875
2018-12-14,39.22911071777344,98.58123016357422,3.622312545776367
2018-12-17,38.8640251159668,95.66179656982422,3.5513248443603516
2018-12-18,39.36897659301758,96.6659164428711,3.634432077407837
2018-12-19,38.140995025634766,96.40560913085938,3.4259226322174072
2018-12-20,37.17851638793945,94.37874603271484,3.341580390930176
2018-12-21,35.732444763183594,91.32918548583984,3.2048001289367676
2018-12-24,34.807891845703125,87.5172119140625,3.14321231842041
2018-12-26,37.25912094116211,93.4954833984375,3.292111873626709
2018-12-27,37.017303466796875,94.0719223022461,3.2443745136260986
2018-12-28,37.03627014160156,93.33741760253906,3.305715322494507
2018-12-31,37.39424133300781,94.43453216552734,3.3020050525665283
2019-01-02,37.43691635131836,94.0161361694336,3.3692822456359863
2019-01-03,33.70792007446289,90.5574951171875,3.1657204627990723
2019-01-04,35.14689254760742,94.76924896240234,3.368539810180664
2019-01-07,35.06865692138672,94.89012145996094,3.5468735694885254
2019-01-08,35.7371826171875,95.57810974121094,3.4585723876953125
2019-01-09,36.34407424926758,96.94485473632812,3.5265913009643555
2019-01-10,36.46021270751953,96.3219223022461,3.5921366214752197
2019-01-11,36.10224533081055,95.57810974121094,3.681180000305176
2019-01-14,35.55937576293945,94.88082885742188,3.721000909805298
2019-01-15,36.287174224853516,97.63288879394531,3.7069034576416016
2019-01-16,36.73047637939453,97.97686767578125,3.681426763534546
2019-01-17,36.948585510253906,98.66490173339844,3.7526612281799316
2019-01-18,37.17615509033203,100.1431884765625,3.881525993347168
2019-01-22,36.34169387817383,98.25579833984375,3.679694890975952
2019-01-23,36.48866653442383,99.21345520019531,3.692556858062744
2019-01-24,36.19944763183594,98.73926544189453,3.904033899307251
2019-01-25,37.39898681640625,99.64112091064453,3.9611692428588867
2019-01-28,37.052879333496094,97.69795989990234,3.4135560989379883
2019-01-29,36.6688346862793,95.70830535888672,3.2550101280212402
2019-01-30,39.17459487915039,98.90662384033203,3.3982207775115967
2019-01-31,39.456695556640625,97.09361267089844,3.555529832839966
2019-02-01,39.47565841674805,95.55952453613281,3.5797696113586426
2019-02-04,40.596961975097656,98.31157684326172,3.6898367404937744
2019-02-05,41.29155349731445,99.6875991821289,3.708881139755249
2019-02-06,41.30577850341797,98.58123016357422,3.7843210697174072
2019-02-07,40.52347946166992,97.8746109008789,3.646304130554199
2019-02-08,40.57109069824219,98.2464828491211,3.6648550033569336
2019-02-11,40.33776092529297,97.85601043701172,3.622312545776367
2019-02-12,40.68536376953125,99.38080596923828,3.7390573024749756
2019-02-13,40.51633834838867,99.30641174316406,3.781352996826172
2019-02-14,40.6639404296875,99.39007568359375,3.8221640586853027
2019-02-15,40.57347106933594,100.61737060546875,3.891667604446411
2019-02-19,40.69487762451172,100.57086944580078,3.8743529319763184
2019-02-20,40.956764221191406,100.0479965209961,3.9215950965881348
2019-02-21,40.72584915161133,102.158203125,3.8528339862823486
2019-02-22,41.18057632446289,103.61478424072266,3.937424898147583
2019-02-25,41.48055648803711,104.1937026977539,3.9250576496124268
2019-02-26,41.50434875488281,104.91268157958984,3.8857309818267822
2019-02-27,41.6329231262207,104.73526000976562,3.843930244445801
2019-02-28,41.223419189453125,104.60455322265625,3.819417715072632
2019-03-01,41.656734466552734,105.07140350341797,3.8736417293548584
2019-03-04,41.866233825683594,104.8193130493164,3.8818118572235107
2019-03-05,41.79005813598633,104.29640197753906,3.8753745555877686
2019-03-06,41.54957962036133,104.3431167602539,3.764699935913086
2019-03-07,41.068668365478516,103.07323455810547,3.695620059967041
2019-03-08,41.166290283203125,103.18531799316406,3.7297885417938232
2019-03-11,42.59238052368164,105.35152435302734,3.989764451980591
2019-03-12,43.0709342956543,106.08915710449219,4.023933410644531
2019-03-13,43.26137161254883,106.91082000732422,4.174966335296631
2019-03-14,43.74230194091797,106.99488067626953,4.099201202392578
2019-03-15,44.311309814453125,108.22738647460938,4.204430103302002
2019-03-18,44.763671875,109.77735900878906,4.183136463165283
2019-03-19,44.408931732177734,109.85205078125,4.350512504577637
2019-03-20,44.79698944091797,109.73067474365234,4.318077087402344
2019-03-21,46.44687271118164,112.25169372558594,4.554283142089844
2019-03-22,45.485050201416016,109.29180908203125,4.394833087921143
2019-03-25,44.93507385253906,109.86138153076172,4.3027262687683105
2019-03-26,44.470821380615234,110.09481811523438,4.379233360290527
2019-03-27,44.87080001831055,109.03035736083984,4.370072364807129
2019-03-28,44.930328369140625,109.17976379394531,4.388642311096191
2019-03-29,45.22317123413086,110.1228256225586,4.445835590362549
2019-04-01,45.53026580810547,111.13124084472656,4.513182163238525
2019-04-02,46.192142486572266,111.28998565673828,4.531010627746582
2019-04-03,46.508792877197266,112.01824951171875,4.670156955718994
2019-04-04,46.58973693847656,111.4487075805664,4.661245822906494
2019-04-05,46.901607513427734,111.94357299804688,4.727847576141357
2019-04-08,47.63967514038086,111.98091888427734,4.748646259307861
2019-04-09,47.49681091308594,111.37399291992188,4.686005115509033
2019-04-10,47.76345443725586,112.22367858886719,4.756321907043457
2019-04-11,47.365867614746094,112.35441589355469,4.742457866668701
2019-04-12,47.34681701660156,112.9333267211914,4.704573631286621
2019-04-15,47.432533264160156,113.0267105102539,4.5731000900268555
2019-04-16,47.43729782104492,112.76522827148438,4.660007953643799
2019-04-17,48.361045837402344,113.69896697998047,4.637227535247803
2019-04-18,48.534847259521484,115.19291687011719,4.612715721130371
2019-04-22,48.694358825683594,115.55707550048828,4.666445732116699
2019-04-23,49.39668655395508,117.12572479248047,4.720913887023926
2019-04-24,49.32050704956055,116.7242202758789,4.7332963943481445
2019-04-25,48.872901916503906,120.58979034423828,4.627819061279297
2019-04-26,48.63959884643555,121.28076934814453,4.4094390869140625
2019-04-29,48.71339416503906,121.16873931884766,4.440140724182129
2019-04-30,47.77537536621094,121.9437026977539,4.481490612030029
2019-05-01,50.120445251464844,119.40399169921875,4.468368053436279
2019-05-02,49.794281005859375,117.84468841552734,4.535713195800781
2019-05-03,50.41328811645508,120.35636901855469,4.531257629394531
2019-05-06,49.634761810302734,119.65605926513672,4.453017711639404
2019-05-07,48.29676055908203,117.20040893554688,4.286137104034424
2019-05-08,48.306270599365234,117.19108581542969,4.3061909675598145
2019-05-09,47.78726577758789,117.18172454833984,4.213838577270508
2019-05-10,47.125240325927734,118.70368194580078,4.179919242858887
2019-05-13,44.386356353759766,115.17424774169922,3.923161029815674
2019-05-14,45.08900451660156,116.46278381347656,4.012047290802002
2019-05-15,45.62914276123047,118.10282135009766,3.951139211654663
2019-05-16,45.428375244140625,120.83000183105469,3.9662423133850098
2019-05-17,45.17026138305664,120.0240478515625,3.875622510910034
2019-05-20,43.75780487060547,118.29026794433594,3.7572715282440186
2019-05-21,44.5966682434082,118.92754364013672,3.839226007461548
2019-05-22,43.6837158203125,119.649169921875,3.7684125900268555
2019-05-23,42.93804168701172,118.25277709960938,3.6475865840911865
2019-05-24,42.77312088012695,118.30900573730469,3.593858003616333
2019-05-28,42.596275329589844,118.2340316772461,3.5487959384918213
2019-05-29,42.39312744140625,117.0906753540039,3.474763870239258
2019-05-30,42.613006591796875,117.8310546875,3.4482412338256836
2019-05-31,41.841041564941406,115.90986633300781,3.357764959335327
2019-06-03,41.41801071166992,112.31108093261719,3.316122055053711
2019-06-04,42.933265686035156,115.42249298095703,3.544666290283203
2019-06-05,43.6263427734375,117.9247817993164,3.502030849456787
2019-06-06,44.26686096191406,119.78972625732422,3.564000129699707
2019-06-07,45.445098876953125,123.14485168457031,3.606635570526123
2019-06-10,46.02586364746094,124.26941680908203,3.679264783859253
2019-06-11,46.558837890625,123.80085754394531,3.736771821975708
2019-06-12,46.41065216064453,123.22917175292969,3.6239871978759766
2019-06-13,46.40109634399414,124.00703430175781,3.6750502586364746
2019-06-14,46.06410217285156,124.12887573242188,3.585317850112915
2019-06-17,46.338958740234375,124.50376892089844,3.594984769821167
2019-06-18,47.42878341674805,126.66864013671875,3.7895700931549072
2019-06-19,47.29015350341797,127.16532135009766,3.7955195903778076
2019-06-20,47.670166015625,128.3461456298828,3.819812059402466
2019-06-21,47.507652282714844,128.36488342285156,3.7618086338043213
2019-06-24,47.459842681884766,129.1239776611328,3.784116744995117
2019-06-25,46.740474700927734,125.04730987548828,3.7548675537109375
2019-06-26,47.75142288208008,125.5158462524414,3.94771671295166
2019-06-27,47.737083435058594,125.72203063964844,4.046124458312988
2019-06-28,47.302101135253906,125.54396057128906,4.070912837982178
2019-07-01,48.1696662902832,127.15593719482422,4.119001388549805
2019-07-02,48.45167922973633,127.99939727783203,4.021337985992432
2019-07-03,48.85319519042969,128.82412719726562,4.034226417541504
2019-07-05,48.810176849365234,128.44924926757812,3.971761465072632
2019-07-08,47.80400466918945,128.35552978515625,3.8969013690948486
2019-07-09,48.0955810546875,127.88692474365234,3.899380683898926
2019-07-10,48.57118225097656,129.1896514892578,3.9675471782684326
2019-07-11,48.21745681762695,129.70501708984375,4.121727466583252
2019-07-12,48.587913513183594,130.17367553710938,4.154694080352783
2019-07-15,49.04438781738281,130.17367553710938,4.146267414093018
2019-07-16,48.87470245361328,128.46798706054688,4.141558647155762
2019-07-17,48.599849700927734,127.70890045166016,4.206750869750977
2019-07-18,49.15193557739258,127.84945678710938,4.218400001525879
2019-07-19,48.418216705322266,128.036865234375,4.175269603729248
2019-07-22,49.524784088134766,129.73313903808594,4.246657848358154
2019-07-23,49.91193771362305,130.53912353515625,4.354238986968994
2019-07-24,49.87131118774414,131.87928771972656,4.428601264953613
2019-07-25,49.47697830200195,131.38262939453125,4.297720432281494
2019-07-26,49.649051666259766,132.4603271484375,4.3396124839782715
2019-07-29,50.112701416015625,132.16981506347656,4.33341646194458
2019-07-30,49.897605895996094,131.5325469970703,4.349033355712891
2019-07-31,50.915733337402344,127.70890045166016,4.1822099685668945
2019-08-01,49.81395721435547,129.38641357421875,4.088015556335449
2019-08-02,48.75998306274414,128.29930114746094,3.9955573081970215
2019-08-05,46.20751190185547,123.90393829345703,3.7377634048461914
2019-08-06,47.082237243652344,126.22813415527344,3.7764322757720947
2019-08-07,47.56977844238281,126.78104400634766,3.8146049976348877
2019-08-08,48.61897277832031,130.16427612304688,3.922929048538208
2019-08-09,48.21834182739258,129.05841064453125,3.821794271469116
2019-08-12,48.09598159790039,127.25898742675781,3.7541239261627197
2019-08-13,50.13277053833008,129.89251708984375,3.868147373199463
2019-08-14,48.640567779541016,125.9809341430664,3.7199161052703857
2019-08-15,48.398277282714844,125.69878387451172,3.687692403793335
2019-08-16,49.54020309448242,128.0024871826172,3.955153465270996
2019-08-19,50.463844299316406,130.1463623046875,4.233273506164551
2019-08-20,50.46623611450195,129.06503295898438,4.161139488220215
2019-08-21,51.01321792602539,130.503662109375,4.244427680969238
2019-08-22,50.97003173828125,129.5540313720703,4.250624656677246
2019-08-23,48.61418151855469,125.42611694335938,4.026540279388428
2019-08-26,49.537811279296875,127.36306762695312,4.101154804229736
2019-08-27,48.978824615478516,127.63579559326172,4.010677814483643
2019-08-28,49.30751037597656,127.46654510498047,4.0002570152282715
2019-08-29,50.14236831665039,129.87368774414062,4.143672466278076
2019-08-30,50.077598571777344,129.62921142578125,4.156326770782471
2019-09-03,49.3482780456543,127.91787719726562,4.073452472686768
2019-09-04,50.1855583190918,129.41293334960938,4.187342166900635
2019-09-05,51.16675567626953,131.68849182128906,4.45978307723999
2019-09-06,51.161956787109375,130.795166015625,4.432735919952393
2019-09-09,51.38026428222656,129.3095245361328,4.478641033172607
2019-09-10,51.98722839355469,127.95549774169922,4.545138359069824
2019-09-11,53.640167236328125,127.99311828613281,4.573671817779541
2019-09-12,53.52022933959961,129.3095245361328,4.572183132171631
2019-09-13,52.479034423828125,129.12147521972656,4.514370441436768
2019-09-16,52.75491714477539,128.1905517578125,4.471445560455322
2019-09-17,52.94685363769531,129.18727111816406,4.492784023284912
2019-09-18,53.44345474243164,130.24981689453125,4.465736389160156
2019-09-19,53.009220123291016,132.64755249023438,4.390307903289795
2019-09-20,52.23432922363281,131.1148681640625,4.284855842590332
2019-09-23,52.471839904785156,130.832763671875,4.33820104598999
2019-09-24,52.22233200073242,129.17784118652344,4.280884742736816
2019-09-25,53.0260124206543,131.0396270751953,4.422316551208496
2019-09-26,52.752532958984375,131.20887756347656,4.400232315063477
2019-09-27,52.49583053588867,129.50697326660156,4.261780261993408
2019-09-30,53.73133850097656,130.7293701171875,4.31909704208374
2019-10-01,53.88006591796875,128.8863983154297,4.31735897064209
2019-10-02,52.5294189453125,126.6108627319336,4.2935404777526855
2019-10-03,52.97563552856445,128.14356994628906,4.4987406730651855
2019-10-04,54.46063995361328,129.87368774414062,4.515115261077881
2019-10-07,54.4726448059082,128.93336486816406,4.573671817779541
2019-10-08,53.83449935913086,127.56996154785156,4.397503852844238
2019-10-09,54.465431213378906,129.9865264892578,4.483850002288818
2019-10-10,55.19955825805664,130.795166015625,4.541414260864258
2019-10-11,56.667762756347656,131.3405303955078,4.614860534667969
2019-10-14,56.58620071411133,131.21829223632812,4.628257751464844
2019-10-15,56.45424270629883,133.11769104003906,4.872412204742432
2019-10-16,56.22633361816406,132.0269775390625,4.818817138671875
2019-10-17,56.44464874267578,131.34994506835938,4.820804119110107
2019-10-18,56.71574783325195,129.20611572265625,4.726516246795654
2019-10-21,57.699344635009766,130.16513061523438,4.863479137420654
2019-10-22,57.5673942565918,128.2281494140625,4.853555202484131
2019-10-23,58.33988952636719,129.04623413085938,4.840654373168945
2019-10-24,58.43585968017578,131.5850067138672,4.8845720291137695
2019-10-25,59.15557861328125,132.3278350830078,5.075130939483643
2019-10-28,59.748146057128906,135.58126831054688,5.130958557128906
2019-10-29,58.36627960205078,134.30245971679688,5.034933567047119
2019-10-30,58.35908889770508,135.9761962890625,5.036919116973877
2019-10-31,59.67856216430664,134.81024169921875,4.987790107727051
2019-11-01,61.37228775024414,135.13934326171875,5.026747703552246
2019-11-04,61.77531814575195,135.91976928710938,5.223011493682861
2019-11-05,61.686553955078125,135.83517456054688,5.200929641723633
2019-11-06,61.712947845458984,135.4590606689453,5.151801109313965
2019-11-07,62.425201416015625,135.64710998535156,5.169417381286621
2019-11-08,62.596046447753906,137.24562072753906,5.155522346496582
2019-11-11,63.091732025146484,137.38665771484375,5.1654486656188965
2019-11-12,63.03398513793945,138.28933715820312,5.200929641723633
2019-11-13,63.637943267822266,138.5149688720703,5.175123691558838
2019-11-14,63.197593688964844,139.2202606201172,5.205395698547363
2019-11-15,63.94834518432617,141.01620483398438,5.0664472579956055
2019-11-18,64.27079010009766,141.36410522460938,5.267179012298584
2019-11-19,64.07589721679688,141.41114807128906,5.160733222961426
2019-11-20,63.3299446105957,141.1658172607422,5.2398858070373535
2019-11-21,63.0460090637207,141.03369140625,5.215071678161621
2019-11-22,62.99066925048828,141.13754272460938,5.232689380645752
2019-11-25,64.0951156616211,142.684814453125,5.488753318786621
2019-11-26,63.59463119506836,143.4396514892578,5.384294033050537
2019-11-27,64.4488525390625,143.71328735351562,5.419056415557861
2019-11-29,64.30687713623047,142.82638549804688,5.381810188293457
2019-12-02,63.5633544921875,141.09979248046875,5.195826530456543
2019-12-03,62.43002700805664,140.87332153320312,5.156347274780273
2019-12-04,62.98106002807617,141.3827667236328,5.200048446655273
2019-12-05,63.90503692626953,141.45831298828125,5.183165550231934
2019-12-06,65.13941192626953,143.17550659179688,5.268333435058594
2019-12-09,64.22745513916016,142.80746459960938,5.268333435058594
2019-12-10,64.60285186767578,142.59051513671875,5.313277244567871
2019-12-11,65.15387725830078,143.12828063964844,5.396709442138672
2019-12-12,65.31991577148438,144.58128356933594,5.56381893157959
2019-12-13,66.20780944824219,145.79837036132812,5.561833381652832
2019-12-16,67.3411636352539,146.7418212890625,5.590636730194092
2019-12-17,67.4734878540039,145.94932556152344,5.668604373931885
2019-12-18,67.3122787475586,145.6474151611328,5.698897838592529
2019-12-19,67.379638671875,146.9116973876953,5.8466410636901855
2019-12-20,67.24007415771484,148.51565551757812,5.943728923797607
2019-12-23,68.33733367919922,148.51565551757812,5.9300713539123535
2019-12-24,68.40230560302734,148.48736572265625,5.925106525421143
2019-12-26,69.75943756103516,149.7044219970703,5.939260005950928
2019-12-27,69.7329330444336,149.9781036376953,5.881651878356934
2019-12-30,70.14681243896484,148.6854705810547,5.768672943115234
2019-12-31,70.65935516357422,148.78924560546875,5.842668056488037
2020-01-02,72.27153778076172,151.54425048828125,5.9571380615234375
2020-01-03,71.56891632080078,149.6573028564453,5.861787796020508
2020-01-06,72.13921356201172,150.0441131591797,5.886369705200195
2020-01-07,71.7999496459961,148.67605590820312,5.957634449005127
2020-01-08,72.95488739013672,151.04417419433594,5.968809604644775
2020-01-09,74.50453186035156,152.93121337890625,6.034362316131592
2020-01-10,74.67298126220703,152.22360229492188,6.066640853881836
2020-01-13,76.268310546875,154.053955078125,6.2568440437316895
2020-01-14,75.2384262084961,152.96896362304688,6.140141010284424
2020-01-15,74.9159927368164,153.9596405029297,6.097680568695068
2020-01-16,75.85443878173828,156.78067016601562,6.181111812591553
2020-01-17,76.6942138671875,157.65814208984375,6.189801216125488
2020-01-21,76.17449188232422,157.09202575683594,6.156529426574707
2020-01-22,76.44638061523438,156.3372039794922,6.210411548614502
2020-01-23,76.81452178955078,157.2996063232422,6.2786970138549805
2020-01-24,76.59315490722656,155.71449279785156,6.219598770141602
2020-01-27,74.34090423583984,153.11048889160156,5.964338779449463
2020-01-28,76.4439697265625,156.11082458496094,6.157273292541504
2020-01-29,78.04412841796875,158.5449981689453,6.0969343185424805
2020-01-30,77.93102264404297,163.01718139648438,6.103638648986816
2020-01-31,74.47566223144531,160.61119079589844,5.870727062225342
2020-02-03,74.27114868164062,164.52679443359375,5.967567443847656
2020-02-04,76.72309875488281,169.94244384765625,6.136415004730225
2020-02-05,77.34870147705078,169.73483276367188,6.226550102233887
2020-02-06,78.25347900390625,173.2541046142578,6.313210964202881
2020-02-07,77.18978118896484,173.4994659423828,6.247159481048584
2020-02-10,77.55640411376953,178.0376434326172,6.529733657836914
2020-02-11,77.08849334716797,174.018310546875,6.651902198791504
2020-02-12,78.91915893554688,174.2730255126953,6.767364025115967
2020-02-13,78.35716247558594,173.32955932617188,6.72366189956665
2020-02-14,78.37647247314453,174.8769073486328,7.195693492889404
2020-02-18,76.94135284423828,176.65066528320312,7.364047050476074
2020-02-19,78.0556869506836,177.18051147460938,7.814226150512695
2020-02-20,77.2549057006836,174.47471618652344,7.665243625640869
2020-02-21,75.50623321533203,168.9591064453125,7.3019700050354
2020-02-24,71.91966247558594,161.6743621826172,6.785738468170166
2020-02-25,69.48358917236328,159.00643920898438,6.506890296936035
2020-02-26,70.58585357666016,160.99319458007812,6.645941257476807
2020-02-27,65.97179412841797,149.64976501464844,6.275992393493652
2020-02-28,65.93318939208984,153.27325439453125,6.710043430328369
2020-03-02,72.07161712646484,163.47186279296875,6.8680620193481445
2020-03-03,69.78269958496094,155.638427734375,6.606189727783203
2020-03-04,73.01951599121094,161.35272216796875,7.068813800811768
2020-03-05,70.65098571777344,157.3035125732422,6.790045738220215
2020-03-06,69.71273040771484,152.8569793701172,6.6099162101745605
2020-03-09,64.19901275634766,142.49746704101562,6.09809684753418
2020-03-10,68.8227310180664,152.24200439453125,6.48668098449707
2020-03-11,66.43245697021484,145.34518432617188,6.123688697814941
2020-03-12,59.8719482421875,131.56088256835938,5.374344825744629
2020-03-13,67.04512786865234,150.26473999023438,5.983808994293213
2020-03-16,58.41996383666992,128.11715698242188,4.8796706199646
2020-03-17,60.98868179321289,138.66587829589844,5.398197650909424
2020-03-18,59.495689392089844,132.82858276367188,5.03917932510376
2020-03-19,59.039825439453125,135.01400756835938,5.2913618087768555
2020-03-20,55.291656494140625,129.943115234375,5.11197566986084
2020-03-23,54.117034912109375,128.64697265625,5.2844038009643555
2020-03-24,59.54634094238281,140.3404083251953,6.191019058227539
2020-03-25,59.218318939208984,138.9969940185547,6.102570533752441
2020-03-26,62.334564208984375,147.69139099121094,6.391275405883789
2020-03-27,59.75375747680664,141.6270751953125,6.27922248840332
2020-03-30,61.459022521972656,151.58920288085938,6.598735332489014
2020-03-31,61.33359909057617,149.20509338378906,6.54929256439209
2020-04-01,58.10641098022461,143.90708923339844,6.039212226867676
2020-04-02,59.076011657714844,146.88720703125,6.3472981452941895
2020-04-03,58.22700119018555,145.53439331054688,6.060083866119385
2020-04-06,63.30658721923828,156.35743713378906,6.668550491333008
2020-04-07,62.573360443115234,154.67343139648438,6.435748100280762
2020-04-08,64.17486572265625,156.22494506835938,6.632525444030762
2020-04-09,64.63797760009766,156.23443603515625,6.533143043518066
2020-04-13,65.90666961669922,156.58447265625,6.704577445983887
2020-04-14,69.23516082763672,164.33282470703125,7.054899215698242
2020-04-15,68.60323333740234,162.6109619140625,6.977630138397217
2020-04-16,69.14833068847656,167.49269104003906,7.321990489959717
2020-04-17,68.21007537841797,168.9685821533203,7.262857913970947
2020-04-20,66.79427337646484,165.61947631835938,7.131921291351318
2020-04-21,64.7296371459961,158.76992797851562,6.696129322052002
2020-04-22,66.59408569335938,164.16250610351562,7.109559535980225
2020-04-23,66.33599853515625,162.17575073242188,7.056390285491943
2020-04-24,68.25106048583984,165.136962890625,7.195028305053711
2020-04-27,68.29931640625,164.66390991210938,7.38112211227417
2020-04-28,67.1922378540039,160.65261840820312,7.2390055656433105
2020-04-29,69.39918518066406,167.86166381835938,7.41541051864624
2020-04-30,70.86319732666016,169.54568481445312,7.261863708496094
2020-05-01,69.72240447998047,165.1559295654297,7.0258307456970215
2020-05-04,70.70886993408203,169.1956329345703,7.237266540527344
2020-05-05,71.7701187133789,171.01210021972656,7.29813814163208
2020-05-06,72.51061248779297,172.6961212158203,7.3987627029418945
2020-05-07,73.2607192993164,173.69895935058594,7.5746684074401855
2020-05-08,75.00445556640625,174.72067260742188,7.7642412185668945
2020-05-11,76.18465423583984,176.6696014404297,8.015678405761719
2020-05-12,75.31401824951172,172.66773986816406,7.754302024841309
2020-05-13,74.40469360351562,170.05657958984375,7.731940269470215
2020-05-14,74.86175537109375,170.7944793701172,7.980892181396484
2020-05-15,74.41915893554688,173.28268432617188,8.438301086425781
2020-05-18,76.17257690429688,174.9382781982422,8.696196556091309
2020-05-19,75.7323989868164,173.7273406982422,8.751105308532715
2020-05-20,77.20526123046875,176.13702392578125,8.914591789245605
2020-05-21,76.62968444824219,174.02139282226562,8.721044540405273
2020-05-22,77.12305450439453,174.09730529785156,8.970492362976074
2020-05-26,76.60062408447266,172.2568359375,8.663899421691895
2020-05-27,76.93439483642578,172.4845428466797,8.472589492797852
2020-05-28,76.96826171875,172.09555053710938,8.434575080871582
2020-05-29,76.89327239990234,173.85067749023438,8.820673942565918
2020-06-01,77.83892059326172,173.4521942138672,8.751851081848145
2020-06-02,78.19927215576172,175.42550659179688,8.770734786987305
2020-06-03,78.62975311279297,175.85243225097656,8.715332984924316
2020-06-04,77.95259094238281,173.53762817382812,8.716325759887695
2020-06-05,80.17274475097656,177.59803771972656,8.868945121765137
2020-06-08,80.6467514038086,178.6985626220703,8.754605293273926
2020-06-09,83.19342803955078,180.06466674804688,8.994226455688477
2020-06-10,85.33379364013672,186.7435760498047,9.313138008117676
2020-06-11,81.23686218261719,176.71575927734375,8.745904922485352
2020-06-12,81.93824005126953,178.11038208007812,8.881375312805176
2020-06-15,82.95156860351562,179.24880981445312,9.121241569519043
2020-06-16,85.14997100830078,183.6413116455078,9.016597747802734
2020-06-17,85.03147888183594,184.27694702148438,9.183136940002441
2020-06-18,85.0653305053711,186.25025939941406,9.165241241455078
2020-06-19,84.57923126220703,185.14028930664062,9.208240509033203
2020-06-22,86.79212951660156,190.28228759765625,9.472221374511719
2020-06-23,88.64469146728516,191.55355834960938,9.395907402038574
2020-06-24,87.07994842529297,187.6923065185547,9.18264102935791
2020-06-25,88.23595428466797,190.06410217285156,9.435683250427246
2020-06-26,85.52484130859375,186.25979614257812,9.102602005004883
2020-06-29,87.49591064453125,188.2615509033203,9.147343635559082
2020-06-30,88.22628784179688,193.0714874267578,9.443390846252441
2020-07-01,88.05941009521484,194.20040893554688,9.475454330444336
2020-07-02,88.05941009521484,195.68040466308594,9.557231903076172
2020-07-06,90.4150161743164,199.89271545410156,9.782934188842773
2020-07-07,90.13448333740234,197.56832885742188,9.815248489379883
2020-07-08,92.23372650146484,201.91339111328125,10.157526016235352
2020-07-09,92.63035583496094,203.32701110839844,10.448847770690918
2020-07-10,92.79240417480469,202.7103271484375,10.419270515441895
2020-07-13,92.36432647705078,196.44886779785156,9.994715690612793
2020-07-14,93.89280700683594,197.66319274902344,10.317605972290039
2020-07-15,94.53853607177734,197.36911010742188,10.168713569641113
2020-07-16,93.375244140625,193.46044921875,10.076744079589844
2020-07-17,93.18659210205078,192.4738006591797,10.143108367919922
2020-07-20,95.15039825439453,200.74649047851562,10.450592994689941
2020-07-21,93.83717346191406,198.04270935058594,10.269384384155273
2020-07-22,94.10076904296875,200.8887939453125,10.37900447845459
2020-07-23,89.8176498413086,192.15126037597656,10.071772575378418
2020-07-24,89.59516906738281,190.97483825683594,10.136154174804688
2020-07-27,91.71857452392578,193.39404296875,10.361851692199707
2020-07-28,90.21186065673828,191.65789794921875,10.157028198242188
2020-07-29,91.94108581542969,193.59327697753906,10.405601501464844
2020-07-30,93.05358123779297,193.44146728515625,10.553248405456543
2020-07-31,102.79521942138672,194.49447631835938,10.553994178771973
2020-08-03,105.38545227050781,205.43313598632812,10.947230339050293
2020-08-04,106.0892105102539,202.349853515625,11.16348648071289
2020-08-05,106.47377014160156,202.0177764892578,11.222147941589355
2020-08-06,110.18854522705078,205.2528839111328,11.270620346069336
2020-08-07,107.68333435058594,201.5813751220703,11.135397911071777
2020-08-10,109.24847412109375,197.56832885742188,11.101095199584961
2020-08-11,105.99943542480469,192.94813537597656,10.7878999710083
2020-08-12,109.52226257324219,198.46009826660156,11.374773025512695
2020-08-13,111.46056365966797,197.9952850341797,11.3775053024292
2020-08-14,111.3612060546875,198.1850128173828,11.497814178466797
2020-08-17,111.0704574584961,199.4941864013672,12.266388893127441
2020-08-18,111.99595642089844,200.6421661376953,12.190574645996094
2020-08-19,112.1364974975586,199.42489624023438,12.069023132324219
2020-08-20,114.62477111816406,204.06578063964844,12.071508407592773
2020-08-21,120.53165435791016,202.58224487304688,12.610904693603516
2020-08-24,121.97323608398438,203.2193603515625,12.647445678710938
2020-08-25,120.97261047363281,205.86317443847656,12.677021980285645
2020-08-26,122.61773681640625,210.31385803222656,12.6998929977417
2020-08-27,121.15192413330078,215.477783203125,12.555970191955566
2020-08-28,120.9556655883789,217.69357299804688,13.072494506835938
2020-08-31,125.05754089355469,214.479248046875,13.297950744628906
2020-09-01,130.03887939453125,216.1339874267578,13.746007919311523
2020-09-02,127.34471130371094,220.29937744140625,14.268656730651855
2020-09-03,117.14936828613281,206.6525115966797,12.94487476348877
2020-09-04,117.2269287109375,203.75193786621094,12.554009437561035
2020-09-08,109.338134765625,192.72984313964844,11.848359107971191
2020-09-09,113.69926452636719,200.93698120117188,12.646005630493164
2020-09-10,109.98744201660156,195.30703735351562,12.244945526123047
2020-09-11,108.5434341430664,194.03271484375,12.098493576049805
2020-09-14,111.79972839355469,195.34507751464844,12.802401542663574
2020-09-15,111.97417449951172,198.54998779296875,12.920509338378906
2020-09-16,108.66941833496094,195.0027313232422,12.44659423828125
2020-09-17,106.93466186523438,192.9675750732422,12.395872116088867
2020-09-18,103.54267883300781,190.57107543945312,12.123106956481934
2020-09-21,106.68270111083984,192.61572265625,12.44933032989502
2020-09-22,108.35930633544922,197.25657653808594,12.569174766540527
2020-09-23,103.81403350830078,190.76124572753906,12.057963371276855
2020-09-24,104.88008117675781,193.23387145996094,12.280996322631836
2020-09-25,108.81477355957031,197.63699340820312,12.80389404296875
2020-09-28,111.41207885742188,199.17764282226562,12.96426773071289
2020-09-29,110.5689468383789,197.10440063476562,13.153985977172852
2020-09-30,112.2358627319336,200.02403259277344,13.457084655761719
2020-10-01,113.18559265136719,202.0496368408203,13.540628433227539
2020-10-02,109.5319595336914,196.0868377685547,12.991374015808105
2020-10-05,112.90454864501953,200.0715789794922,13.568474769592285
2020-10-06,109.66764831542969,195.82058715820312,13.66196346282959
2020-10-07,111.52838897705078,199.54856872558594,13.888229370117188
2020-10-08,111.42178344726562,200.2617645263672,13.763655662536621
2020-10-09,113.36004638671875,205.23548889160156,13.688072204589844
2020-10-12,120.56073760986328,210.5515899658203,14.1488037109375
2020-10-13,117.36260223388672,211.94004821777344,14.170937538146973
2020-10-14,117.44981384277344,210.03807067871094,14.018768310546875
2020-10-15,116.98458862304688,208.89686584472656,13.894197463989258
2020-10-16,115.34676361083984,208.89686584472656,13.736557006835938
2020-10-19,112.40060424804688,203.72341918945312,13.424510955810547
2020-10-20,113.88339233398438,204.1323699951172,13.571457862854004
2020-10-21,113.26313018798828,204.27499389648438,13.451362609863281
2020-10-22,112.17769622802734,204.36056518554688,13.288498878479004
2020-10-23,111.48960876464844,205.63491821289062,13.516507148742676
2020-10-26,111.49932098388672,199.78623962402344,13.06994342803955
2020-10-27,113.00144958496094,202.80093383789062,13.324056625366211
2020-10-28,107.76811218261719,192.7488555908203,12.55848503112793
2020-10-29,111.76097106933594,194.68887329101562,12.953330993652344
2020-10-30,105.50035095214844,192.54913330078125,12.465989112854004
2020-11-02,105.41311645507812,192.41600036621094,12.512483596801758
2020-11-03,107.03158569335938,196.31512451171875,12.94885540008545
2020-11-04,111.40239715576172,205.78707885742188,13.719400405883789
2020-11-05,115.3564453125,212.34896850585938,14.08316421508789
2020-11-06,115.22541809082031,212.7578887939453,14.482983589172363
2020-11-09,112.92460632324219,207.6890869140625,13.556787490844727
2020-11-10,112.5848159790039,200.67066955566406,12.700709342956543
2020-11-11,116.00206756591797,205.93923950195312,13.345194816589355
2020-11-12,115.73023223876953,204.88365173339844,13.383731842041016
2020-11-13,115.77879333496094,205.90118408203125,13.224848747253418
2020-11-16,116.78841400146484,206.58592224121094,13.441910743713379
2020-11-17,115.90499877929688,203.95162963867188,13.349419593811035
2020-11-18,114.58468627929688,201.26278686523438,13.355883598327637
2020-11-19,115.1768798828125,202.5404815673828,13.367324829101562
2020-11-20,113.91480255126953,200.6049041748047,13.016735076904297
2020-11-23,110.52668762207031,200.33790588378906,13.068700790405273
2020-11-24,111.80816650390625,203.9134979248047,12.887439727783203
2020-11-25,112.64307403564453,203.9230499267578,13.162934303283691
2020-11-27,113.18669891357422,205.21978759765625,13.18929386138916
2020-11-30,115.57492065429688,204.11380004882812,13.328782081604004
2020-12-01,119.13778686523438,206.15420532226562,13.317346572875977
2020-12-02,119.48726654052734,205.35330200195312,13.471007347106934
2020-12-03,119.35135650634766,204.2758026123047,13.327249526977539
2020-12-04,118.68150329589844,204.39027404785156,13.488667488098145
2020-12-07,120.1377182006836,204.32351684570312,13.53691577911377
2020-12-08,120.74932098388672,205.96353149414062,13.281485557556152
2020-12-09,118.2252197265625,201.94931030273438,12.864383697509766
2020-12-10,119.64258575439453,200.72885131835938,12.905672073364258
2020-12-11,118.83683013916016,203.3414306640625,12.946460723876953
2020-12-14,118.2252197265625,204.23768615722656,13.240446090698242
2020-12-15,124.14714813232422,204.17098999023438,13.291927337646484
2020-12-16,124.07920837402344,209.08145141601562,13.17453670501709
2020-12-17,124.9432144165039,209.21493530273438,13.272780418395996
2020-12-18,122.9627914428711,208.42352294921875,13.20388412475586
2020-12-21,124.48693084716797,212.23745727539062,13.263826370239258
2020-12-22,128.03041076660156,213.5247039794922,13.210103988647461
2020-12-23,127.13724517822266,210.7405548095703,12.942482948303223
2020-12-24,128.1177978515625,212.3900146484375,12.927061080932617
2020-12-28,132.69998168945312,214.4972686767578,12.833791732788086
2020-12-29,130.93309020996094,213.7249298095703,12.876821517944336
2020-12-30,129.81668090820312,211.36976623535156,13.07828426361084
2020-12-31,128.81675720214844,212.07537841796875,12.987998008728027
2021-01-04,125.63252258300781,207.56539916992188,13.046195983886719
2021-01-05,127.18578338623047,207.76560974121094,13.335954666137695
2021-01-06,122.904541015625,202.3783721923828,12.549757957458496
2021-01-07,127.09844207763672,208.137451171875,13.275514602661133
2021-01-08,128.19544982910156,209.40560913085938,13.208609580993652
2021-01-11,125.21505737304688,207.37466430664062,13.551591873168945
2021-01-12,125.04029846191406,204.9337615966797,13.415542602539062
2021-01-13,127.06930541992188,206.27816772460938,13.462301254272461
2021-01-14,125.1470718383789,203.11256408691406,13.132503509521484
2021-01-15,123.42875671386719,202.75975036621094,12.793499946594238
2021-01-19,124.09862518310547,206.37350463867188,12.958402633666992
2021-01-20,128.1759796142578,213.90609741210938,13.297154426574707
2021-01-21,132.874755859375,214.5068359375,13.796326637268066
2021-01-22,135.01052856445312,215.44125366210938,13.642121315002441
2021-01-25,138.74813842773438,218.85470581054688,13.583178520202637
2021-01-26,138.9811248779297,221.52450561523438,13.366297721862793
2021-01-27,137.9132537841797,222.06797790527344,12.851452827453613
2021-01-28,133.08828735351562,227.8175506591797,12.984018325805664
2021-01-29,128.10804748535156,221.17172241210938,12.923081398010254
2021-02-01,130.22442626953125,228.5039825439453,13.16906452178955
2021-02-02,131.04962158203125,228.3705291748047,13.487173080444336
2021-02-03,130.03025817871094,231.69822692871094,13.461055755615234
2021-02-04,133.3795623779297,230.75425720214844,13.594120979309082
2021-02-05,132.9663543701172,230.9354248046875,13.521245956420898
2021-02-08,133.11215209960938,231.19288635253906,14.364646911621094
2021-02-09,132.23716735839844,232.43240356445312,14.190046310424805
2021-02-10,131.63433837890625,231.526611328125,14.6884765625
2021-02-11,131.38157653808594,233.11891174316406,15.172479629516602
2021-02-12,131.6149444580078,233.59564208984375,14.884465217590332
2021-02-16,129.4954071044922,232.36566162109375,15.251571655273438
2021-02-17,127.21057891845703,233.3787078857422,14.829498291015625
2021-02-18,126.11188507080078,232.98687744140625,14.752894401550293
2021-02-19,126.2674331665039,230.29183959960938,14.849893569946289
2021-02-22,122.50482940673828,224.1180419921875,14.282073020935059
2021-02-23,122.36872100830078,222.9330291748047,14.06942081451416
2021-02-24,121.87284088134766,224.15635681152344,14.42458724975586
2021-02-25,117.63379669189453,218.84271240234375,13.239202499389648
2021-02-26,117.89631652832031,222.08250427246094,13.644112586975098
2021-03-01,124.24515533447266,226.4404296875,13.770711898803711
2021-03-02,121.64922332763672,223.50645446777344,13.337443351745605
2021-03-03,118.67411804199219,217.47601318359375,12.739033699035645
2021-03-04,116.79764556884766,216.682861328125,12.3067626953125
2021-03-05,118.05187225341797,221.33705139160156,12.397541999816895
2021-03-08,113.13225555419922,217.3135986328125,11.53375244140625
2021-03-09,117.73101043701172,223.42042541503906,12.460290908813477
2021-03-10,116.65180969238281,222.12069702148438,12.408540725708008
2021-03-11,118.57689666748047,226.62197875976562,12.931272506713867
2021-03-12,117.67268371582031,225.3031463623047,12.794432640075684
2021-03-15,120.55058288574219,224.40480041503906,13.128077507019043
2021-03-16,122.08675384521484,227.1763153076172,13.2276029586792
2021-03-17,121.29920196533203,226.5359649658203,13.277361869812012
2021-03-18,117.18655395507812,220.49603271484375,12.661572456359863
2021-03-19,116.66154479980469,220.1424560546875,12.784234046936035
2021-03-22,119.96721649169922,225.53248596191406,13.123104095458984
2021-03-23,119.14080047607422,227.0520782470703,13.008155822753906
2021-03-24,116.75875091552734,225.0260009765625,12.582452774047852
2021-03-25,117.24491119384766,222.0442657470703,12.4752197265625
2021-03-26,117.84769439697266,226.00076293945312,12.777764320373535
2021-03-29,118.02268981933594,224.81578063964844,12.886241912841797
2021-03-30,116.57405090332031,221.5760040283203,12.81010913848877
2021-03-31,118.76162719726562,225.32225036621094,13.284327507019043
2021-04-01,119.58804321289062,231.6106719970703,13.745609283447266
2021-04-05,122.40760040283203,238.0328826904297,13.920515060424805
2021-04-06,122.70899963378906,236.8765411376953,13.795117378234863
2021-04-07,124.35211944580078,238.8260955810547,14.075767517089844
2021-04-08,126.74388122558594,242.02764892578125,14.24843978881836
2021-04-09,129.3106689453125,244.51243591308594,14.331038475036621
2021-04-12,127.59944915771484,244.5697784423828,15.136163711547852
2021-04-13,130.70098876953125,247.03546142578125,15.604412078857422
2021-04-14,128.36753845214844,244.2639617919922,15.203838348388672
2021-04-15,130.76904296875,248.0006866455078,16.059972763061523
2021-04-16,130.43846130371094,249.18577575683594,15.836296081542969
2021-04-19,131.09959411621094,247.27432250976562,15.288183212280273
2021-04-20,129.41761779785156,246.81565856933594,15.098594665527344
2021-04-21,129.79678344726562,249.03286743164062,15.286941528320312
2021-04-22,128.28009033203125,245.77394104003906,14.779132843017578
2021-04-23,130.5940704345703,249.5775604248047,15.192147254943848
2021-04-26,130.98291015625,249.95985412597656,15.403878211975098
2021-04-27,130.66207885742188,250.36134338378906,15.308089256286621
2021-04-28,129.87457275390625,243.2796173095703,15.203590393066406
2021-04-29,129.77732849121094,241.32046508789062,15.251361846923828
2021-04-30,127.8133773803711,241.0050506591797,14.937623977661133
2021-05-03,128.86338806152344,240.69924926757812,14.765700340270996
2021-05-04,124.30350494384766,236.80960083007812,14.282523155212402
2021-05-05,124.54655456542969,235.54812622070312,14.389257431030273
2021-05-06,126.14105224609375,238.6636505126953,14.453452110290527
2021-05-07,126.81307220458984,241.2726287841797,14.741314888000488
2021-05-10,123.5407485961914,236.22662353515625,14.197432518005371
2021-05-11,122.62525939941406,235.31869506835938,14.237739562988281
2021-05-12,119.56718444824219,228.4091033935547,13.692610740661621
2021-05-13,121.70978546142578,232.2605438232422,13.599809646606445
2021-05-14,124.12507629394531,237.15365600585938,14.174793243408203
2021-05-17,122.9758529663086,234.31527709960938,14.097663879394531
2021-05-18,121.59291076660156,232.30828857421875,13.948627471923828
2021-05-19,121.43710327148438,232.883056640625,13.998391151428223
2021-05-20,123.98873138427734,236.1015625,14.542522430419922
2021-05-21,122.15777587890625,234.8467254638672,14.919957160949707
2021-05-24,123.78421783447266,240.22055053710938,15.53723430633545
2021-05-25,123.58942413330078,241.12095642089844,15.572813987731934
2021-05-26,123.5407485961914,240.90061950683594,15.6248140335083
2021-05-27,122.01168823242188,238.81248474121094,15.41382884979248
2021-05-28,121.35917663574219,239.16680908203125,16.16670799255371
2021-06-01,121.03777313232422,236.9828643798828,16.186607360839844
2021-06-02,121.79740905761719,236.8870391845703,16.69789695739746
2021-06-03,120.31710052490234,235.36402893066406,16.888486862182617
2021-06-04,122.60578918457031,240.23008728027344,17.494075775146484
2021-06-07,122.61552429199219,243.12298583984375,17.534626007080078
2021-06-08,123.43358612060547,241.93516540527344,17.37339973449707
2021-06-09,123.81343078613281,242.91217041015625,17.279075622558594
2021-06-10,122.82002258300781,246.4085235595703,17.345523834228516
2021-06-11,124.0276870727539,247.03118896484375,17.743955612182617
2021-06-14,127.0760269165039,248.9469757080078,17.936569213867188
2021-06-15,126.2579345703125,247.4813690185547,17.707368850708008
2021-06-16,126.75463104248047,246.54257202148438,17.729021072387695
2021-06-17,128.35182189941406,249.9144287109375,18.572160720825195
2021-06-18,127.05657958984375,248.5062713623047,18.553739547729492
2021-06-21,128.8485107421875,251.57154846191406,18.34320068359375
2021-06-22,130.48471069335938,254.330322265625,18.800609588623047
2021-06-23,130.21202087402344,254.1004180908203,18.970333099365234
2021-06-24,129.9295654296875,255.46055603027344,19.11790657043457
2021-06-25,129.63742065429688,253.8608856201172,18.944202423095703
2021-06-28,131.26385498046875,257.4051208496094,19.89385414123535
2021-06-29,132.7734375,259.9722900390625,19.935415267944336
2021-06-30,133.38697814941406,259.4932861328125,19.911272048950195
2021-07-01,133.6888885498047,260.16387939453125,20.11981773376465
2021-07-02,136.30873107910156,265.9591369628906,20.393566131591797
2021-07-06,138.31497192382812,265.96868896484375,20.60409927368164
2021-07-07,140.79843139648438,268.1430969238281,20.27884292602539
2021-07-08,139.50314331054688,265.73883056640625,19.811979293823242
2021-07-09,141.32435607910156,266.2369384765625,19.958805084228516
2021-07-12,140.7302703857422,265.6429748535156,20.4189453125
2021-07-13,141.8404998779297,269.14892578125,20.157642364501953
2021-07-14,145.2589569091797,270.614501953125,19.751008987426758
2021-07-15,144.60646057128906,269.1968078613281,18.87975311279297
2021-07-16,142.57098388671875,268.9285888671875,18.07817268371582
2021-07-19,138.73373413085938,265.3460998535156,18.694103240966797
2021-07-20,142.33724975585938,267.558837890625,18.527114868164062
2021-07-21,141.60678100585938,269.5512390136719,19.321474075317383
2021-07-22,142.97027587890625,274.09161376953125,19.504634857177734
2021-07-23,144.6843719482422,277.47308349609375,19.46879768371582
2021-07-26,145.10313415527344,276.8791198730469,19.206005096435547
2021-07-27,142.94107055664062,274.4747619628906,19.12039566040039
2021-07-28,141.19773864746094,274.16827392578125,19.41404914855957
2021-07-29,141.8404998779297,274.4364929199219,19.572322845458984
2021-07-30,142.0548095703125,272.9134216308594,19.41006851196289
2021-08-02,141.72372436523438,272.8271789550781,19.65992546081543
2021-08-03,143.51565551757812,275.0303955078125,19.724628448486328
2021-08-04,143.1163787841797,274.4460144042969,20.181533813476562
2021-08-05,143.22348022460938,277.329345703125,20.542879104614258
2021-08-06,142.54075622558594,277.2718811035156,20.273115158081055
2021-08-09,142.4919891357422,276.1894836425781,20.20244026184082
2021-08-10,142.0140380859375,274.37896728515625,19.845073699951172
2021-08-11,142.26763916015625,274.8675537109375,19.60915756225586
2021-08-12,145.2230224609375,277.6071472167969,19.81421661376953
2021-08-13,145.42782592773438,280.5191650390625,20.09592628479004
2021-08-16,147.3980712890625,282.1954040527344,19.859012603759766
2021-08-17,146.49102783203125,280.73944091796875,19.369253158569336
2021-08-18,142.75531005859375,279.0215148925781,18.95315933227539
2021-08-19,143.08692932128906,284.8182678222656,19.70770263671875
2021-08-20,144.5402374267578,292.1025695800781,20.721067428588867
2021-08-23,146.0228271484375,292.38092041015625,21.85785675048828
2021-08-24,145.93502807617188,290.4326477050781,21.693603515625
2021-08-25,144.70608520507812,289.84722900390625,22.111690521240234
2021-08-26,143.90626525878906,287.0448303222656,21.967355728149414
2021-08-27,144.94015502929688,287.6494445800781,22.532758712768555
2021-08-30,149.34881591796875,291.36358642578125,22.58452033996582
2021-08-31,148.09063720703125,289.7225036621094,22.286834716796875
2021-09-01,148.75381469726562,289.67437744140625,22.342586517333984
2021-09-02,149.86573791503906,289.0218200683594,22.297786712646484
2021-09-03,150.49977111816406,289.0123291015625,22.742828369140625
2021-09-07,152.8308868408203,288.0909423828125,22.562620162963867
2021-09-08,151.28981018066406,288.1197204589844,22.24103546142578
2021-09-09,150.27542114257812,285.2789611816406,22.079750061035156
2021-09-10,145.30105590820312,283.80096435546875,22.37942886352539
2021-09-13,145.86679077148438,285.0294189453125,22.054861068725586
2021-09-14,144.47195434570312,287.71661376953125,22.14446258544922
2021-09-15,145.3595428466797,292.5440368652344,22.243024826049805
2021-09-16,145.12545776367188,292.92791748046875,22.14446258544922
2021-09-17,142.46273803710938,287.7934875488281,21.80396270751953
2021-09-20,139.4195556640625,282.44775390625,21.020414352416992
2021-09-21,139.8975067138672,282.9275207519531,21.1528263092041
2021-09-22,142.2579345703125,286.5553894042969,21.844783782958984
2021-09-23,143.2137451171875,287.4959411621094,22.38340950012207
2021-09-24,143.3015594482422,287.29437255859375,21.984167098999023
2021-09-27,141.7897491455078,282.3230285644531,21.56501579284668
2021-09-28,138.41494750976562,272.10186767578125,20.60822868347168
2021-09-29,139.31227111816406,272.56256103515625,20.427026748657227
2021-09-30,138.0150146484375,270.5662841796875,20.625152587890625
2021-10-01,139.13665771484375,277.4571838378906,20.651042938232422
2021-10-04,135.71316528320312,271.70843505859375,19.645465850830078
2021-10-05,137.6345977783203,277.1308288574219,20.361318588256836
2021-10-06,138.502685546875,281.30560302734375,20.60922622680664
2021-10-07,139.76089477539062,282.97564697265625,20.982580184936523
2021-10-08,139.38050842285156,282.97564697265625,20.73965072631836
2021-10-11,139.29273986816406,282.3805847167969,20.604248046875
2021-10-12,138.02479553222656,281.0849609375,20.580350875854492
2021-10-13,137.43954467773438,284.3767395019531,20.84717559814453
2021-10-14,140.2193603515625,290.55743408203125,21.650634765625
2021-10-15,141.27273559570312,291.9586486816406,21.76612663269043
2021-10-18,142.94064331054688,294.9145812988281,22.12455177307129
2021-10-19,145.09622192382812,295.8167724609375,22.19225311279297
2021-10-20,145.58387756347656,295.0296936035156,22.006072998046875
2021-10-21,145.7984619140625,298.2448425292969,22.592491149902344
2021-10-22,145.02793884277344,296.7093200683594,22.626340866088867
2021-10-25,144.97914123535156,295.7207946777344,23.064409255981445
2021-10-26,145.64242553710938,297.6210021972656,24.60860252380371
2021-10-27,145.18397521972656,310.1551208496094,24.343780517578125
2021-10-28,148.81236267089844,311.28759765625,24.831623077392578
2021-10-29,146.11061096191406,318.2647705078125,25.454879760742188
2021-11-01,145.2913055419922,316.1053771972656,25.713743209838867
2021-11-02,146.32516479492188,319.7139892578125,26.28522491455078
2021-11-03,147.7589874267578,320.5489196777344,26.481361389160156
2021-11-04,147.2420196533203,322.890625,29.670310974121094
2021-11-05,147.76947021484375,322.5259094238281,29.62152671813965
2021-11-08,146.94898986816406,323.4184875488281,30.668916702270508
2021-11-09,147.3103790283203,322.4203796386719,30.522558212280273
2021-11-10,144.48748779296875,317.4776916503906,29.32981300354004
2021-11-11,144.4385986328125,319.0422058105469,30.256732940673828
2021-11-12,146.50942993164062,323.1593933105469,30.256732940673828
2021-11-15,146.51919555664062,322.5355529785156,29.893327713012695
2021-11-16,147.49598693847656,325.8370361328125,30.070554733276367
2021-11-17,149.92823791503906,326.0581359863281,29.13268280029297
2021-11-18,154.20655822753906,328.1253662109375,31.53609275817871
2021-11-19,156.82437133789062,329.89447021484375,32.84035110473633
2021-11-22,157.28350830078125,326.7408142089844,31.81586265563965
2021-11-23,157.66441345214844,324.6736755371094,31.606786727905273
2021-11-24,158.18214416503906,324.8946838378906,32.53071212768555
2021-11-26,153.171142578125,316.98175048828125,31.364849090576172
2021-11-29,156.52157592773438,323.6640625,33.22964096069336
2021-11-30,161.4641876220703,317.856689453125,32.53270721435547
2021-12-01,160.9464874267578,317.3663635253906,31.300979614257812
2021-12-02,159.95986938476562,316.7990417480469,31.98904037475586
2021-12-03,158.08444213867188,310.5686950683594,30.562143325805664
2021-12-06,161.48367309570312,313.6261901855469,29.908945083618164
2021-12-07,167.20767211914062,322.01995849609375,32.28874588012695
2021-12-08,171.01719665527344,322.0679626464844,31.6903133392334
2021-12-09,170.50926208496094,320.27001953125,30.36001205444336
2021-12-10,175.28582763671875,329.346435546875,30.069257736206055
2021-12-13,171.66189575195312,326.3273620605469,28.040939331054688
2021-12-14,170.2845916748047,315.69342041015625,28.216190338134766
2021-12-15,175.13931274414062,321.7602844238281,30.32914161682129
2021-12-16,168.26263427734375,312.3858642578125,28.265974044799805
2021-12-17,167.16864013671875,311.3282775878906,27.68247413635254
2021-12-20,165.81089782714844,307.5880126953125,27.6008243560791
2021-12-21,168.9757080078125,314.683837890625,28.951045989990234
2021-12-22,171.56419372558594,320.3662109375,29.274656295776367
2021-12-23,172.18934631347656,321.798828125,29.513626098632812
2021-12-27,176.14541625976562,329.25994873046875,30.813068389892578
2021-12-28,175.12954711914062,328.1061096191406,30.192724227905273
2021-12-29,175.21743774414062,328.7791748046875,29.87309455871582
2021-12-30,174.0648193359375,326.25042724609375,29.459863662719727
2021-12-31,173.44940185546875,323.365966796875,29.285608291625977
2022-01-03,177.78640747070312,321.8564758300781,29.992578506469727
2022-01-04,175.53001403808594,316.3376159667969,29.165130615234375
2022-01-05,170.8609161376953,304.1939392089844,27.486310958862305
2022-01-06,168.0086669921875,301.790283203125,28.057861328125
2022-01-07,168.17474365234375,301.9442443847656,27.13083267211914
2022-01-10,168.19427490234375,302.1653137207031,27.283184051513672
2022-01-11,171.01719665527344,302.84796142578125,27.698406219482422
2022-01-12,171.45675659179688,306.01123046875,27.879629135131836
2022-01-13,168.19427490234375,293.0599670410156,26.461698532104492
2022-01-14,169.0538330078125,298.2520446777344,26.827133178710938
2022-01-18,165.85971069335938,290.9928283691406,25.79256248474121
2022-01-19,162.37255859375,291.6466369628906,24.960124969482422
2022-01-20,160.69248962402344,289.9832763671875,24.04703712463379
2022-01-21,158.6412353515625,284.6278076171875,23.274351119995117
2022-01-24,157.86952209472656,284.9547119140625,23.272356033325195
2022-01-25,156.072265625,277.37823486328125,22.22882652282715
2022-01-26,155.98434448242188,285.28167724609375,22.67491340637207
2022-01-27,155.52525329589844,288.2911071777344,21.85044288635254
2022-01-28,166.37741088867188,296.38677978515625,22.742624282836914
2022-01-31,170.7241668701172,299.00201416015625,24.38160514831543
2022-02-01,170.55807495117188,296.86749267578125,24.532958984375
2022-02-02,171.759521484375,301.3865051269531,25.13438606262207
2022-02-03,168.8877716064453,289.6467590332031,23.84589958190918
2022-02-04,168.60418701171875,294.1561584472656,24.215314865112305
2022-02-07,167.8902130126953,289.3582763671875,24.622583389282227
2022-02-08,170.9906005859375,292.8293151855469,25.00095558166504
2022-02-09,172.40872192382812,299.22308349609375,26.59114646911621
2022-02-10,168.340087890625,290.7332458496094,25.713905334472656
2022-02-11,164.93655395507812,283.676025390625,23.846893310546875
2022-02-14,165.17123413085938,283.63751220703125,24.163541793823242
2022-02-15,168.99537658691406,288.8968811035156,26.382043838500977
2022-02-16,168.76063537597656,288.5595703125,26.397974014282227
2022-02-17,165.17123413085938,280.1099853515625,24.402515411376953
2022-02-18,163.62599182128906,277.41229248046875,23.54120445251465
2022-02-22,160.71136474609375,277.2099914550781,23.290279388427734
2022-02-23,156.5547332763672,270.0320739746094,22.29155731201172
2022-02-24,159.16610717773438,283.8290100097656,23.64675521850586
2022-02-25,161.22976684570312,286.4496765136719,24.05401039123535
2022-02-28,161.49380493164062,287.8756103515625,24.281038284301758
2022-03-01,159.61598205566406,284.17584228515625,23.376911163330078
2022-03-02,162.90219116210938,289.2244567871094,24.120851516723633
2022-03-03,162.57943725585938,285.1103515625,23.616920471191406
2022-03-04,159.58663940429688,279.2716979980469,22.842105865478516
2022-03-07,155.80166625976562,268.7217712402344,21.264589309692383
2022-03-08,153.9824981689453,265.7735595703125,21.425928115844727
2022-03-09,159.37147521972656,277.96142578125,22.919788360595703
2022-03-10,155.0387725830078,275.1577453613281,22.565244674682617
2022-03-11,151.33200073242188,269.8393859863281,22.009532928466797
2022-03-14,147.31222534179688,266.34197998046875,21.242679595947266
2022-03-15,151.68411254882812,276.6607971191406,22.878955841064453
2022-03-16,156.08526611328125,283.63629150390625,24.39571762084961
2022-03-17,157.09268188476562,284.43597412109375,24.66461944580078
2022-03-18,160.37884521484375,289.4556579589844,26.34469985961914
2022-03-21,161.7481231689453,288.2320556640625,26.624557495117188
2022-03-22,165.112548828125,292.9530029296875,26.41541862487793
2022-03-23,166.47206115722656,288.54998779296875,25.52906036376953
2022-03-24,170.2472686767578,292.99163818359375,28.034759521484375
2022-03-25,170.88299560546875,292.5869140625,27.578636169433594
2022-03-28,171.74368286132812,299.3504943847656,28.10348129272461
2022-03-29,175.0299072265625,303.8884582519531,28.538692474365234
2022-03-30,173.86599731445312,302.39501953125,27.576644897460938
2022-03-31,170.775390625,297.0477294921875,27.174299240112305
2022-04-01,170.48202514648438,298.1172790527344,26.602645874023438
2022-04-04,174.52130126953125,303.46453857421875,27.247997283935547
2022-04-05,171.2155303955078,299.5239562988281,25.824844360351562
2022-04-06,168.0564727783203,288.5595703125,24.307085037231445
2022-04-07,168.35963439941406,290.36126708984375,24.10890007019043
2022-04-08,166.3546905517578,286.12200927734375,23.024356842041016
2022-04-11,162.10997009277344,274.8398132324219,21.8272762298584
2022-04-12,163.97799682617188,271.7567138671875,21.415966033935547
2022-04-13,166.65785217285156,277.11358642578125,22.11210823059082
2022-04-14,161.6601104736328,269.608154296875,21.170976638793945
2022-04-18,161.44491577148438,270.27294921875,21.693824768066406
2022-04-19,163.72373962402344,274.8782653808594,22.107128143310547
2022-04-20,163.55747985839844,275.8996276855469,21.394054412841797
2022-04-21,162.7653045654297,270.5523376464844,20.10037612915039
2022-04-22,158.23695373535156,264.0199890136719,19.43510627746582
2022-04-25,159.302978515625,270.465576171875,19.820528030395508
2022-04-26,153.35655212402344,260.3491516113281,18.711088180541992
2022-04-27,153.131591796875,272.8743896484375,18.339616775512695
2022-04-28,160.04632568359375,279.0501708984375,19.701017379760742
2022-04-29,154.1878662109375,267.3825378417969,18.471073150634766
2022-05-02,154.4910888671875,274.0787048339844,19.453039169311523
2022-05-03,155.97767639160156,271.4869384765625,19.52175521850586
2022-05-04,162.3740692138672,279.3873291015625,20.250757217407227
2022-05-05,153.32720947265625,267.2187805175781,18.766855239868164
2022-05-06,154.05201721191406,264.6944580078125,18.598546981811523
2022-05-09,148.9391326904297,254.91525268554688,16.880611419677734
2022-05-10,151.3388671875,259.6554260253906,17.522972106933594
2022-05-11,143.49325561523438,251.03231811523438,16.561920166015625
2022-05-12,139.63414001464844,246.02239990234375,16.108787536621094
2022-05-13,144.0906982421875,251.58163452148438,17.63351821899414
2022-05-16,142.55294799804688,251.94778442382812,17.193328857421875
2022-05-17,146.1770477294922,257.0733642578125,18.102588653564453
2022-05-18,137.92984008789062,245.36891174316406,16.868661880493164
2022-05-19,134.5310516357422,244.4611358642578,17.05389976501465
2022-05-20,134.76611328125,243.90103149414062,16.625661849975586
2022-05-23,140.17282104492188,251.71360778808594,16.828824996948242
2022-05-24,137.47927856445312,250.71897888183594,16.087865829467773
2022-05-25,137.63600158691406,253.51953125,16.905506134033203
2022-05-26,140.82907104492188,256.78369140625,17.777921676635742
2022-05-27,146.56881713867188,263.87200927734375,18.733991622924805
2022-05-31,145.78521728515625,262.5489501953125,18.595558166503906
2022-06-01,145.6579132080078,263.0801086425781,18.244998931884766
2022-06-02,148.10659790039062,265.1660461425781,19.51179313659668
2022-06-03,142.396240234375,260.7624816894531,18.643369674682617
2022-06-06,143.14064025878906,259.5359191894531,18.70909309387207
2022-06-07,145.6579132080078,263.1574401855469,18.848520278930664
2022-06-08,144.9232940673828,261.1390686035156,18.57558250427246
2022-06-09,139.71246337890625,255.7117156982422,17.97791290283203
2022-06-10,134.31558227539062,244.31631469726562,16.90808868408203
2022-06-13,129.17332458496094,233.95419311523438,15.5862398147583
2022-06-14,130.03529357910156,236.10772705078125,15.774505615234375
2022-06-15,132.6504364013672,243.12847900390625,16.462818145751953
2022-06-16,127.39063262939453,236.57127380371094,15.54041862487793
2022-06-17,128.85987854003906,239.1593780517578,15.81833553314209
2022-06-21,133.08140563964844,245.04055786132812,16.50167465209961
2022-06-22,132.57208251953125,244.4514923095703,16.29646873474121
2022-06-23,135.43214416503906,249.9850311279297,16.1619930267334
2022-06-24,138.7526092529297,258.52191162109375,17.059497833251953
2022-06-27,138.7526092529297,255.80833435058594,16.803497314453125
2022-06-28,134.6191864013672,247.68663024902344,15.919938087463379
2022-06-29,136.3724365234375,251.33705139160156,15.481649398803711
2022-06-30,133.9139862060547,248.02462768554688,15.100132942199707
2022-07-01,136.0785675048828,250.6803436279297,14.466604232788086
2022-07-05,138.65463256835938,253.8382568359375,14.905893325805664
2022-07-06,139.98670959472656,257.0829772949219,15.071249008178711
2022-07-07,143.3463592529297,259.19793701171875,15.796422004699707
2022-07-08,144.02218627929688,258.4833679199219,15.776498794555664
2022-07-11,141.89669799804688,255.4413604736328,15.09316349029541
2022-07-12,142.86639404296875,244.97296142578125,15.023433685302734
2022-07-13,142.50401306152344,244.05555725097656,15.105114936828613
2022-07-14,145.42279052734375,245.36891174316406,15.312305450439453
2022-07-15,147.0879364013672,247.9183807373047,15.700791358947754
2022-07-18,144.0515899658203,245.53311157226562,16.03847885131836
2022-07-19,147.90090942382812,250.632080078125,16.926015853881836
2022-07-20,149.8990478515625,253.27813720703125,17.737850189208984
2022-07-21,152.16163635253906,255.76002502441406,17.97990608215332
2022-07-22,150.92747497558594,251.43365478515625,17.25174331665039
2022-07-25,149.81088256835938,249.95606994628906,16.957889556884766
2022-07-26,148.4886016845703,243.26365661621094,16.468795776367188
2022-07-27,153.57208251953125,259.5262756347656,17.720916748046875
2022-07-28,154.1205596923828,266.9333801269531,17.914161682128906
2022-07-29,159.17469787597656,271.1148986816406,18.092470169067383
2022-08-01,158.19517517089844,268.4784851074219,18.3693904876709
2022-08-02,156.72596740722656,265.3978271484375,18.454057693481445
2022-08-03,162.7203826904297,272.7855224609375,18.81963348388672
2022-08-04,162.40692138671875,273.9250793457031,19.14038848876953
2022-08-05,162.18136596679688,273.2105712890625,18.915266036987305
2022-08-08,161.7105712890625,270.7093200683594,17.723907470703125
2022-08-09,161.75958251953125,272.6213073730469,17.0196533203125
2022-08-10,165.99679565429688,279.24627685546875,18.0267276763916
2022-08-11,165.26121520996094,277.1795959472656,17.87232780456543
2022-08-12,168.802001953125,281.90185546875,18.636348724365234
2022-08-15,169.87110900878906,283.40850830078125,18.958093643188477
2022-08-16,169.71414184570312,282.67449951171875,18.80569076538086
2022-08-17,171.20504760742188,281.9292907714844,18.26380157470703
2022-08-18,170.8126983642578,280.81646728515625,18.700105667114258
2022-08-19,168.23313903808594,276.9259338378906,17.77968978881836
2022-08-22,164.3588104248047,268.7967224121094,16.96785545349121
2022-08-23,164.0253143310547,267.5289306640625,17.114280700683594
2022-08-24,164.31954956054688,266.8999328613281,17.155122756958008
2022-08-25,166.7716827392578,269.8612976074219,17.843441009521484
2022-08-26,160.4844970703125,259.4481201171875,16.196863174438477
2022-08-29,158.28744506835938,256.6803283691406,15.739643096923828
2022-08-30,155.86477661132812,254.49319458007812,15.40793514251709
2022-08-31,154.2071533203125,253.04151916503906,15.035387992858887
2022-09-01,154.9329833984375,252.0060272216797,13.882879257202148
2022-09-02,152.82415771484375,247.805908203125,13.594005584716797
2022-09-06,151.56866455078125,245.0865020751953,13.412713050842285
2022-09-07,152.97128295898438,249.7704315185547,13.664803504943848
2022-09-08,151.50003051757812,250.18655395507812,13.939815521240234
2022-09-09,154.35427856445312,255.93508911132812,14.335390090942383
2022-09-12,160.298095703125,258.0544738769531,14.452966690063477
2022-09-13,150.8918914794922,243.86712646484375,13.083895683288574
2022-09-14,152.33375549316406,244.08970642089844,13.08090877532959
2022-09-15,149.4500732421875,237.4701690673828,12.882620811462402
2022-09-16,147.81207275390625,236.850830078125,13.150657653808594
2022-09-19,151.51963806152344,236.6378936767578,13.333995819091797
2022-09-20,153.89329528808594,234.63462829589844,13.128735542297363
2022-09-21,150.77420043945312,231.2474365234375,13.213430404663086
2022-09-22,149.81301879882812,233.21202087402344,12.51594066619873
2022-09-23,147.54725646972656,230.25067138671875,12.471101760864258
2022-09-26,147.8807373046875,229.79580688476562,12.184135437011719
2022-09-27,148.8517608642578,228.7893524169922,12.368470191955566
2022-09-28,146.96856689453125,233.29910278320312,12.690312385559082
2022-09-29,139.74960327148438,229.84417724609375,12.176166534423828
2022-09-30,135.5516357421875,225.39247131347656,12.095454216003418
2022-10-03,139.72019958496094,232.97976684570312,12.467119216918945
2022-10-04,143.30023193359375,240.8573455810547,13.119765281677246
2022-10-05,143.594482421875,241.1670379638672,13.16161823272705
2022-10-06,142.64305114746094,238.83474731445312,13.08289909362793
2022-10-07,137.40542602539062,226.6892852783203,12.032682418823242
2022-10-10,137.72906494140625,221.86013793945312,11.628137588500977
2022-10-11,136.31666564941406,218.14393615722656,11.544439315795898
2022-10-12,135.68894958496094,218.4729461669922,11.458745002746582
2022-10-13,140.24984741210938,226.6892852783203,11.917097091674805
2022-10-14,135.72824096679688,221.19236755371094,11.186726570129395
2022-10-17,139.68093872070312,229.8732147216797,11.845354080200195
2022-10-18,140.9952850341797,230.81195068359375,11.924072265625
2022-10-19,141.10313415527344,228.85708618164062,12.007771492004395
2022-10-20,140.64218139648438,228.53773498535156,12.150256156921387
2022-10-21,144.44781494140625,234.31527709960938,12.421280860900879
2022-10-24,146.58602905273438,239.27992248535156,12.553805351257324
2022-10-25,149.42063903808594,242.57998657226562,13.213430404663086
2022-10-26,146.48800659179688,223.86343383789062,12.849739074707031
2022-10-27,142.02516174316406,219.4407196044922,13.128735542297363
2022-10-28,152.7555389404297,228.2667694091797,13.784374237060547
2022-10-31,150.40150451660156,224.64727783203125,13.448583602905273
2022-11-01,147.76304626464844,220.8148956298828,13.49442195892334
2022-11-02,142.25074768066406,213.00509643554688,13.171582221984863
2022-11-03,136.2186279296875,207.34364318847656,13.372856140136719
2022-11-04,135.95338439941406,214.25350952148438,14.105219841003418
2022-11-07,136.4838409423828,220.52456665039062,14.249698638916016
2022-11-08,137.05368041992188,221.4923858642578,14.549620628356934
2022-11-09,132.50486755371094,217.2729034423828,13.726582527160645
2022-11-10,144.29443359375,235.1475372314453,15.693499565124512
2022-11-11,147.07484436035156,239.1444091796875,16.268434524536133
2022-11-14,145.67971801757812,233.76365661621094,16.23654556274414
2022-11-15,147.40887451171875,234.17010498046875,16.606218338012695
2022-11-16,146.1807403564453,234.59713745117188,15.852930068969727
2022-11-17,148.07693481445312,234.548583984375,15.62076473236084
2022-11-18,148.63694763183594,234.1021270751953,15.353726387023926
2022-11-21,145.41445922851562,234.90765380859375,15.262054443359375
2022-11-22,147.54637145996094,237.7997283935547,15.980470657348633
2022-11-23,148.42079162597656,240.27450561523438,16.459745407104492
2022-11-25,145.51271057128906,240.18714904785156,16.211639404296875
2022-11-28,141.69093322753906,234.62625122070312,15.770223617553711
2022-11-29,138.6944122314453,233.23841857910156,15.582898139953613
2022-11-30,145.43411254882812,247.6114044189453,16.866605758666992
2022-12-01,145.7091827392578,247.17471313476562,17.077898025512695
2022-12-02,145.21795654296875,247.49496459960938,16.81976318359375
2022-12-05,144.05865478515625,242.81716918945312,16.55465316772461
2022-12-06,140.40394592285156,237.88710021972656,15.933728218078613
2022-12-07,138.4684295654297,237.15921020507812,16.066286087036133
2022-12-08,140.14845275878906,240.09979248046875,17.111791610717773
2022-12-09,139.66705322265625,238.17823791503906,16.944351196289062
2022-12-12,141.95620727539062,245.05905151367188,17.476572036743164
2022-12-13,142.9189910888672,249.33888244628906,18.011777877807617
2022-12-14,140.69863891601562,249.63002014160156,17.61510467529297
2022-12-15,134.1063232421875,241.66226196289062,16.8955078125
2022-12-16,132.15121459960938,237.46974182128906,16.515779495239258
2022-12-19,130.04872131347656,233.35484313964844,16.199832916259766
2022-12-20,129.97991943359375,234.66505432128906,16.03139877319336
2022-12-21,133.07472229003906,237.21743774414062,16.446014404296875
2022-12-22,129.91114807128906,231.1615753173828,15.287886619567871
2022-12-23,129.5476531982422,231.68565368652344,15.155330657958984
2022-12-27,127.74974060058594,229.96788024902344,14.073945999145508
2022-12-28,123.8297348022461,227.60955810546875,13.989228248596191
2022-12-29,127.33712005615234,233.8983612060547,14.554340362548828
2022-12-30,127.65150451660156,232.7434844970703,14.565302848815918
2023-01-03,122.8767318725586,232.5105438232422,14.267298698425293
2023-01-04,124.14411926269531,222.33981323242188,14.699851036071777
2023-01-05,122.8276138305664,215.75015258789062,14.217464447021484
2023-01-06,127.34696197509766,218.2928466796875,14.80948543548584
2023-01-09,127.86767578125,220.418212890625,15.575922966003418
2023-01-10,128.4375,222.09716796875,15.855988502502441
2023-01-11,131.1490936279297,228.81297302246094,15.947678565979004
2023-01-12,131.0704803466797,231.4721221923828,16.45598030090332
2023-01-13,132.3968048095703,232.17088317871094,16.842683792114258
2023-01-17,133.55613708496094,233.25784301757812,17.64301300048828
2023-01-18,132.83892822265625,228.851806640625,17.319095611572266
2023-01-19,132.89785766601562,225.0863037109375,16.70913314819336
2023-01-20,135.4522705078125,233.13165283203125,17.77955436706543
2023-01-23,138.6354522705078,235.4220428466797,19.129045486450195
2023-01-24,140.0305633544922,234.89794921875,19.200801849365234
2023-01-25,139.37229919433594,233.51016235351562,19.25861167907715
2023-01-26,141.4355010986328,240.68209838867188,19.73601531982422
2023-01-27,143.3709259033203,240.83737182617188,20.297134399414062
2023-01-30,140.49229431152344,235.54818725585938,19.0981502532959
2023-01-31,141.7596893310547,240.49771118164062,19.471899032592773
2023-02-01,142.87969970703125,245.2919464111328,20.873212814331055
2023-02-02,148.17520141601562,256.79229736328125,21.636659622192383
2023-02-03,151.79063415527344,250.72669982910156,21.029687881469727
2023-02-06,149.06924438476562,249.1933135986328,21.01872444152832
2023-02-07,151.93801879882812,259.6649475097656,22.09911346435547
2023-02-08,149.25588989257812,258.8594055175781,22.131006240844727
2023-02-09,148.22427368164062,255.84117126464844,22.26256561279297
2023-02-10,148.58839416503906,255.3365478515625,21.194137573242188
2023-02-13,151.38282775878906,263.31396484375,21.715396881103516
2023-02-14,150.74325561523438,264.1389465332031,22.89445686340332
2023-02-15,152.839111328125,262.0277099609375,22.68814468383789
2023-02-16,151.24510192871094,255.05178833007812,21.928682327270508
2023-02-17,150.1036834716797,251.072509765625,21.316730499267578
2023-02-21,146.09893798828125,245.82850646972656,20.586172103881836
2023-02-22,146.52206420898438,244.6999053955078,20.684843063354492
2023-02-23,147.00421142578125,247.87164306640625,23.585147857666016
2023-02-24,144.3573455810547,242.471923828125,23.208404541015625
2023-02-27,145.5479278564453,243.386474609375,23.42268943786621
2023-02-28,145.04608154296875,242.66651916503906,23.138639450073242
2023-03-01,142.97975158691406,239.60179138183594,22.62236213684082
2023-03-02,143.57015991210938,244.31072998046875,23.236310958862305
2023-03-03,148.6080322265625,248.37753295898438,23.81039047241211
2023-03-06,151.36318969726562,249.91473388671875,23.47551727294922
2023-03-07,149.16893005371094,247.26841735839844,23.21434211730957
2023-03-08,150.41856384277344,246.83059692382812,24.104515075683594
2023-03-09,148.1751251220703,245.48797607421875,23.36187171936035
2023-03-10,146.11865234375,241.8589630126953,22.892362594604492
2023-03-13,148.0570526123047,247.04464721679688,22.89335823059082
2023-03-14,150.14305114746094,253.72860717773438,23.98689079284668
2023-03-15,150.53663635253906,258.2527160644531,24.151371002197266
2023-03-16,153.35072326660156,268.7213134765625,25.46021270751953
2023-03-17,152.51438903808594,271.8638610839844,25.643632888793945
2023-03-20,154.87591552734375,264.85888671875,25.818078994750977
2023-03-21,156.7257843017578,266.36688232421875,26.116130828857422
2023-03-22,155.29904174804688,264.9172668457031,26.384281158447266
2023-03-23,156.38136291503906,270.1418762207031,27.104995727539062
2023-03-24,157.68019104003906,272.9729919433594,26.69429588317871
2023-03-27,155.74180603027344,268.89654541015625,26.447080612182617
2023-03-28,155.12188720703125,267.7776184082031,26.326465606689453
2023-03-29,158.1918487548828,272.9146728515625,26.898651123046875
2023-03-30,159.75634765625,276.3587646484375,27.296384811401367
2023-03-31,162.25563049316406,280.4937438964844,27.68914031982422
2023-04-03,163.50526428222656,279.4527282714844,27.876544952392578
2023-04-04,162.9739532470703,279.4040832519531,27.366165161132812
2023-04-05,161.13392639160156,276.64093017578125,26.795982360839844
2023-04-06,162.0194854736328,283.7044372558594,26.95148277282715
2023-04-10,159.431640625,281.5542297363281,27.491771697998047
2023-04-11,158.22140502929688,275.1717834472656,27.08306312561035
2023-04-12,157.53262329101562,275.8139343261719,26.411195755004883
2023-04-13,162.9050750732422,281.9920959472656,26.379301071166992
2023-04-14,162.56065368652344,278.39227294921875,26.67336082458496
2023-04-17,162.58033752441406,280.9801940917969,26.91659164428711
2023-04-18,163.8004913330078,280.5618896484375,27.579490661621094
2023-04-19,164.9418487548828,280.6396484375,27.842655181884766
2023-04-20,163.97756958007812,278.3630065917969,27.018268585205078
2023-04-21,162.3737335205078,278.02252197265625,27.033222198486328
2023-04-24,162.67874145507812,274.14056396484375,26.956470489501953
2023-04-25,161.14373779296875,267.9624938964844,26.15799903869629
2023-04-26,161.13392639160156,287.372314453125,26.87073516845703
2023-04-27,165.70936584472656,296.5762023925781,27.139883041381836
2023-04-28,166.95895385742188,298.9403381347656,27.66122817993164
2023-05-01,166.87039184570312,297.2864074707031,28.818557739257812
2023-05-02,165.83726501464844,297.14044189453125,28.120771408081055
2023-05-03,164.76473999023438,296.1578063964844,27.71406364440918
2023-05-04,163.1313934326172,297.14044189453125,27.474821090698242
2023-05-05,170.78662109375,302.23858642578125,28.589284896850586
2023-05-08,170.71771240234375,300.2927551269531,29.058794021606445
2023-05-09,169.0155029296875,298.6874084472656,28.480627059936523
2023-05-10,170.77674865722656,303.85357666015625,28.79364013671875
2023-05-11,170.9636993408203,301.713134765625,28.487611770629883
2023-05-12,170.0375213623047,300.60406494140625,28.2503604888916
2023-05-15,169.5448760986328,301.080810546875,28.861419677734375
2023-05-16,169.5448760986328,303.299072265625,29.120601654052734
2023-05-17,170.15576171875,306.1656799316406,30.082548141479492
2023-05-18,172.48110961914062,310.57293701171875,31.577804565429688
2023-05-19,172.58950805664062,310.39739990234375,31.16511344909668
2023-05-22,171.64358520507812,313.1665954589844,31.077390670776367
2023-05-23,169.04232788085938,307.3942565917969,30.5909366607666
2023-05-24,169.3182373046875,306.01947021484375,30.441408157348633
2023-05-25,170.45135498046875,317.788330078125,37.8598747253418
2023-05-26,172.8555145263672,324.58447265625,38.822818756103516
2023-05-30,174.69810485839844,322.9462890625,39.984127044677734
2023-05-31,174.6488037109375,320.1966857910156,37.71432876586914
2023-06-01,177.44715881347656,324.28216552734375,39.64420700073242
2023-06-02,178.29454040527344,327.03173828125,39.20261764526367
2023-06-05,176.9446258544922,327.558349609375,39.04710388183594
2023-06-06,176.58009338378906,325.3547058105469,38.53173828125
2023-06-07,175.21046447753906,315.3116760253906,37.360328674316406
2023-06-08,177.92010498046875,317.1448059082031,38.39216232299805
2023-06-09,178.3043975830078,318.6365966796875,38.651371002197266
2023-06-12,181.09283447265625,323.57037353515625,39.36118698120117
2023-06-13,180.61988830566406,325.949462890625,40.896480560302734
2023-06-14,181.25050354003906,328.9233703613281,42.86543273925781
2023-06-15,183.28025817871094,339.4148864746094,42.522491455078125
2023-06-16,182.2062530517578,333.7888488769531,42.561370849609375
2023-06-20,182.29495239257812,329.61566162109375,43.67395782470703
2023-06-21,181.26036071777344,325.2376708984375,42.91328811645508
2023-06-22,184.25572204589844,331.2342224121094,42.89335632324219
2023-06-23,183.94044494628906,326.6612243652344,42.07984924316406
2023-06-26,182.55111694335938,320.40142822265625,40.50767135620117
2023-06-27,185.30018615722656,326.22247314453125,41.74787139892578
2023-06-28,186.47274780273438,327.4705505371094,40.991188049316406
2023-06-29,186.8077392578125,326.6904296875,40.697086334228516
2023-06-30,191.12344360351562,332.0434875488281,42.17256164550781
2023-07-03,189.63565063476562,329.5571594238281,42.283226013183594
2023-07-05,188.52220153808594,329.71319580078125,42.18751907348633
2023-07-06,188.99514770507812,332.75531005859375,41.97417449951172
2023-07-07,187.88174438476562,328.80633544921875,42.37294387817383
2023-07-10,185.84213256835938,323.55084228515625,42.050933837890625
2023-07-11,185.3199005126953,324.1748046875,42.27524185180664
2023-07-12,186.98509216308594,328.78680419921875,43.76766586303711
2023-07-13,187.74378967285156,334.1106872558594,45.836326599121094
2023-07-14,187.8916015625,336.6262512207031,45.32987594604492
2023-07-17,191.1431884765625,337.1040344238281,46.31883239746094
2023-07-18,190.886962890625,350.520751953125,47.348670959472656
2023-07-19,192.23690795898438,346.2207336425781,46.932952880859375
2023-07-20,190.29576110839844,338.2156066894531,45.38072204589844
2023-07-21,189.12326049804688,335.1929016113281,44.17341995239258
2023-07-24,189.92138671875,336.4994812011719,44.475494384765625
2023-07-25,190.778564453125,342.2230529785156,45.53923416137695
2023-07-26,191.64566040039062,329.3426513671875,45.312931060791016
2023-07-27,190.3844757080078,322.468505859375,45.75955581665039
2023-07-28,192.95614624023438,329.9276428222656,46.606956481933594
2023-07-31,193.5670623779297,327.5388488769531,46.586021423339844
2023-08-01,192.73939514160156,327.9482727050781,46.36469650268555
2023-08-02,189.7538604736328,319.328857421875,44.133544921875
2023-08-03,188.3645782470703,318.5098571777344,44.378787994384766
2023-08-04,179.31924438476562,319.6019287109375,44.54329299926758
2023-08-07,176.22535705566406,321.873779296875,45.27802658081055
2023-08-08,177.16139221191406,317.9150695800781,44.5273323059082
2023-08-09,175.57505798339844,314.19036865234375,42.42378616333008
2023-08-10,175.3582763671875,314.8728942871094,42.2582893371582
2023-08-11,175.41746520996094,313.0008239746094,40.7299919128418
2023-08-14,177.065185546875,315.9552001953125,43.619117736816406
2023-08-15,175.08200073242188,313.82958984375,43.8055419921875
2023-08-16,174.2137451171875,313.0675048828125,43.35293960571289
2023-08-17,171.6780242919922,309.62799072265625,43.21137237548828
2023-08-18,172.16152954101562,309.2371826171875,43.16651153564453
2023-08-21,173.49346923828125,314.5135803222656,46.82329177856445
2023-08-22,174.8649139404297,315.080322265625,45.528263092041016
2023-08-23,178.70301818847656,319.5163879394531,46.97182846069336
2023-08-24,174.02627563476562,312.6473083496094,47.0186882019043
2023-08-25,176.22653198242188,315.5884094238281,45.877197265625
2023-08-28,177.7854461669922,316.29193115234375,46.69169235229492
2023-08-29,181.6629638671875,320.8941345214844,48.63473129272461
2023-08-30,185.14588928222656,321.2655029296875,49.113258361816406
2023-08-31,185.3629608154297,320.259033203125,49.203983306884766
2023-09-01,186.9317626953125,321.138427734375,48.36056900024414
2023-09-05,187.16848754882812,325.91650390625,48.399452209472656
2023-09-06,180.46917724609375,325.2618713378906,46.92086410522461
2023-09-07,175.1905059814453,322.35986328125,46.103302001953125
2023-09-08,175.80224609375,326.6200256347656,45.43629455566406
2023-09-11,176.96652221679688,330.2060546875,45.043479919433594
2023-09-12,173.9473419189453,324.17724609375,44.73638916015625
2023-09-13,171.88523864746094,328.3691101074219,45.34955978393555
2023-09-14,173.39483642578125,330.9486389160156,45.445274353027344
2023-09-15,172.67454528808594,322.6627502441406,43.76927947998047
2023-09-18,175.5950469970703,321.5292663574219,43.835086822509766
2023-09-19,176.68040466308594,321.128662109375,43.39041519165039
2023-09-20,173.1481475830078,313.428955078125,42.113216400146484
2023-09-21,171.6089630126953,312.2174072265625,40.894859313964844
2023-09-22,172.4574737548828,309.7550048828125,41.48609924316406
2023-09-25,173.73031616210938,310.27288818359375,42.096275329589844
2023-09-26,169.66526794433594,304.9964599609375,41.786197662353516
2023-09-27,168.1556854248047,305.631591796875,42.34153747558594
2023-09-28,168.41220092773438,306.4622497558594,42.960693359375
2023-09-29,168.92527770996094,308.5238952636719,43.36947250366211
2023-10-02,171.43136596679688,314.4353942871094,44.648651123046875
2023-10-03,170.099365234375,306.2178649902344,43.38741683959961
2023-10-04,171.34255981445312,311.6604309082031,43.90985870361328
2023-10-05,172.57591247558594,312.0513000488281,44.554935455322266
2023-10-06,175.12144470214844,319.7704772949219,45.625736236572266
2023-10-09,176.6014404296875,322.2718505859375,45.1381950378418
2023-10-10,176.00946044921875,320.8746337890625,45.66162872314453
2023-10-11,177.400634765625,324.8123474121094,46.6666259765625
2023-10-12,178.29849243164062,323.58123779296875,46.80521011352539
2023-10-13,176.4633331298828,320.2297058105469,45.325626373291016
2023-10-16,176.33505249023438,325.0273132324219,45.95774459838867
2023-10-17,174.78599548339844,324.4605407714844,43.80716323852539
2023-10-18,173.49346923828125,322.5552062988281,42.070350646972656
2023-10-19,173.11859130859375,323.7376403808594,41.97563934326172
2023-10-20,170.57301330566406,319.1939697265625,41.26375961303711
2023-10-23,170.69139099121094,321.7833251953125,42.84703826904297
2023-10-24,171.12550354003906,322.9656066894531,43.53297805786133
2023-10-25,168.8167266845703,332.87353515625,41.654598236083984
2023-10-26,164.6629180908203,320.3861083984375,40.2059211730957
2023-10-27,165.9751739501953,322.26214599609375,40.379398345947266
2023-10-30,168.01751708984375,329.5904541015625,41.03843307495117
2023-10-31,168.4911346435547,330.3721618652344,40.6585693359375
2023-11-01,171.64845275878906,338.14996337890625,42.198970794677734
2023-11-02,175.20037841796875,340.3485107421875,43.3764533996582
2023-11-03,174.2926788330078,344.7259216308594,44.870994567871094
2023-11-06,176.8382110595703,348.37060546875,45.61477279663086
2023-11-07,179.39370727539062,352.2790222167969,45.81815719604492
2023-11-08,180.44940185546875,354.8879699707031,46.43531799316406
2023-11-09,179.97579956054688,352.4354248046875,46.81019592285156
2023-11-10,184.15484619140625,361.2098693847656,48.191070556640625
2023-11-13,182.57412719726562,358.2882995605469,48.475223541259766
2023-11-14,185.18234252929688,361.7961730957031,49.508140563964844
2023-11-15,185.74545288085938,361.9430236816406,48.7424201965332
2023-11-16,187.42498779296875,368.3072204589844,49.33266067504883
2023-11-17,187.40524291992188,362.1192321777344,49.15121078491211
2023-11-20,189.14404296875,369.55059814453125,50.25889587402344
2023-11-21,188.3437957763672,365.27203369140625,49.79528045654297
2023-11-22,189.00570678710938,369.95208740234375,48.5709342956543
2023-11-24,187.68185424804688,369.540771484375,47.63373947143555
2023-11-27,187.50399780273438,370.69610595703125,48.09834671020508
2023-11-28,188.1066436767578,374.7006530761719,47.6786003112793
2023-11-29,187.0890655517578,370.93109130859375,47.99665451049805
2023-11-30,187.66209411621094,370.9898986816406,46.63072967529297
2023-12-01,188.9365692138672,366.681884765625,46.6257438659668
2023-12-04,187.14837646484375,361.424072265625,45.37448501586914
2023-12-05,191.09033203125,364.7333984375,46.43142318725586
2023-12-06,190.00357055664062,361.0911560058594,45.371490478515625
2023-12-07,191.9300994873047,363.1962890625,46.461334228515625
2023-12-08,193.3527374267578,366.4076843261719,47.36871337890625
2023-12-11,190.8531951904297,363.5389709472656,46.49224090576172
2023-12-12,192.36474609375,366.5545654296875,47.51926803588867
2023-12-13,195.57565307617188,366.5447692871094,47.94902038574219
2023-12-14,195.72381591796875,358.28118896484375,48.210262298583984
2023-12-15,195.1903076171875,362.9808349609375,48.74869918823242
2023-12-18,193.53054809570312,364.8607177734375,49.93227767944336
2023-12-19,194.5679168701172,365.4579772949219,49.46064376831055
2023-12-20,192.48330688476562,362.8731384277344,47.971954345703125
2023-12-21,192.33511352539062,365.7320861816406,48.84841537475586
2023-12-22,191.26812744140625,366.7503662109375,48.68887710571289
2023-12-26,190.7247314453125,366.8287658691406,49.1365852355957
2023-12-27,190.82354736328125,366.2510681152344,49.27418899536133
2023-12-28,191.2484130859375,367.4357604980469,49.37887954711914
2023-12-29,190.21102905273438,368.17987060546875,49.37887954711914
2024-01-02,183.4040069580078,363.11798095703125,48.0287971496582
2024-01-03,182.03076171875,362.8535461425781,47.4315185546875
2024-01-04,179.71893310546875,360.2491455078125,47.85928726196289
2024-01-05,178.99774169921875,360.06317138671875,48.95510482788086
2024-01-08,183.32498168945312,366.85809326171875,52.101985931396484
2024-01-09,182.91001892089844,367.9350891113281,52.986419677734375
2024-01-10,183.94740295410156,374.7691650390625,54.19292449951172
2024-01-11,183.35459899902344,376.5903625488281,54.6635627746582
2024-01-12,183.68064880371094,380.3500671386719,54.55188751220703
2024-01-16,181.41824340820312,382.11236572265625,56.21904754638672
2024-01-17,180.4796600341797,381.32916259765625,55.89100646972656
2024-01-18,186.3579864501953,385.63714599609375,56.941959381103516
2024-01-19,189.25271606445312,390.3368225097656,59.31906509399414
2024-01-22,191.55462646484375,388.2220153808594,59.481597900390625
2024-01-23,192.82908630371094,390.56207275390625,59.69996643066406
2024-01-24,192.1573028564453,394.1455383300781,61.18466567993164
2024-01-25,191.83126831054688,396.4072570800781,61.43892288208008
2024-01-26,190.1023406982422,395.4869079589844,60.854610443115234
2024-01-29,189.42063903808594,401.1559143066406,62.28447341918945
2024-01-30,185.7750701904297,400.0495300292969,62.59257888793945
2024-01-31,182.17893981933594,389.2696228027344,61.349185943603516
2024-02-01,184.60928344726562,395.340087890625,62.8448486328125
2024-02-02,183.6114959716797,402.6244812011719,65.96879577636719
2024-02-05,185.41943359375,397.17095947265625,69.13163757324219
2024-02-06,187.01991271972656,397.0143127441406,68.02583312988281
2024-02-07,187.1286163330078,405.3954162597656,69.89640045166016
2024-02-08,186.0517120361328,405.4541015625,69.43972778320312
2024-02-09,186.81341552734375,411.75946044921875,71.9245376586914
2024-02-12,185.13174438476562,406.58013916015625,72.03919219970703
2024-02-13,183.04449462890625,397.82696533203125,71.9195556640625
2024-02-14,182.16409301757812,401.6721496582031,73.6864242553711
2024-02-15,181.87725830078125,398.7980041503906,72.44800567626953
2024-02-16,180.34396362304688,396.34576416015625,72.40314483642578
2024-02-20,179.60205078125,395.1000671386719,69.25128173828125
2024-02-21,180.35385131835938,394.5016174316406,67.27700805664062
2024-02-22,182.38174438476562,403.7908630371094,78.31102752685547
2024-02-23,180.5517120361328,402.5058288574219,78.58921813964844
2024-02-26,179.2063446044922,399.7593078613281,78.86343383789062
2024-02-27,180.66055297851562,399.70050048828125,78.47354125976562
2024-02-28,179.46353149414062,399.9358825683594,77.43856048583984
2024-02-29,178.80078125,405.7428894042969,78.88336181640625
2024-03-01,177.7225341796875,407.5673828125,82.04121398925781
2024-03-04,173.2117156982422,406.9984436035156,84.99066162109375
2024-03-05,168.285400390625,394.96270751953125,85.7195816040039
2024-03-06,167.2961883544922,394.413330078125,88.44780731201172
2024-03-07,167.17750549316406,401.32879638671875,92.40552520751953
2024-03-08,168.8888397216797,398.4644775390625,87.27913665771484
2024-03-11,170.88705444335938,396.7969970703125,85.53012084960938
2024-03-12,171.3618927001953,407.3515930175781,91.65167999267578
2024-03-13,169.28453063964844,407.1750183105469,90.62958526611328
2024-03-14,171.1343536376953,417.10174560546875,87.6939697265625
2024-03-15,170.75845336914062,408.46978759765625,87.58727264404297
2024-03-18,171.84658813476562,409.3525390625,88.20349884033203
2024-03-19,174.18116760253906,413.36444091796875,89.14381408691406
2024-03-20,176.7432098388672,417.1116638183594,90.11505126953125
2024-03-21,169.52191162109375,421.17254638671875,91.1750259399414
2024-03-22,170.422119140625,420.5545959472656,94.02091979980469
2024-03-25,169.00753784179688,414.78680419921875,94.73188781738281
2024-03-26,167.8798370361328,413.5999450683594,92.29782104492188
2024-03-27,171.44100952148438,413.3841247558594,89.99340057373047
2024-03-28,169.6307373046875,412.6876525878906,90.09911346435547
2024-04-01,168.19638061523438,416.4642028808594,90.1060791015625
2024-04-02,167.01922607421875,413.3939514160156,89.19766998291016
2024-04-03,167.82049560546875,412.4228515625,88.71105194091797
2024-04-04,166.9994354248047,409.9019470214844,85.6607437133789
2024-04-05,167.75123596191406,417.3960266113281,87.75777435302734
2024-04-08,166.63340759277344,416.4837951660156,86.88526153564453
2024-04-09,167.8402557373047,418.14154052734375,85.11129760742188
2024-04-10,165.9706268310547,415.17919921875,86.79153442382812
2024-04-11,173.15232849121094,419.760009765625,90.35836029052734
2024-04-12,174.6460723876953,413.84515380859375,87.93526458740234
2024-04-15,170.8277130126953,405.7428894042969,85.75647735595703
2024-04-16,167.55340576171875,406.6648864746094,87.16645050048828
2024-04-17,166.1882781982422,403.9772033691406,83.79608154296875
2024-04-18,165.2386016845703,396.5517578125,84.43024444580078
2024-04-19,163.2206268310547,391.50006103515625,75.98334503173828
2024-04-22,164.05157470703125,393.3049621582031,79.29190063476562
2024-04-23,165.10012817382812,399.7887878417969,82.18865203857422
2024-04-24,167.197265625,401.25030517578125,79.45044708251953
2024-04-25,168.05787658691406,391.421630859375,82.39706420898438
2024-04-26,167.4742431640625,398.5625915527344,87.48554992675781
2024-04-29,171.62896728515625,394.57037353515625,87.50747680664062
2024-04-30,168.49314880371094,381.89703369140625,86.15634155273438
2024-05-01,167.4742431640625,387.39990234375,82.80489349365234
2024-05-02,171.16403198242188,390.2445373535156,85.57300567626953
2024-05-03,181.4024200439453,398.8961181640625,88.53656005859375
2024-05-06,179.7504425048828,405.644775390625,91.87802124023438
2024-05-07,180.43296813964844,401.5249938964844,90.2965316772461
2024-05-08,180.7693328857422,402.70208740234375,90.15492248535156
2024-05-09,182.57957458496094,404.4480895996094,88.49466705322266
2024-05-10,181.3215789794922,406.8218994140625,89.62245178222656
2024-05-13,184.52105712890625,405.82135009765625,90.14196014404297
2024-05-14,185.66017150878906,408.60711669921875,91.09626007080078
2024-05-15,187.92860412597656,415.7511901855469,94.36094665527344
2024-05-16,188.04745483398438,413.6973876953125,94.09071350097656
2024-05-17,188.07716369628906,412.9309387207031,92.21605682373047
2024-05-20,189.23611450195312,417.9720153808594,94.510498046875
2024-05-21,190.53378295898438,421.6080017089844,95.11479949951172
2024-05-22,189.09742736816406,423.0622863769531,94.68001556396484
2024-05-23,185.11541748046875,419.6033020019531,103.5038833618164
2024-05-24,188.1861114501953,422.70855712890625,106.16627502441406
2024-05-28,188.19606018066406,422.86578369140625,113.5771484375
2024-05-29,188.4932098388672,421.7357177734375,114.4985122680664
2024-05-30,189.4837646484375,407.4868469238281,110.18580627441406
2024-05-31,190.43470764160156,407.9389343261719,109.32128143310547
2024-06-03,192.19790649414062,406.3568115234375,114.67301177978516
2024-06-04,192.51487731933594,408.86260986328125,116.10592651367188
2024-06-05,194.02053833007812,416.66510009765625,122.09188079833984
2024-06-06,192.64366149902344,417.1662292480469,120.65396881103516
2024-06-07,195.03089904785156,416.5078430175781,120.54428100585938
2024-06-10,191.29647827148438,420.458251953125,121.44371032714844
2024-06-11,205.19398498535156,425.1849060058594,120.57613372802734
2024-06-12,211.05812072753906,433.4197692871094,124.85427856445312
2024-06-13,212.21705627441406,433.9306945800781,129.25210571289062
2024-06-14,210.4835968017578,434.903564453125,131.5158233642578
2024-06-17,214.62411499023438,440.60308837890625,130.6183319091797
2024-06-18,212.2665557861328,438.6082458496094,135.2056121826172
2024-06-20,207.70013427734375,437.9793701171875,130.41885375976562
2024-06-21,205.53079223632812,441.98870849609375,126.22050476074219
2024-06-24,206.17466735839844,439.91522216796875,117.78384399414062
2024-06-25,207.0959014892578,443.1383972167969,125.74181365966797
2024-06-26,211.23641967773438,444.3274230957031,126.05095672607422
2024-06-27,212.0784149169922,445.0054931640625,123.64761352539062
2024-06-28,208.6312255859375,439.20770263671875,123.19886016845703
2024-07-01,214.70335388183594,448.8183288574219,123.9567642211914
2024-07-02,218.1901397705078,451.3241271972656,122.33126068115234
2024-07-03,219.45803833007812,452.7882995605469,127.92577362060547
2024-07-05,224.20281982421875,459.4606628417969,125.4825439453125
2024-07-08,225.66885375976562,458.16357421875,127.84600067138672
2024-07-09,226.5207061767578,451.5796203613281,131.0172119140625
2024-07-10,230.78013610839844,458.1734313964844,134.5374755859375
2024-07-11,225.4211883544922,446.8234558105469,127.04820251464844
2024-07-12,228.36317443847656,445.6933898925781,128.88311767578125
2024-07-15,232.1866912841797,446.0962829589844,128.08535766601562
2024-07-16,232.6027374267578,441.73321533203125,126.0110855102539
2024-07-17,226.7188262939453,435.83709716796875,117.66416931152344
2024-07-18,222.06320190429688,432.7417297363281,120.75562286376953
2024-07-19,222.19200134277344,429.5381164550781,117.60436248779297
2024-07-22,221.84530639648438,435.26715087890625,123.19886016845703
2024-07-23,222.88539123535156,437.1440734863281,122.25148010253906
2024-07-24,216.47645568847656,421.4703674316406,113.93450927734375
2024-07-25,215.43638610839844,411.15228271484375,111.9699478149414
2024-07-26,215.9019775390625,417.9032897949219,112.747802734375
2024-07-29,216.1793212890625,419.33795166015625,111.28185272216797
2024-07-30,216.73402404785156,415.5939636230469,103.44356536865234
2024-07-31,219.98304748535156,411.1031494140625,116.69685363769531
2024-08-01,216.29815673828125,409.8846130371094,108.90843200683594
2024-08-02,217.7840118408203,401.41387939453125,106.9737777709961
2024-08-05,207.2939910888672,388.3050231933594,100.17262268066406
2024-08-06,205.2732696533203,392.6877136230469,103.96212005615234
2024-08-07,207.8388214111328,391.52813720703125,98.63688659667969
2024-08-08,211.2958526611328,395.71441650390625,104.68013763427734
2024-08-09,214.1981964111328,398.9867248535156,104.46076202392578
2024-08-12,215.72540283203125,399.76300048828125,108.71894836425781
2024-08-13,219.43438720703125,406.83837890625,115.81929779052734
2024-08-14,219.88064575195312,409.638916015625,117.75393676757812
2024-08-15,222.8557586669922,414.482421875,122.52074432373047
2024-08-16,224.1747283935547,411.96221923828125,124.23600006103516
2024-08-19,224.01605224609375,414.974609375,129.64100646972656
2024-08-20,224.6309051513672,418.1938171386719,126.89862060546875
2024-08-21,224.52183532714844,417.5440979003906,128.1451416015625
2024-08-22,222.66734313964844,409.08758544921875,123.39830780029297
2024-08-23,224.9581756591797,410.3083801269531,129.01275634765625
2024-08-26,225.29534912109375,407.0596923828125,126.11078643798828
2024-08-27,226.13829040527344,407.404296875,127.9457015991211
2024-08-28,224.61109924316406,404.21466064453125,125.26315307617188
2024-08-29,227.88372802734375,406.6954345703125,117.2652816772461
2024-08-30,227.1002655029297,410.65289306640625,119.0403823852539
2024-09-03,220.9219512939453,403.0726623535156,107.70176696777344
2024-09-04,219.0178680419922,402.5410461425781,105.91670989990234
2024-09-05,220.53518676757812,402.0390319824219,106.91395568847656
2024-09-06,218.98812866210938,395.45306396484375,102.5460433959961
2024-09-09,219.07737731933594,399.4105224609375,106.17598724365234
2024-09-10,218.2840118408203,407.7586364746094,107.8014907836914
2024-09-11,220.81285095214844,416.461181640625,116.58717346191406
2024-09-12,220.9219512939453,420.3595886230469,118.82117462158203
2024-09-13,220.65419006347656,423.8937683105469,118.7812728881836
2024-09-16,214.52545166015625,424.632080078125,116.46748352050781
2024-09-17,214.99154663085938,428.3828430175781,115.28067016601562
2024-09-18,218.85922241210938,424.1103210449219,113.06661987304688
2024-09-19,226.97134399414062,431.8678283691406,117.5545654296875
2024-09-20,226.306884765625,428.5009765625,115.68956756591797
2024-09-23,224.5912628173828,426.76837158203125,115.94888305664062
2024-09-24,225.48379516601562,422.495849609375,120.54654693603516
2024-09-25,224.4920654296875,425.39013671875,123.17948913574219
2024-09-26,225.632568359375,424.6025390625,123.70806121826172
2024-09-27,225.90028381347656,421.36370849609375,121.07511901855469
2024-09-30,231.06707763671875,423.60821533203125,121.11502838134766
2024-10-01,224.3334197998047,414.1476745605469,116.68689727783203
2024-10-02,224.898681640625,410.64312744140625,118.53195190429688
2024-10-03,223.7978973388672,410.062255859375,122.52124786376953
2024-10-04,224.91851806640625,409.5897216796875,124.58570861816406
2024-10-07,219.85092163085938,403.171142578125,127.37821960449219
2024-10-08,223.8970489501953,408.2607116699219,132.5343780517578
2024-10-09,227.6357879638672,410.96795654296875,132.29501342773438
2024-10-10,227.13992309570312,409.3731384277344,134.44923400878906
2024-10-11,225.6623077392578,409.845703125,134.43927001953125
2024-10-14,229.38119506835938,412.621826171875,137.70054626464844
2024-10-15,231.9100341796875,412.22802734375,131.24783325195312
2024-10-16,229.857177734375,409.6488342285156,135.35679626464844
2024-10-17,230.22412109375,410.239501953125,136.56356811523438
2024-10-18,233.0504913330078,411.6570129394531,137.6306915283203
2024-10-21,234.51820373535156,412.2674255371094,143.32542419433594
2024-10-22,233.90333557128906,420.8616638183594,143.20574951171875
2024-10-23,228.84564208984375,417.9969787597656,139.18653869628906
2024-10-24,228.6572265625,418.1249084472656,140.0342559814453
2024-10-25,229.4902801513672,421.49169921875,141.16122436523438
2024-10-28,231.4637451171875,419.95599365234375,140.14395141601562
2024-10-29,231.7315216064453,425.2326354980469,140.8719940185547
2024-10-30,228.19114685058594,425.8035888671875,138.96710205078125
2024-10-31,224.03590393066406,400.0307312011719,132.4047393798828
2024-11-01,221.060791015625,403.9881896972656,135.03765869140625
2024-11-04,220.1682586669922,402.1078796386719,135.68594360351562
2024-11-05,221.59629821777344,405.06121826171875,139.53558349609375
2024-11-06,220.87234497070312,413.6456298828125,145.2203369140625
2024-11-07,225.59286499023438,418.8139953613281,148.48159790039062
2024-11-08,225.32481384277344,415.9689636230469,147.2349395751953
2024-11-11,222.61447143554688,411.5093994140625,144.87127685546875
2024-11-12,222.61447143554688,416.4513244628906,147.89312744140625
2024-11-13,223.49807739257812,418.5876159667969,145.87857055664062
2024-11-14,226.57574462890625,420.2513427734375,146.36724853515625
2024-11-15,223.37893676757812,408.5462341308594,141.6000518798828
2024-11-18,226.377197265625,409.2944030761719,139.77491760253906
2024-11-19,226.6352996826172,411.2928466796875,146.6165771484375
2024-11-20,227.35011291503906,409.028564453125,145.49957275390625
2024-11-21,226.87359619140625,407.2629089355469,146.2775115966797
2024-11-22,228.21383666992188,411.3367919921875,141.5701446533203
2024-11-25,231.19223022460938,413.1025085449219,135.656005859375
2024-11-26,233.36647033691406,422.17755126953125,136.55360412597656
2024-11-27,233.2373809814453,417.2454528808594,134.97781372070312
2024-11-29,235.62008666992188,417.7090759277344,137.88003540039062
2024-12-02,237.8638153076172,425.12701416015625,138.25901794433594
2024-12-03,240.9017791748047,425.343994140625,139.88465881347656
2024-12-04,241.25917053222656,431.4794921875,144.75160217285156
2024-12-05,241.28895568847656,436.6088562011719,144.68177795410156
2024-12-06,241.09039306640625,437.5459289550781,142.06861877441406
2024-12-09,244.9722442626953,439.962646484375,138.44805908203125
2024-12-10,245.9849090576172,437.3092346191406,134.71783447265625
2024-12-11,244.714111328125,442.89239501953125,138.94676208496094
2024-12-12,246.1735076904297,443.4546203613281,136.98191833496094
2024-12-13,246.34228515625,441.1956787109375,133.89996337890625
2024-12-16,249.23130798339844,445.4570617675781,131.65582275390625
2024-12-17,251.6537322998047,448.28802490234375,130.050048828125
2024-12-18,246.26287841796875,431.44989013671875,128.57388305664062
2024-12-19,247.99029541015625,431.0948181152344,130.33924865722656
2024-12-20,252.65647888183594,430.67059326171875,134.34878540039062
2024-12-23,253.43084716796875,429.33892822265625,139.30581665039062
2024-12-24,256.3397216796875,433.3635559082031,139.85440063476562
2024-12-26,257.15380859375,432.1601257324219,139.56515502929688
2024-12-27,253.74856567382812,424.6830749511719,136.6527557373047
2024-12-30,250.38296508789062,419.06048583984375,137.13153076171875
2024-12-31,248.61578369140625,415.7756652832031,133.9398651123047
2025-01-02,242.09315490722656,412.89532470703125,137.94937133789062
2025-01-03,241.60665893554688,417.6005554199219,144.0933380126953
2025-01-06,243.23486328125,422.03948974609375,149.04037475585938
2025-01-07,240.46495056152344,416.6338806152344,139.7745819091797
2025-01-08,240.951416015625,418.7941589355469,139.74468994140625
2025-01-10,235.14356994628906,413.2603454589844,135.55564880371094
2025-01-13,232.71119689941406,411.52423095703125,132.88262939453125
2025-01-14,231.59927368164062,410.0248718261719,131.41644287109375
2025-01-15,236.15621948242188,420.5203552246094,135.88479614257812
2025-01-16,226.6154327392578,418.8138427734375,133.22174072265625
2025-01-17,228.32305908203125,423.2033996582031,137.35093688964844
2025-01-21,221.0359344482422,422.6806335449219,140.4628143310547
2025-01-22,222.21737670898438,440.1402587890625,146.6865692138672
2025-01-23,222.04859924316406,440.6432800292969,146.83615112304688
2025-01-24,221.17494201660156,438.029296875,142.2481231689453
2025-01-27,228.20391845703125,428.6582946777344,118.11123657226562
2025-01-28,236.54339599609375,441.12664794921875,128.6536865234375
2025-01-29,237.63546752929688,436.32275390625,123.3774642944336
2025-01-30,235.87820434570312,409.3540954589844,124.32499694824219
2025-01-31,234.29966735839844,409.42315673828125,119.7569351196289
2025-02-03,226.36724853515625,405.33935546875,116.35582733154297
2025-02-04,231.12274169921875,406.7696533203125,118.34062957763672
2025-02-05,230.7951202392578,407.67718505859375,124.50453186035156
2025-02-06,231.53973388671875,410.1728210449219,128.344482421875
2025-02-07,225.99000549316406,404.1852722167969,129.50144958496094
2025-02-10,226.25833129882812,406.6217041015625,133.22174072265625
2025-02-11,231.19793701171875,405.8523254394531,132.45375061035156
2025-02-12,235.42196655273438,403.4848937988281,130.79806518554688
2025-02-13,240.05348205566406,404.9645690917969,134.93724060058594
2025-02-14,243.10472106933594,402.8831787109375,138.48797607421875
2025-02-18,242.97552490234375,404.0767822265625,139.0365447998047
2025-02-19,243.37306213378906,409.1370849609375,138.86697387695312
2025-02-20,244.32717895507812,411.30169677734375,139.74468994140625
2025-02-21,244.0489044189453,403.47357177734375,134.07949829101562
2025-02-24,245.58944702148438,399.3124084472656,129.94032287597656
2025-02-25,245.52980041503906,393.283203125,126.2998275756836
2025-02-26,238.89064025878906,395.0919494628906,130.93772888183594
2025-02-27,235.84933471679688,387.97552490234375,119.83672332763672
2025-02-28,240.361572265625,392.38372802734375,124.59429168701172
2025-03-03,236.5748748779297,383.9823913574219,113.76260375976562
2025-03-04,234.48770141601562,384.1009826660156,115.68757629394531
2025-03-05,234.2988739013672,396.36700439453125,116.99415588378906
2025-03-06,233.89138793945312,392.2849426269531,110.2817153930664
2025-03-07,237.60853576660156,388.7464599609375,112.39617919921875
2025-03-10,226.08937072753906,375.7490539550781,106.70106506347656
2025-03-11,219.48995971679688,376.03570556640625,108.4764175415039
2025-03-12,215.65357971191406,378.82293701171875,115.44884490966797
2025-03-13,208.398193359375,374.37518310546875,115.28925323486328
2025-03-14,212.1848907470703,384.0516052246094,121.36392974853516
2025-03-17,212.69180297851562,384.1899719238281,119.22930908203125
2025-03-18,211.38980102539062,379.0700378417969,115.1396255493164
2025-03-19,213.92420959472656,383.3201599121094,117.22435760498047
2025-03-20,212.7911834716797,382.3515625,118.23181915283203
2025-03-21,216.93568420410156,386.72027587890625,117.4039077758789
2025-03-24,219.38064575195312,388.51910400390625,121.1045913696289
2025-03-25,222.3822021484375,390.57501220703125,120.38639068603516
2025-03-26,220.1757354736328,385.4452209472656,113.47382354736328
2025-03-27,222.4815673828125,386.048095703125,111.1496810913086
2025-03-28,216.5679168701172,374.40478515625,109.39411163330078
2025-03-31,220.77207946777344,371.034423828125,108.10735321044922
2025-04-01,221.8256072998047,377.7554626464844,109.87290954589844
2025-04-02,222.52133178710938,377.7060852050781,110.14222717285156
2025-04-03,201.9478759765625,368.78082275390625,101.54390716552734
2025-04-04,187.22840881347656,355.664794921875,94.07276916503906
2025-04-07,180.3507080078125,353.7077941894531,97.39437103271484
2025-04-08,171.36598205566406,350.44610595703125,96.05775451660156
2025-04-09,197.6343994140625,385.959228515625,114.04239654541016
2025-04-10,189.25592041015625,376.9252014160156,107.29940032958984
2025-04-11,196.93869018554688,383.94287109375,110.65094757080078
2025-04-14,201.28195190429688,383.3102722167969,110.4314956665039
2025-04-15,200.904296875,381.2544250488281,111.9177474975586
2025-04-16,193.0823974609375,367.2982177734375,104.22714233398438
2025-04-17,195.77581787109375,363.5126647949219,101.23468780517578
2025-04-21,191.97915649414062,354.9531555175781,96.66622161865234
2025-04-22,198.5189666748047,362.5638732910156,98.6412353515625
2025-04-23,203.3492431640625,370.0460205078125,102.45161437988281
2025-04-24,207.09620666503906,382.80615234375,106.1622543334961
2025-04-25,208.00062561035156,387.30340576171875,110.73074340820312
2025-04-28,208.8553924560547,386.6214294433594,108.45648193359375
2025-04-29,209.91883850097656,389.4680480957031,108.74574279785156
2025-04-30,211.20095825195312,390.6737976074219,108.64599609375
2025-05-01,212.0159454345703,420.4640808105469,111.32923126220703
2025-05-02,204.09466552734375,430.2294921875,114.21196746826172
2025-05-05,197.6741485595703,431.10919189453125,113.53367614746094
2025-05-06,197.29649353027344,428.2823181152344,113.25438690185547
2025-05-07,195.05029296875,428.3218688964844,116.7655258178711
2025-05-08,196.28271484375,433.0859680175781,117.07474517822266
2025-05-09,197.31634521484375,433.6394958496094,116.35655975341797
2025-05-12,209.776123046875,444.0472717285156,122.69058990478516
2025-05-13,211.9058380126953,443.9287109375,129.6031494140625
2025-05-14,211.30874633789062,447.6846008300781,134.99952697753906
2025-05-15,210.43296813964844,448.6946105957031,134.49081420898438
2025-05-16,210.24388122558594,449.8234558105469,135.0594024658203
2025-05-19,207.7758026123047,454.37841796875,135.2289581298828
2025-05-20,205.8650360107422,453.68524169921875,134.0419464111328
2025-05-21,201.1179962158203,448.14007568359375,131.46844482421875
2025-05-22,200.39149475097656,450.40765380859375,132.49586486816406
2025-05-23,194.33078002929688,445.77349853515625,130.95973205566406
2025-05-27,199.2470245361328,456.18060302734375,135.1591339111328
2025-05-28,199.4560089111328,452.8832092285156,134.47088623046875
2025-05-29,198.98828125,454.19024658203125,138.83985900878906
2025-05-30,199.8839569091797,455.85382080078125,134.79006958007812
2025-06-02,200.7298583984375,457.4480895996094,137.034423828125
2025-06-03,202.2923126220703,458.43829345703125,140.86471557617188
2025-06-04,201.84445190429688,459.3294372558594,141.56298828125
2025-06-05,199.66500854492188,463.1021423339844,139.63784790039062
2025-06-06,202.93917846679688,465.7757568359375,141.36351013183594
2025-06-09,200.48106384277344,468.12255859375,142.2711944580078
2025-06-10,201.6951904296875,466.3104553222656,143.59786987304688
2025-06-11,197.8238983154297,467.99383544921875,142.4805908203125
2025-06-12,198.24188232421875,474.1826477050781,144.64527893066406
2025-06-13,195.50511169433594,470.3109130859375,141.62271118164062
2025-06-16,197.46563720703125,474.45001220703125,144.33604431152344
2025-06-17,194.69898986816406,473.3608093261719,143.76744079589844
2025-06-18,195.6344757080078,475.53924560546875,145.12411499023438
2025-06-20,200.03323364257812,472.72705078125,143.49810791015625
2025-06-23,200.53082275390625,481.24285888671875,143.8173370361328
2025-06-24,199.3365936279297,485.3125915527344,147.53819274902344
2025-06-25,200.59051513671875,487.45147705078125,153.93251037597656
2025-06-26,200.03323364257812,492.58074951171875,154.64077758789062
2025-06-27,200.11285400390625,491.0855712890625,157.3640899658203
2025-06-30,204.18316650390625,492.54119873046875,157.603515625
2025-07-01,206.82041931152344,487.2336120605469,152.92498779296875
2025-07-02,211.41819763183594,486.28302001953125,156.8653106689453
2025-07-03,212.52285766601562,493.9571838378906,158.9501953125
2025-07-07,208.94015502929688,492.84814453125,157.8529052734375
2025-07-08,208.99989318847656,491.7589111328125,159.60858154296875
2025-07-09,210.12445068359375,498.5814514160156,162.48155212402344
2025-07-10,211.3883514404297,496.57135009765625,163.6985626220703
2025-07-11,210.14434814453125,498.393310546875,164.5165557861328
2025-07-14,207.61656188964844,498.09625244140625,163.6686248779297
2025-07-15,208.10423278808594,500.86883544921875,170.28240966796875
2025-07-16,209.149169921875,500.6708068847656,170.9507598876953
2025-07-17,209.00982666015625,506.6913146972656,172.57679748535156
2025-07-18,210.16424560546875,505.0574035644531,171.9882354736328
2025-07-21,211.4580078125,505.0673522949219,170.9607391357422
2025-07-22,213.36875915527344,500.32421875,166.6213836669922
2025-07-23,213.11997985839844,500.91839599609375,170.36221313476562
2025-07-24,212.73184204101562,505.87933349609375,173.3149871826172
2025-07-25,212.8512725830078,508.68170166015625,173.0755615234375
2025-07-28,213.02047729492188,507.48345947265625,176.31761169433594
2025-07-29,210.2538299560547,507.5527648925781,175.0806427001953
2025-07-30,208.04449462890625,508.2162170410156,178.83145141601562
2025-07-31,206.57162475585938,528.2779541015625,177.43487548828125
2025-08-01,201.40658569335938,518.979736328125,173.29502868652344
2025-08-04,202.37193298339844,530.39697265625,179.5596466064453
2025-08-05,201.94398498535156,522.584228515625,177.8238983154297
2025-08-06,212.22430419921875,519.8017578125,178.9810791015625
2025-08-07,218.9716796875,515.7418823242188,180.32778930664062
2025-08-08,228.24685668945312,516.9300537109375,182.25303649902344
2025-08-11,226.34388732910156,516.6627807617188,181.6146240234375
2025-08-12,228.80479431152344,524.0595703125,182.71194458007812
2025-08-13,232.47125244140625,515.4844360351562,181.14576721191406
2025-08-14,231.9232635498047,517.3657836914062,181.57472229003906
2025-08-15,230.73764038085938,515.0783081054688,180.008544921875
2025-08-18,230.0402374267578,512.0383911132812,181.5647430419922
2025-08-19,229.71144104003906,504.7801818847656,175.2103271484375
2025-08-20,225.17819213867188,500.7698669433594,174.9709014892578
2025-08-21,224.07228088378906,500.1251525878906,174.55194091796875
2025-08-22,226.9217529296875,503.0907287597656,177.55458068847656
2025-08-25,226.32395935058594,500.14495849609375,179.37013244628906
2025-08-26,228.46604919433594,497.9430847167969,181.32533264160156
2025-08-27,229.64170837402344,502.6047058105469,181.15574645996094
2025-08-28,231.7041015625,505.4810485839844,179.72923278808594
2025-08-29,231.28562927246094,502.55511474609375,173.75389099121094
2025-09-02,228.8745574951172,500.9979553222656,170.36221313476562
2025-09-03,237.59234619140625,501.2261047363281,170.2025909423828
2025-09-04,238.8975067138672,503.8246765136719,171.2400665283203
2025-09-05,238.80783081054688,490.9605407714844,166.6114044189453
2025-09-08,237.00450134277344,494.1344299316406,167.89825439453125
2025-09-09,233.4875030517578,494.3426818847656,170.34225463867188
2025-09-10,225.955322265625,496.2867431640625,176.89620971679688
2025-09-11,229.1833953857422,496.9215087890625,176.7465362548828
2025-09-12,233.2085418701172,505.73895263671875,177.39501953125
2025-09-15,235.82884216308594,511.1544189453125,177.32516479492188
2025-09-16,237.2735137939453,504.885986328125,174.4620361328125
2025-09-17,238.11044311523438,505.8579406738281,169.88296508789062
2025-09-18,237.00450134277344,504.30078125,175.8187713623047
2025-09-19,244.59646606445312,513.7034301757812,176.24774169921875
2025-09-22,255.13751220703125,510.2518615722656,183.17115783691406
2025-09-23,253.49359130859375,505.07440185546875,178.0035400390625
2025-09-24,251.38140869140625,505.9869079589844,176.54702758789062
2025-09-25,255.9246063232422,502.8923645019531,177.26528930664062
2025-09-26,254.51980590820312,507.2861633300781,177.7641143798828
2025-09-29,253.49359130859375,510.4005126953125,181.4153594970703
2025-09-30,253.69287109375,513.7232666015625,186.13406372070312
2025-10-01,254.5098419189453,515.4688720703125,186.79249572753906
2025-10-02,256.18365478515625,511.53125,188.4385528564453
2025-10-03,257.07037353515625,513.1281127929688,187.17156982421875
2025-10-06,255.74526977539062,524.256591796875,185.09652709960938
2025-10-07,255.53607177734375,519.7039794921875,184.5977325439453
2025-10-08,257.1102600097656,520.56689453125,188.65802001953125
2025-10-09,253.10501098632812,518.136962890625,192.10975646972656
2025-10-10,244.3673095703125,506.790283203125,182.7222442626953
2025-10-13,246.74851989746094,509.8550720214844,187.8699188232422
2025-10-14,246.8581085205078,509.3790283203125,179.59971618652344
2025-10-15,248.42233276367188,509.2401123046875,179.4001922607422
2025-10-16,246.53929138183594,507.4349670410156,181.3754425048828
2025-10-17,251.36146545410156,509.3889465332031,182.78208923339844
2025-10-20,261.27484130859375,512.5726928710938,182.20347595214844
2025-10-21,261.8028564453125,513.4356079101562,180.72702026367188
2025-10-22,257.4988098144531,516.2921142578125,179.84910583496094
2025-10-23,258.6246032714844,516.3118896484375,181.72462463378906
2025-10-24,261.8527526855469,519.3369750976562,185.81480407714844
2025-10-27,267.8206787109375,527.1824951171875,191.03231811523438
2025-10-28,268.0099792480469,537.6464233398438,200.54953002929688
2025-10-29,268.7073974609375,537.130615234375,206.54513549804688
2025-10-30,270.401123046875,521.469482421875,202.4050750732422
2025-10-31,269.37493896484375,513.5844116210938,202.00604248046875
2025-11-03,268.05975341796875,512.810791015625,206.3855438232422
2025-11-04,269.0461730957031,510.13275146484375,198.21511840820312
2025-11-05,269.14581298828125,503.02130126953125,194.74343872070312
2025-11-06,268.7771301269531,493.0434265136719,187.63047790527344
2025-11-07,267.48193359375,492.76568603515625,187.70028686523438
2025-11-10,268.6986083984375,501.8707580566406,198.57427978515625
2025-11-11,274.5028076171875,504.5289001464844,192.69833374023438
2025-11-12,272.7276611328125,506.9688415527344,193.33680725097656
2025-11-13,272.2090759277344,499.1828918457031,186.4134063720703
2025-11-14,271.6705017089844,506.0166320800781,189.71546936035156
2025-11-17,266.73394775390625,503.34857177734375,186.15402221679688
2025-11-18,266.7140197753906,489.76043701171875,180.92652893066406
2025-11-19,267.8309631347656,483.14483642578125,186.07420349121094
2025-11-20,265.5272521972656,475.41387939453125,180.20826721191406
2025-11-21,270.75299072265625,469.1436462402344,178.4524688720703
2025-11-24,275.1709899902344,471.0118103027344,182.1136932373047
2025-11-25,276.2181701660156,473.9829406738281,177.39501953125
2025-11-26,276.79656982421875,482.4393310546875,179.82916259765625
2025-11-28,278.0930480957031,488.9082946777344,176.57696533203125
2025-12-01,282.3315124511719,483.6715087890625,179.48995971679688
2025-12-02,285.4131164550781,486.91094970703125,181.02630615234375
2025-12-03,283.378662109375,474.71832275390625,179.16078186035156
2025-12-04,279.9380187988281,477.8087158203125,182.95188903808594
2025-12-05,278.0232238769531,480.11407470703125,181.98414611816406
2025-12-08,277.1356506347656,487.92449951171875,185.1168212890625
2025-12-09,276.42755126953125,488.918212890625,184.53817749023438
2025-12-10,278.0232238769531,475.5430603027344,183.35096740722656
2025-12-11,277.2752685546875,480.422119140625,180.5076141357422
2025-12-12,277.52459716796875,475.51324462890625,174.61141967773438
2025-12-15,273.3658752441406,471.8266296386719,175.87843322753906
2025-12-16,273.8645324707031,473.38677978515625,177.3050994873047
2025-12-17,271.10205078125,473.1184387207031,170.5409393310547
2025-12-18,271.4511413574219,480.9289245605469,173.73345947265625
2025-12-19,272.9271240234375,482.8566589355469,180.56747436523438
2025-12-22,270.23443603515625,481.8630065917969,183.26116943359375
2025-12-23,271.62066650390625,483.7807922363281,188.76828002929688
2025-12-24,273.06671142578125,484.9433898925781,188.169677734375
2025-12-26,272.6578369140625,484.6353454589844,190.085205078125
2025-12-29,273.0168762207031,484.02923583984375,187.7805938720703
2025-12-30,272.3387145996094,484.4068603515625,187.1021728515625
2025-12-31,271.12200927734375,480.5711669921875,186.06460571289062
2026-01-02,270.2743225097656,469.95849609375,188.4091339111328
2026-01-05,266.5345153808594,469.86907958984375,187.68081665039062
2026-01-06,261.6477966308594,475.493408203125,186.80288696289062
2026-01-07,259.623291015625,480.422119140625,188.66851806640625
2026-01-08,258.3368225097656,475.09588623046875,184.60801696777344
2026-01-09,258.6659240722656,476.2585144042969,184.42843627929688
2026-01-12,259.5435485839844,474.1717529296875,184.5082550048828
2026-01-13,260.34136962890625,467.70281982421875,185.37620544433594
2026-01-14,259.2543029785156,456.4839782714844,182.7124481201172
2026-01-15,257.5090637207031,453.7811279296875,186.6133270263672
2026-01-16,254.8363494873047,456.9609069824219,185.7952423095703
2026-01-20,246.0303192138672,451.6546325683594,177.654296875
2026-01-21,246.9777374267578,441.31024169921875,182.8920440673828
2026-01-22,247.67584228515625,448.2959289550781,184.40847778320312
2026-01-23,247.36666870117188,463.0125732421875,187.23187255859375
2026-01-26,254.7166748046875,467.3152770996094,186.03468322753906
2026-01-27,257.5688781738281,477.55029296875,188.07989501953125
2026-01-28,255.743896484375,478.5937194824219,191.07289123535156
2026-01-29,257.5788879394531,430.7671203613281,192.06057739257812
2026-01-30,258.775634765625,427.577392578125,190.68380737304688
2026-02-02,269.2770690917969,420.70098876953125,185.1766815185547
2026-02-03,268.7485046386719,408.6176452636719,179.9189910888672
2026-02-04,275.7394104003906,411.578857421875,173.78335571289062
2026-02-05,275.1610412597656,391.188232421875,171.47874450683594
2026-02-06,277.364990234375,398.61114501953125,184.97715759277344
2026-02-09,274.13079833984375,410.99261474609375,189.59632873535156
2026-02-10,273.19244384765625,410.6646728515625,188.09983825683594
2026-02-11,275.00921630859375,401.8207702636719,189.6063232421875
2026-02-12,261.2637939453125,399.30670166015625,186.5035858154297
2026-02-13,255.32435607910156,398.7900085449219,182.38320922851562
2026-02-17,263.4099426269531,394.35809326171875,184.53817749023438
2026-02-18,263.8791198730469,397.08087158203125,187.5411376953125
2026-02-19,260.11578369140625,396.8517761230469,187.46133422851562
2026-02-20,264.1086730957031,395.6267395019531,189.37686157226562
2026-02-23,265.705810546875,382.918212890625,191.10281372070312
2026-02-24,271.6552429199219,387.4299621582031,192.39979553222656
2026-02-25,273.74151611328125,398.9831237792969,195.10345458984375
2026-02-26,272.4637756347656,400.0986022949219,184.4583740234375
2026-02-27,263.7093811035156,391.15484619140625,176.77635192871094
2026-03-02,264.2484130859375,396.9413757324219,182.05398559570312
2026-03-03,263.2801818847656,402.2996826171875,179.62966918945312
2026-03-04,262.0523376464844,403.5645751953125,182.6126708984375
2026-03-05,259.8263244628906,409.0224304199219,182.91197204589844
2026-03-06,257.0013427734375,407.30938720703125,177.40489196777344
2026-03-09,259.41705322265625,407.757568359375,182.22360229492188
2026-03-10,260.3653564453125,404.122314453125,184.33865356445312
2026-03-11,260.3453674316406,403.245849609375,185.60574340820312
2026-03-12,255.30438232421875,400.238037109375,182.7223358154297
2026-03-13,249.6744384765625,393.9534912109375,179.8389434814453
2026-03-16,252.36964416503906,398.33575439453125,182.80215454101562
2026-03-17,253.77711486816406,397.79791259765625,181.51510620117188
2026-03-18,249.49476623535156,390.2087097167969,179.98858642578125
2026-03-19,248.5165252685547,387.4498596191406,178.15277099609375
2026-03-20,247.54823303222656,380.3287353515625,172.30615234375
2026-03-23,251.04200744628906,381.4541931152344,175.23944091796875
2026-03-24,251.1917266845703,371.2355651855469,174.80044555664062
2026-03-25,252.16998291015625,369.5424499511719,178.2725067138672
2026-03-26,252.43951416015625,364.492919921875,170.8494873046875
2026-03-27,248.35679626464844,355.33001708984375,167.13796997070312
2026-03-30,246.19065856933594,357.51116943359375,164.79331970214844
2026-03-31,253.337890625,368.67596435546875,174.00225830078125
2026-04-01,255.17462158203125,367.8791809082031,175.34918212890625
2026-04-02,255.464111328125,371.9526672363281,176.98545837402344
2026-04-06,258.3988342285156,371.375,177.23487854003906
2026-04-07,253.0484161376953,370.78741455078125,177.69383239746094
2026-04-08,258.43878173828125,372.81915283203125,181.66476440429688
2026-04-09,260.02593994140625,371.56427001953125,183.4906005859375
2026-04-10,260.0159912109375,369.3731384277344,188.1998291015625
2026-04-13,258.73828125,382.8186340332031,188.87826538085938
2026-04-14,258.368896484375,391.5233459472656,196.0618438720703
2026-04-15,265.95538330078125,409.5602722167969,198.41647338867188
2026-04-16,262.9307556152344,418.56378173828125,197.8976593017578
2026-04-17,269.7486267089844,421.0835876464844,201.2200469970703
2026-04-20,272.5635681152344,416.38262939453125,201.59918212890625
2026-04-21,265.69586181640625,422.44805908203125,199.42417907714844
2026-04-22,272.68341064453125,431.1726989746094,202.03819274902344
2026-04-23,272.9429016113281,414.07196044921875,199.18470764160156
2026-04-24,270.5771179199219,422.90618896484375,207.79502868652344
2026-04-27,267.1332702636719,423.1053771972656,216.1160125732422
2026-04-28,270.2277526855469,427.5174865722656,212.68385314941406
2026-04-29,269.688720703125,422.7467956542969,208.77279663085938
2026-04-30,270.86663818359375,406.1341552734375,199.1148681640625
2026-05-01,279.6409606933594,412.76727294921875,197.9974365234375
2026-05-04,276.33685302734375,411.9505615234375,198.02734375
2026-05-05,283.67376708984375,409.7196350097656,196.05186462402344
2026-05-06,286.9978332519531,412.2891845703125,207.3560333251953
2026-05-07,286.9279479980469,419.07171630859375,211.01766967773438
2026-05-08,292.7974853515625,413.44451904296875,214.709228515625
2026-05-11,292.42779541015625,410.99444580078125,218.93955993652344
2026-05-12,294.54595947265625,406.1241760253906,220.27650451660156
2026-05-13,298.6124572753906,403.57452392578125,225.3149871826172
2026-05-14,297.9530334472656,407.7774963378906,235.202392578125
2026-05-15,299.9713134765625,420.2170715332031,224.80615234375
2026-05-18,297.5833435058594,421.83056640625,221.81300354003906
2026-05-19,298.7123718261719,415.7352600097656,220.1068878173828
2026-05-20,301.98956298828125,419.36053466796875,222.9603729248047
2026-05-21,304.7271728515625,418.3025207519531,219.0093994140625
2026-05-22,308.55389404296875,417.7835388183594,214.83892822265625
2026-05-26,308.0643005371094,415.248291015625,214.37001037597656
2026-05-27,310.5821533203125,411.8946228027344,212.1151580810547
2026-05-28,312.24072265625,426.18768310546875,213.7613983154297
2026-05-29,311.7911071777344,449.3940124511719,210.6584930419922
2026-06-01,306.0460510253906,459.6546936035156,223.8483428955078
2026-06-02,314.92840576171875,440.48077392578125,222.3118438720703
2026-06-03,309.9926452636719,426.53704833984375,214.26025390625
2026-06-04,310.9618225097656,427.2456970214844,218.4156036376953
2026-06-05,307.0751647949219,415.8870849609375,204.87075805664062
2026-06-08,301.2801818847656,410.9663391113281,208.40679931640625
2026-06-09,290.29962158203125,402.6520080566406,207.95730590820312
2026-06-10,291.3287353515625,396.61334228515625,200.19598388671875
2026-06-11,295.375244140625,389.6065673828125,204.64100646972656
2026-06-12,290.879150390625,390.00579833984375,204.96066284179688
2026-06-15,296.1645812988281,399.0088806152344,212.21253967285156
2026-06-16,298.9821472167969,393.0899963378906,207.1781768798828
2026-06-17,295.6949768066406,378.1980285644531,204.42124938964844
2026-06-18,297.7532043457031,378.6871032714844,210.4545135498047
2026-06-22,296.75408935546875,366.6497802734375,208.41677856445312
2026-06-23,294.04638671875,373.23736572265625,199.81640625
2026-06-24,292.8274230957031,364.7733154296875,198.77757263183594
2026-06-25,274.91290283203125,352.1670227050781,195.52122497558594
2026-06-26,283.53546142578125,372.2691955566406,192.31480407714844
2026-06-29,281.4972229003906,367.8774719238281,194.7520751953125
2026-06-30,289.11065673828125,372.319091796875,199.86634826660156
2026-07-01,294.1263427734375,383.5579528808594,197.35916137695312
2026-07-02,308.3640441894531,389.7562561035156,194.61224365234375
2026-07-06,312.3905944824219,386.0133056640625,195.33143615722656
2026-07-07,310.3923034667969,388.109375,196.7098846435547
2026-07-08,313.1199645996094,382.6197204589844,203.891845703125
2026-07-09,315.947509765625,383.6377868652344,202.5533447265625
2026-07-10,315.0483093261719,384.37640380859375,210.72421264648438
2026-07-13,317.03656005859375,390.2553405761719,203.30250549316406
2026-07-14,314.58868408203125,384.20672607421875,211.5632781982422
2026-07-15,327.2178039550781,394.8866271972656,212.26248168945312
2026-07-16,332.97283935546875,400.3463439941406,207.16818237304688
2026-07-17,333.452392578125,393.08001708984375,202.58331298828125
2026-07-20,326.3085632324219,401.53411865234375,203.05279541015625
2026-07-21,327.45758056640625,397.00262451171875,207.0583038330078
2026-07-22,325.60919189453125,389.6065673828125,211.82298278808594
2026-07-23,321.3828430175781,380.8630065917969,208.5266571044922
2026-07-24,332.7330322265625,380.9828186035156,206.6088104248047
2026-07-27,336.61968994140625,388.368896484375,196.2903594970703
2026-07-28,339.78692626953125,392.61090087890625,196.789794921875
2026-07-29,337.8985900878906,389.8061828613281,189.79762268066406
2026-07-30,333.1426696777344,450.2524108886719,194.82199096679688
2026-07-31,308.6438293457031,463.8468017578125,200.52561950683594
2026-08-03,303.1585693359375,486.73370361328125,206.40904235839844
2026-08-04,309.1134033203125,491.884033203125,211.70310974121094
2026-08-05,310.7320251464844,486.5440673828125,218.9749755859375
2026-08-06,312.14080810546875,498.9207458496094,218.7452392578125
2026-08-07,313.05999755859375,499.0505065917969,223.70968627929688
2026-08-10,308.260009765625,505.109130859375,217.3068389892578
2026-08-11,304.9100036621094,502.86334228515625,217.25689697265625
